diced_tomatoes_can_full_1,0.093939,-9.93049,3.88687,-2.61936,-1.29197,-0.0691176,0.09676,-9.8846,3.80536,-2.55529,-1.23752,-0.0470029,0.0928657,-10.0877,3.63865,-2.43289,-1.08009,-0.0118356,0.0748134,-10.5733,3.44559,-2.26053,-0.847879,-0.0244025,0.0701061,-10.8529,3.17331,-2.17113,-0.710184,-0.0245875,0.0772556,-10.9354,2.89307,-1.95254,-0.452729,-0.0194014,0.0601461,-10.9675,2.63422,-1.84824,-0.285973,-0.0166135,0.0615764,-10.8563,2.37518,-1.66918,-0.11992,-0.0587027,0.0746548,-10.8271,2.14079,-1.5586,-0.0129243,-0.0332775,0.106665,-10.6504,1.76364,-1.40849,0.156614,-0.0402884
diced_tomatoes_can_full_2,-0.00647247,-10.107,3.84681,-2.52689,-1.2239,-0.103611,-0.0474795,-10.0519,3.6852,-2.42601,-1.19648,-0.0378442,-0.0107931,-10.431,3.6261,-2.32526,-1.06395,-0.0494499,0.0233005,-10.6792,3.32257,-2.17269,-0.801007,-0.0558001,-0.0757844,-10.8217,3.10441,-2.04646,-0.630425,-0.045474,-0.0264466,-10.8323,2.8255,-1.88134,-0.412174,-0.0724735,-0.0248133,-10.9096,2.57282,-1.71086,-0.262511,-0.0998991,-0.0953989,-10.7627,2.24983,-1.55472,-0.115698,-0.0743444,0.00159348,-10.8127,1.96496,-1.48439,0.0328442,-0.0744277,-0.0561533,-10.5126,1.61381,-1.28974,0.1839,-0.0587077
diced_tomatoes_can_full_3,0.015894,-9.87509,3.90127,-2.54179,-1.28818,-0.112018,0.000936521,-9.73211,3.73232,-2.44062,-1.24492,-0.0633687,0.00831584,-10.1145,3.62744,-2.35019,-1.08318,-0.0652511,-0.0384105,-10.5416,3.4359,-2.20716,-0.900404,-0.0768933,0.0534703,-10.6973,3.15285,-2.06617,-0.663597,-0.068839,-0.0246647,-10.9087,2.88978,-1.91512,-0.492902,-0.074872,-0.0546425,-10.9193,2.65291,-1.75532,-0.315719,-0.0733871,-0.00987947,-10.8732,2.42907,-1.61356,-0.16589,-0.0509704,0.0988868,-10.8336,2.12358,-1.51118,-0.0386637,-0.0619382,-0.00694411,-10.709,1.80636,-1.32673,0.151502,-0.0582122
diced_tomatoes_can_full_4,-0.0115749,-10.0043,3.80482,-2.50003,-1.22324,-0.104892,-0.0507409,-10.4434,3.60188,-2.32277,-1.00597,-0.064146,-0.0503785,-10.88,3.16726,-2.08586,-0.663382,-0.0637175,-0.0334207,-10.8174,2.70803,-1.76526,-0.356006,-0.0682775,-0.0208854,-10.812,2.23673,-1.57314,-0.0842883,-0.0809279,-0.0286424,-10.5409,1.66702,-1.30551,0.169695,-0.0721475,0.0163136,-10.53,1.39078,-1.21192,0.296131,-0.075895,-0.00941472,-10.4695,1.34338,-1.18041,0.308071,-0.0750299,-0.00814969,-10.4528,1.3621,-1.17839,0.308583,-0.0787031,-0.0124409,-10.4625,1.37008,-1.18479,0.305077,-0.0792662
diced_tomatoes_can_full_5,-0.000910199,-10.171,3.87281,-2.55617,-1.24013,-0.0969441,0.00691193,-10.0456,3.76384,-2.44293,-1.26101,-0.0733073,-0.00287309,-10.5411,3.60352,-2.3905,-1.03823,-0.0399865,-0.0043687,-10.7904,3.40453,-2.21413,-0.876303,-0.0535869,-0.0364045,-10.9991,3.13039,-2.05418,-0.639019,-0.0681814,-0.00907504,-10.8561,2.89524,-1.87517,-0.451542,-0.0676983,0.0164615,-10.899,2.64988,-1.77931,-0.308929,-0.0508275,-0.00992657,-10.8321,2.35539,-1.64843,-0.162,-0.0582433,-0.019327,-10.7048,2.09194,-1.50463,-0.015262,-0.0721765,-0.016951,-10.5955,1.75921,-1.37323,0.101336,-0.0782979
small_orange_bug_repellent_1,0.145136,-9.02848,3.44715,-1.8119,-0.841207,-0.0814808,0.111451,-8.9654,3.373,-1.73975,-0.84976,-0.0574556,0.101166,-9.23855,3.25445,-1.65999,-0.709301,-0.031988,0.0717556,-9.631,3.07718,-1.5731,-0.576427,-0.058763,0.0968519,-9.75094,2.83721,-1.45551,-0.475122,-0.04436,0.110684,-9.88878,2.65822,-1.3879,-0.357091,-0.0358283,0.143508,-9.86604,2.47124,-1.25999,-0.249338,-0.0406248,0.0910476,-9.83226,2.22775,-1.17223,-0.168641,-0.0504447,0.14647,-9.85597,1.98065,-1.07811,-0.0515764,-0.0382792,0.161034,-9.67654,1.70486,-0.943455,0.041712,-0.042945
small_orange_bug_repellent_2,-0.0201317,-8.92244,3.4261,-1.81029,-0.85107,-0.122228,-0.0372608,-8.8534,3.34275,-1.72364,-0.821374,-0.0998429,-0.0166853,-9.03332,3.17237,-1.60665,-0.703023,-0.0708214,-0.0634636,-9.44211,3.02829,-1.56433,-0.57415,-0.0936832,-0.0313352,-9.64864,2.82851,-1.44311,-0.496018,-0.122572,-0.0164382,-9.77989,2.65861,-1.37618,-0.391513,-0.0586026,-0.0651812,-9.81314,2.43807,-1.25368,-0.271282,-0.0961601,-0.0562387,-9.49074,2.05423,-1.05375,-0.133071,-0.0881692,-0.085785,-9.59743,1.85868,-0.989904,-0.0499524,-0.0549492,0.0613651,-9.62041,1.64697,-0.942944,0.0382295,-0.0612695
small_orange_bug_repellent_3,0.00657964,-8.82727,3.44175,-1.76739,-0.853518,-0.121229,-0.00350291,-8.74646,3.26056,-1.66692,-0.819342,-0.0956554,-0.0451206,-9.23235,3.25062,-1.62153,-0.721203,-0.056751,0.0552988,-9.35172,3.01998,-1.52001,-0.552366,-0.0601878,0.011976,-9.67806,2.78371,-1.39514,-0.454112,-0.0947087,-0.0207298,-9.93364,2.66039,-1.29484,-0.35891,-0.110984,0.0554489,-9.77487,2.36456,-1.19933,-0.242015,-0.0579224,-0.00562945,-9.5813,2.0889,-1.04451,-0.119294,-0.103188,0.0176553,-9.4729,1.86465,-0.951213,-0.0835412,-0.0740122,0.0623054,-9.72753,1.66687,-0.913423,0.00971618,-0.100908
small_orange_bug_repellent_4,-0.00389458,-8.93421,3.45124,-1.76699,-0.834589,-0.132922,-0.045728,-8.78735,3.3085,-1.67746,-0.809353,-0.11379,-0.0761908,-9.39274,3.2719,-1.63359,-0.726312,-0.116937,-0.0369462,-9.61876,3.07039,-1.52673,-0.651843,-0.0980657,-0.000385192,-9.61501,2.79707,-1.39016,-0.48083,-0.0852691,-0.0247039,-9.79237,2.57765,-1.29487,-0.360092,-0.129322,-0.0267589,-9.65908,2.36442,-1.15337,-0.24529,-0.0762155,-0.0204866,-9.59845,2.12763,-1.06025,-0.142928,-0.100907,-0.0549608,-9.53036,1.8689,-0.957144,-0.0495656,-0.0937665,-0.0474108,-9.57114,1.6127,-0.874423,0.0491997,-0.0868038
small_orange_bug_repellent_5,0.0092015,-9.01056,3.44497,-1.77107,-0.830285,-0.12603,-0.00676427,-8.91475,3.32655,-1.68821,-0.829093,-0.0913343,0.0389007,-9.34804,3.23623,-1.59907,-0.69825,-0.0495846,-0.0038667,-9.70013,3.04671,-1.49509,-0.602853,-0.0859761,0.00083859,-9.63764,2.77668,-1.33848,-0.47188,-0.0877654,0.0681986,-9.82574,2.55041,-1.2583,-0.336816,-0.0627926,0.00799802,-9.95544,2.4275,-1.22149,-0.23293,-0.0319649,0.0650435,-9.76721,2.07626,-1.09838,-0.120243,-0.0955896,0.0127954,-9.84789,1.89809,-1.00577,-0.0425472,-0.079325,-0.00126649,-9.54025,1.58184,-0.870327,0.024959,-0.0760653
heb_coffee_container_1,0.17803,-9.47653,3.57644,-2.09039,-0.968826,-0.0632274,0.12325,-9.48905,3.49204,-2.00842,-0.928158,0.00646731,0.132441,-9.85477,3.29618,-1.88014,-0.756085,-0.0257023,0.132661,-10.1593,3.05851,-1.76368,-0.622618,-0.0278878,0.147074,-10.317,2.84759,-1.61614,-0.443551,-0.0581005,0.121049,-10.3046,2.6025,-1.52646,-0.290643,-0.00504528,0.124264,-10.1943,2.28135,-1.3648,-0.15413,-0.0462572,0.0792408,-10.1957,2.02253,-1.20299,-0.0275657,-0.0199257,0.175887,-10.1105,1.6753,-1.07868,0.137333,-0.0165232,0.139058,-10.0262,1.43416,-0.994951,0.202014,-0.0210371
heb_coffee_container_2,-0.00304784,-9.34105,3.58305,-2.09572,-0.98637,-0.105849,-0.0270701,-9.27014,3.47968,-2.0138,-0.965426,-0.0706154,0.0345097,-9.63012,3.3415,-1.88338,-0.847568,-0.0930189,-0.07888,-9.87619,3.12199,-1.81353,-0.717993,-0.0688191,0.0270321,-10.1347,2.9111,-1.66512,-0.51054,-0.0651652,-0.0179802,-10.3031,2.71716,-1.52434,-0.381696,-0.0541518,0.0253842,-10.282,2.49581,-1.44957,-0.257983,-0.0944052,-0.01321,-10.0493,2.19409,-1.32736,-0.149492,-0.0627104,0.0169734,-10.1317,1.9825,-1.22261,-0.0338128,-0.0371971,-0.0100174,-9.98627,1.67586,-1.10037,0.0916522,-0.0698477
heb_coffee_container_3,0.0353042,-9.26214,3.58907,-2.07955,-1.01474,-0.101591,-0.0114827,-9.21073,3.47708,-2.00475,-0.97374,-0.0624283,0.0279305,-9.53615,3.32721,-1.87145,-0.862347,-0.0523428,0.0108646,-9.81857,3.15163,-1.79058,-0.738126,-0.0701203,0.0557278,-10.0648,2.91173,-1.66166,-0.554308,-0.0465859,0.0182653,-9.98481,2.63074,-1.50267,-0.391036,-0.0717127,0.00160778,-10.1938,2.42431,-1.39248,-0.232417,-0.060959,-0.0234335,-9.99369,2.17718,-1.28487,-0.135483,-0.0892798,0.0134971,-10.0652,1.91398,-1.17001,-0.0102575,-0.0875184,-0.0123662,-10.0041,1.67176,-1.05867,0.110679,-0.0651626
heb_coffee_container_4,0.00587727,-9.44673,3.54987,-2.07471,-0.989986,-0.0916943,-0.0295432,-9.26809,3.41599,-1.95951,-0.973486,-0.0987911,-0.0384083,-9.83633,3.32257,-1.92443,-0.818725,-0.0678501,0.0195497,-10.0594,3.10544,-1.76459,-0.661383,-0.0575885,-0.0163434,-10.1591,2.91517,-1.68304,-0.522718,-0.0538727,0.0330808,-10.1731,2.7018,-1.56428,-0.424009,-0.111781,0.0325678,-10.3226,2.49872,-1.44778,-0.248465,-0.07632,-0.0492175,-10.0035,2.21515,-1.23295,-0.115452,-0.0710147,-0.0459422,-9.9539,1.88649,-1.15181,-0.0352165,-0.0670752,0.0189519,-10.075,1.63931,-1.0559,0.109001,-0.072769
heb_coffee_container_5,0.0282321,-9.35756,3.59439,-2.11256,-1.01232,-0.101365,-0.024653,-9.30731,3.51843,-2.06236,-1.03683,-0.0647067,0.0225652,-9.6476,3.41185,-1.96458,-0.939857,-0.0616549,0.0622378,-9.92688,3.19055,-1.8611,-0.735475,-0.0466197,0.0356956,-10.0545,2.97028,-1.73342,-0.582775,-0.0480875,0.0437069,-10.1785,2.79523,-1.59344,-0.463543,-0.046363,-0.00407703,-10.1973,2.54471,-1.51031,-0.307146,-0.0706125,0.0272826,-10.1686,2.33237,-1.41568,-0.200311,-0.064189,-0.00261277,-10.1299,2.0879,-1.2859,-0.112839,-0.065868,0.0647862,-10.0577,1.80042,-1.15891,0.0307974,-0.0656666
long_paper_roll_tube_1,0.148146,-8.73345,3.30618,-1.52998,-0.677637,-0.0728324,0.144133,-8.72333,3.24084,-1.45096,-0.653575,-0.059898,0.171458,-9.12115,3.1015,-1.38225,-0.576857,-0.0452693,0.149914,-9.48504,2.88542,-1.27837,-0.505479,-0.056547,0.111018,-9.47225,2.63186,-1.15753,-0.320765,-0.0258971,0.15214,-9.64718,2.44819,-1.08789,-0.244993,-0.0540675,0.127993,-9.70016,2.21095,-1.01582,-0.162687,-0.0492807,0.190062,-9.53367,1.93295,-0.875419,-0.0744917,-0.0394224,0.0880324,-9.24127,1.55172,-0.736677,0.0232637,-0.0347751,0.194325,-9.32017,1.38006,-0.717601,0.0813189,-0.0307045
long_paper_roll_tube_2,0.0102261,-8.64874,3.27946,-1.53424,-0.692674,-0.117601,-0.0180181,-8.50954,3.18846,-1.4501,-0.707332,-0.0644301,0.0282019,-8.84378,3.08045,-1.34898,-0.611583,-0.0711056,-0.0244737,-9.36239,2.96241,-1.33661,-0.579331,-0.0690504,-0.025954,-9.37494,2.70864,-1.22251,-0.394725,-0.061959,-0.0606849,-9.34038,2.50803,-1.10533,-0.293827,-0.063254,0.0465454,-9.40888,2.31666,-1.03491,-0.237138,-0.048416,-0.000700622,-9.6255,2.11797,-0.969054,-0.144494,-0.0705584,0.0317035,-9.40153,1.85314,-0.846662,-0.0791428,-0.0596248,0.0175573,-9.40987,1.61686,-0.7779,0.0011445,-0.0517647
long_paper_roll_tube_3,0.0240522,-8.70461,3.27409,-1.52576,-0.700149,-0.108341,-0.0173227,-8.6878,3.19035,-1.47894,-0.712864,-0.0374609,-0.0228726,-8.87276,3.00859,-1.34108,-0.585117,-0.0899589,0.0447211,-9.28178,2.93174,-1.29952,-0.520785,-0.0864125,0.0486976,-9.28035,2.64949,-1.16699,-0.381836,-0.0810722,-0.0266243,-9.5141,2.49741,-1.10632,-0.303154,-0.0479855,0.0401453,-9.50611,2.26539,-1.0213,-0.213198,-0.0767648,0.0356764,-9.347,2.04541,-0.911298,-0.139403,-0.0528562,0.0486133,-9.29614,1.81685,-0.822494,-0.0562465,-0.0931787,0.0451655,-9.30253,1.49665,-0.70269,0.0220324,-0.0720784
long_paper_roll_tube_4,0.017325,-8.55618,3.32096,-1.54064,-0.705354,-0.117997,0.0218688,-8.45177,3.16252,-1.46605,-0.668959,-0.0745979,0.0618833,-8.71745,3.09242,-1.37397,-0.652841,-0.0865179,0.020033,-9.13819,2.89109,-1.29153,-0.463262,-0.076133,-0.0301764,-9.37729,2.72323,-1.20254,-0.401816,-0.0864065,0.0282097,-9.36352,2.49427,-1.09982,-0.304521,-0.0814924,0.0359988,-9.29597,2.30137,-1.00502,-0.227119,-0.0613598,0.00678494,-9.20134,2.00097,-0.871847,-0.135123,-0.0653481,-0.00176219,-9.31919,1.87205,-0.830226,-0.0731701,-0.067222,0.027241,-9.2998,1.62543,-0.767368,-0.0169878,-0.0746716
long_paper_roll_tube_5,0.0466278,-8.68013,3.29449,-1.54622,-0.699449,-0.107707,-0.0167526,-8.62856,3.15662,-1.5051,-0.722149,-0.0847346,0.0621556,-8.86812,3.00015,-1.38841,-0.611069,-0.062251,0.0514273,-9.22534,2.91443,-1.31613,-0.492687,-0.0570115,-0.0474462,-9.37404,2.71201,-1.2203,-0.418494,-0.0714517,0.0729564,-9.70118,2.6445,-1.18045,-0.332275,-0.0869208,0.0139371,-9.34855,2.34767,-1.03405,-0.244619,-0.0824329,0.0501671,-9.27398,2.06146,-0.924913,-0.166727,-0.0881948,0.0105176,-9.48842,1.96497,-0.922297,-0.11395,-0.0487609,0.049654,-9.3769,1.72916,-0.797598,-0.0210441,-0.0592736
pineapple_cup_1,0.154996,-9.18485,3.51276,-1.86943,-0.848495,-0.0523362,0.12976,-9.15822,3.42276,-1.8065,-0.867023,-0.0286987,0.112342,-9.39776,3.31329,-1.70794,-0.731658,-0.0351406,0.0710633,-9.69998,3.10447,-1.61877,-0.587462,-0.0162116,0.204684,-9.90901,2.84441,-1.49763,-0.468452,-0.0249468,0.152852,-9.93981,2.67602,-1.38091,-0.335662,-0.0182932,0.109959,-9.85389,2.44424,-1.26511,-0.238842,-0.0443954,0.136303,-9.90884,2.22267,-1.20023,-0.14675,-0.0148671,0.128996,-9.98013,1.99245,-1.09199,-0.0207535,-0.00813132,0.120645,-9.7434,1.69568,-0.942415,0.0627446,-0.027218
pineapple_cup_2,0.0230535,-8.99127,3.48505,-1.88019,-0.888447,-0.0994092,0.0366425,-8.99103,3.36869,-1.83384,-0.885548,-0.0526981,0.0244768,-9.25722,3.30071,-1.71412,-0.746998,-0.062281,0.062472,-9.57558,3.12094,-1.62454,-0.684737,-0.0589985,-0.0300852,-9.76639,2.86708,-1.49207,-0.504241,-0.0546364,0.0256468,-9.9087,2.66555,-1.37774,-0.358598,-0.0649182,-0.0371508,-9.64852,2.37802,-1.22939,-0.242936,-0.08616,-0.0177827,-9.7906,2.24702,-1.20076,-0.200199,-0.0796267,-0.0502336,-9.70218,1.9581,-1.06507,-0.0630104,-0.0535418,-0.00949746,-9.84472,1.69931,-0.990541,0.0357651,-0.0478659
pineapple_cup_3,0.0373647,-9.16956,3.45774,-1.85337,-0.864557,-0.0950366,0.00370872,-9.15033,3.32302,-1.76253,-0.870643,-0.0550845,0.028849,-9.54063,3.29153,-1.73115,-0.748783,-0.0646936,0.0229858,-9.65962,3.10002,-1.578,-0.598312,-0.0449111,0.0583238,-9.87341,2.86174,-1.45887,-0.489048,-0.028448,0.0361468,-9.88547,2.66881,-1.36359,-0.380243,-0.0742932,0.0191551,-10.0012,2.41266,-1.29518,-0.24895,-0.0311977,0.0104509,-9.99032,2.27616,-1.23138,-0.171425,-0.0470429,0.0218037,-9.86872,1.97882,-1.05604,-0.0638047,-0.0607955,0.0320817,-9.8483,1.70591,-0.981997,0.043018,-0.0278382
pineapple_cup_4,0.02302,-9.25192,3.44891,-1.84951,-0.858102,-0.105362,-0.0275869,-9.11269,3.3687,-1.7991,-0.867923,-0.0775124,-0.0804391,-9.55025,3.21561,-1.74439,-0.689013,-0.0292003,0.0412949,-9.85963,3.09045,-1.62964,-0.610868,-0.0550514,0.0241153,-10.0524,2.85965,-1.50467,-0.472941,-0.0394462,0.0950851,-9.88377,2.65741,-1.3509,-0.364254,-0.0600823,0.00360554,-9.80449,2.41938,-1.25947,-0.258457,-0.0289012,0.0106219,-10.0292,2.19974,-1.17425,-0.137972,-0.0552289,0.0250905,-9.85879,1.93587,-1.07032,-0.0489327,-0.0468085,5.14133e-05,-9.66708,1.70338,-0.96757,0.0209744,-0.0461723
pineapple_cup_5,0.0633982,-9.03619,3.49069,-1.8914,-0.890766,-0.0925453,0.00689389,-9.02534,3.40947,-1.84494,-0.853899,-0.0607209,0.0828238,-9.25147,3.22077,-1.73054,-0.76226,-0.0660235,0.0444097,-9.73911,3.11324,-1.65134,-0.642465,-0.0371529,0.030568,-9.9082,2.85053,-1.52939,-0.499079,-0.0661969,-0.0114153,-10.0432,2.67896,-1.41013,-0.371194,-0.0282316,0.0181351,-10.0163,2.46987,-1.32121,-0.264386,-0.0573234,0.0782673,-9.84305,2.15787,-1.20991,-0.135917,-0.0454586,0.039864,-9.75151,1.93991,-1.06731,-0.0199068,-0.0613406,0.0579794,-9.77029,1.66682,-0.966346,0.0453115,-0.0381946
yellow_butter_cooking_spray_1,0.171536,-9.37536,3.56384,-2.07076,-0.977032,-0.0647929,0.131159,-9.26796,3.43602,-1.99404,-0.981817,-0.0547173,0.114764,-9.71017,3.34584,-1.90126,-0.808421,-0.0156662,0.163758,-9.92292,3.09843,-1.79558,-0.64348,-0.0247673,0.150146,-10.0039,2.87078,-1.63586,-0.506312,-0.0206967,0.113708,-10.2581,2.75826,-1.55939,-0.407164,-0.0334726,0.153613,-10.2231,2.50743,-1.43803,-0.267285,-0.0494889,0.157776,-9.90723,2.1791,-1.25786,-0.122897,-0.048209,0.1834,-9.95863,1.92168,-1.20478,-0.00264164,-0.0612546,0.194469,-9.88802,1.71615,-1.10385,0.0733935,-0.0322067
yellow_butter_cooking_spray_2,0.0198793,-9.17563,3.58191,-1.98117,-0.94128,-0.10224,0.022671,-8.9798,3.42558,-1.86106,-0.880637,-0.0654728,-0.0118636,-9.43434,3.37232,-1.83845,-0.831753,-0.0457379,0.0455348,-9.76641,3.09964,-1.64671,-0.642822,-0.0648935,-0.0248618,-10.0468,2.90655,-1.60314,-0.516194,-0.0840885,0.0246994,-10.0799,2.69191,-1.48486,-0.394769,-0.0673418,0.0082627,-10.0628,2.48847,-1.31542,-0.266846,-0.0855006,0.088701,-10.1105,2.21789,-1.27745,-0.152773,-0.0824558,0.0474413,-9.9656,1.9101,-1.12582,-0.0256727,-0.0782369,0.0293998,-9.8775,1.64647,-1.01415,0.0728662,-0.0509481
yellow_butter_cooking_spray_3,0.0561056,-9.3561,3.55236,-1.96096,-0.922217,-0.10639,0.0367756,-9.27418,3.37738,-1.86995,-0.908787,-0.0798585,0.0849873,-9.64705,3.34464,-1.79832,-0.808351,-0.0745197,0.0243527,-9.86809,3.16022,-1.68063,-0.700636,-0.0700179,0.0446744,-9.99969,2.89723,-1.53749,-0.528912,-0.0693092,0.0169922,-10.2128,2.69743,-1.45346,-0.373431,-0.0448459,0.0234942,-10.0012,2.41868,-1.28804,-0.24245,-0.0781538,0.0559684,-10.0716,2.21177,-1.22462,-0.155966,-0.0888872,0.0631904,-10.0757,1.96532,-1.13554,-0.0306075,-0.057527,0.0631412,-9.89224,1.67827,-0.967694,0.0552924,-0.0457846
yellow_butter_cooking_spray_4,0.0404284,-9.35661,3.55669,-1.96434,-0.929387,-0.101509,-0.0114309,-9.32305,3.45186,-1.91374,-0.904337,-0.065372,0.00849323,-9.54415,3.31841,-1.76145,-0.818634,-0.0542529,-0.00284031,-9.87795,3.12321,-1.67057,-0.627085,-0.0598126,0.0454215,-10.0575,2.9052,-1.53192,-0.518472,-0.0554142,0.0637966,-10.1966,2.72825,-1.46471,-0.383859,-0.0675082,0.00519317,-9.92879,2.43516,-1.2616,-0.269759,-0.0666277,0.0369779,-10.0671,2.26721,-1.22604,-0.17288,-0.0654688,0.0608697,-10.09,1.99242,-1.16396,-0.0575316,-0.0610983,-0.00857941,-9.94723,1.70591,-1.02848,0.0421809,-0.0709359
yellow_butter_cooking_spray_5,0.057285,-9.25685,3.57706,-1.97809,-0.925957,-0.0940367,0.0210585,-9.22201,3.48418,-1.90136,-0.887344,-0.0574596,0.0767392,-9.5653,3.32237,-1.79623,-0.775439,-0.0781704,0.11111,-9.90344,3.1609,-1.71423,-0.67471,-0.072063,0.0660899,-10.0723,2.90157,-1.57113,-0.506641,-0.0517268,0.00962654,-10.1762,2.67334,-1.44638,-0.362375,-0.0472484,0.0693665,-10.0767,2.43153,-1.31973,-0.243534,-0.0237935,0.0400462,-10.0462,2.23033,-1.21132,-0.146691,-0.0691939,0.0984401,-10.075,1.93276,-1.1069,-0.0340261,-0.0363536,0.0584745,-9.85143,1.63876,-1.00963,0.0682689,-0.0545517
zinc_pill_jar_1,0.148541,-8.82923,3.33282,-1.61128,-0.743382,-0.0656618,0.0860187,-9.20677,3.15182,-1.49067,-0.613747,-0.0710363,0.147096,-9.62048,2.80227,-1.28404,-0.417662,-0.0277976,0.150057,-9.54184,2.42973,-1.11926,-0.257732,-0.0695639,0.169533,-9.65602,2.06477,-0.988682,-0.119753,-0.0223843,0.183879,-9.47971,1.59867,-0.798153,0.0322772,-0.0388867,0.16382,-9.48714,1.39522,-0.757804,0.100443,-0.0350125,0.155608,-9.45465,1.37707,-0.746721,0.107268,-0.0370535,0.169801,-9.44617,1.38475,-0.749998,0.108596,-0.0416069,0.162664,-9.43195,1.377,-0.746943,0.102252,-0.0328288
zinc_pill_jar_2,0.0285114,-8.73599,3.34851,-1.63274,-0.754123,-0.114154,0.0141359,-8.60372,3.26165,-1.55011,-0.725025,-0.0946398,0.0112261,-9.1196,3.16917,-1.5385,-0.657047,-0.0786057,0.0188916,-9.28538,2.96398,-1.39978,-0.588696,-0.0907543,0.0571634,-9.58558,2.8187,-1.31721,-0.45328,-0.10062,0.00800679,-9.44153,2.56221,-1.18474,-0.332176,-0.0633548,0.00789889,-9.49351,2.36924,-1.09128,-0.225493,-0.0561363,-0.000943744,-9.61148,2.22336,-1.06421,-0.161585,-0.0665689,0.0110388,-9.34617,1.93087,-0.921802,-0.105207,-0.080913,0.0231652,-9.50899,1.68908,-0.861728,-0.0101082,-0.0705815
zinc_pill_jar_3,0.0413438,-8.63127,3.3675,-1.63785,-0.770161,-0.101233,0.0597246,-8.5317,3.23898,-1.55124,-0.732118,-0.0854147,0.0544048,-8.97294,3.18071,-1.5002,-0.68377,-0.101331,0.0196851,-9.28837,2.97322,-1.39572,-0.546042,-0.0444083,0.0463615,-9.46521,2.7784,-1.31697,-0.439734,-0.0562366,0.0851041,-9.40209,2.52128,-1.15341,-0.327028,-0.0838591,-0.000960744,-9.46581,2.35195,-1.09345,-0.242461,-0.085358,0.0290695,-9.5327,2.17284,-1.01723,-0.166882,-0.0779882,-0.0275315,-9.43799,1.98393,-0.932608,-0.127778,-0.0806018,0.077073,-9.60159,1.70657,-0.881248,-0.0106782,-0.0697837
zinc_pill_jar_4,0.0282471,-8.78253,3.35498,-1.62598,-0.74892,-0.119138,0.018331,-8.77154,3.22534,-1.56501,-0.72766,-0.1089,-0.0205428,-9.25631,3.15174,-1.52185,-0.698035,-0.0900324,0.0279323,-9.45864,2.9872,-1.39814,-0.560772,-0.0757421,0.0444045,-9.57434,2.72857,-1.25684,-0.439289,-0.0710649,0.120287,-9.65488,2.58933,-1.22534,-0.342798,-0.0750965,-0.0239318,-9.5246,2.37164,-1.08443,-0.238796,-0.0907606,0.0319419,-9.40795,2.12329,-0.97651,-0.157326,-0.087564,0.0491247,-9.30647,1.823,-0.872138,-0.0596983,-0.0765803,0.0515007,-9.46712,1.62245,-0.815751,0.00849247,-0.0605126
zinc_pill_jar_5,0.0804333,-8.86735,3.35326,-1.63438,-0.7486,-0.105619,0.079131,-8.69817,3.20665,-1.56364,-0.716885,-0.0503458,0.0233969,-9.19839,3.17762,-1.5345,-0.668648,-0.0561426,0.0670294,-9.4059,2.98389,-1.39366,-0.539502,-0.0715785,0.0810741,-9.65688,2.78274,-1.32349,-0.444247,-0.0611162,0.06811,-9.70935,2.61842,-1.23982,-0.359143,-0.118477,0.0577562,-9.55988,2.43958,-1.11978,-0.284071,-0.0846247,0.0561708,-9.44863,2.17992,-1.00384,-0.177368,-0.0604893,0.0827253,-9.51228,1.97254,-0.95504,-0.103403,-0.0559019,0.102064,-9.49189,1.70205,-0.854129,-0.0102408,-0.0730552
Pink_crayon_bank_1,0.184402,-9.04107,3.54206,-1.86888,-0.854084,-0.045291,0.140538,-8.98043,3.42602,-1.79222,-0.839346,-0.0429063,0.199447,-9.2146,3.33508,-1.7231,-0.7182,-0.00772902,0.0969151,-9.78059,3.10203,-1.60104,-0.636469,-0.0199164,0.172943,-9.94242,2.96062,-1.52794,-0.4886,-0.0243801,0.208538,-9.95636,2.62803,-1.34709,-0.308554,-0.0111885,0.164914,-9.96065,2.36551,-1.25528,-0.19304,-0.0538186,0.174655,-9.9174,2.16401,-1.15087,-0.12847,-0.0144,0.182099,-9.72695,1.86742,-1.03767,0.00132629,0.00150613,0.130572,-9.88448,1.67432,-0.967326,0.0881153,-0.0241129
Pink_crayon_bank_2,0.0426795,-9.19191,3.47822,-1.85522,-0.853084,-0.0746864,0.0328678,-8.97447,3.29093,-1.75298,-0.835189,-0.0181473,-0.0036971,-9.60088,3.2347,-1.70723,-0.698499,-0.0471621,0.0187906,-9.63983,3.09541,-1.60873,-0.553835,-0.0647989,0.0122824,-9.89489,2.85929,-1.49014,-0.492746,-0.0917674,0.0584783,-9.97056,2.66325,-1.37159,-0.344173,-0.0626351,0.0383419,-9.69805,2.35874,-1.22076,-0.266291,-0.056988,0.0449053,-9.78088,2.13712,-1.12513,-0.130511,-0.0415054,0.0392371,-9.93986,1.98524,-1.09754,-0.0580802,-0.0417538,0.0136472,-9.67808,1.64259,-0.956544,0.0726045,-0.0336249
Pink_crayon_bank_3,0.0552814,-9.10087,3.50793,-1.86231,-0.8653,-0.0723156,0.0330558,-8.91457,3.37288,-1.78433,-0.82404,-0.0378598,0.0798876,-9.2304,3.30698,-1.70031,-0.742565,-0.00494399,0.0559415,-9.70588,3.08646,-1.58233,-0.60193,-0.0209775,0.0335243,-9.77399,2.82827,-1.42349,-0.439194,-0.0599455,0.0786179,-9.85788,2.60172,-1.34583,-0.354386,-0.0441071,-0.006854,-9.91923,2.44373,-1.22781,-0.237699,-0.00249295,0.0259775,-9.92296,2.21854,-1.1762,-0.157407,-0.00855837,0.0418977,-9.89319,1.92077,-1.05484,-0.0440433,-0.0301034,0.059151,-9.77093,1.67781,-0.935706,0.0614571,-0.0551199
Pink_crayon_bank_4,0.0384679,-9.209,3.47888,-1.85238,-0.858633,-0.074268,0.00977163,-9.06924,3.32106,-1.74845,-0.849162,-0.0686731,0.0365155,-9.49354,3.23898,-1.69571,-0.689934,-0.0158573,0.10408,-9.66361,3.07368,-1.59608,-0.622327,-0.0340581,0.0334089,-10.0019,2.87737,-1.50059,-0.457745,-0.0444992,0.0406897,-10.0872,2.68815,-1.38434,-0.326651,-0.0153644,0.0457015,-9.85878,2.44058,-1.23054,-0.232453,-0.0200391,0.023309,-9.76797,2.2001,-1.13467,-0.128518,-0.0515904,0.0447719,-9.88403,1.92333,-1.0654,-0.037301,-0.0324373,0.0162896,-9.81989,1.71534,-0.984977,0.0377822,-0.0398448
Pink_crayon_bank_5,0.0769759,-9.07568,3.51731,-1.87706,-0.861262,-0.068233,0.0564427,-9.05343,3.42188,-1.80538,-0.835664,-0.0347441,0.0397416,-9.39107,3.27895,-1.74112,-0.769277,-0.043639,0.0558004,-9.65982,3.13877,-1.61055,-0.588173,-0.0199638,0.0474495,-9.93427,2.85641,-1.47485,-0.465587,-0.0305144,0.127302,-10.0426,2.67207,-1.43239,-0.396323,-0.0546764,0.0877333,-10.064,2.44727,-1.30046,-0.209861,5.09012e-05,0.0783229,-9.93988,2.22179,-1.18524,-0.121602,-0.0402397,0.0590652,-10.0664,2.00887,-1.12669,-0.0300772,-0.0204699,0.106559,-9.74411,1.65662,-0.970662,0.0606834,-0.0441536
big_open_metal_jar_1,0.172071,-9.00667,3.4147,-1.68916,-0.753914,-0.0669009,0.136898,-8.97044,3.36002,-1.56607,-0.747631,-0.0458578,0.140185,-9.41502,3.15493,-1.51981,-0.622691,-0.0644662,0.148145,-9.64117,2.93813,-1.43517,-0.508265,-0.0282572,0.116308,-9.84739,2.68094,-1.30118,-0.358037,-0.0442135,0.155347,-9.85283,2.48876,-1.17958,-0.259109,-0.0246254,0.106299,-9.63166,2.17956,-1.02269,-0.165529,-0.0288656,0.125899,-9.73892,1.94127,-0.984561,-0.0535747,-0.039238,0.162183,-9.50122,1.58886,-0.834223,0.066495,-0.0262364,0.193239,-9.48966,1.33919,-0.740241,0.147254,-0.0318824
big_open_metal_jar_2,0.0549157,-8.94708,3.38933,-1.69645,-0.775389,-0.0926847,0.016655,-8.92863,3.34002,-1.64958,-0.796793,-0.0796629,0.0724658,-9.09401,3.11816,-1.48791,-0.628347,-0.0830543,0.0622874,-9.42725,2.97864,-1.42261,-0.538136,-0.078338,0.0335295,-9.62054,2.80005,-1.34119,-0.417515,-0.0740652,0.0876123,-9.64914,2.56611,-1.21083,-0.336159,-0.0816877,0.0611143,-9.7728,2.39546,-1.18091,-0.253024,-0.0746521,0.0519926,-9.56512,2.13458,-1.04835,-0.151274,-0.0423748,0.0409576,-9.74623,1.94182,-0.979369,-0.0745398,-0.0773714,0.00459782,-9.56841,1.69557,-0.902196,0.0117657,-0.055106
big_open_metal_jar_3,0.044233,-8.96843,3.38374,-1.68592,-0.774774,-0.100001,0.0218877,-8.90917,3.26663,-1.62205,-0.800498,-0.0722308,0.0465918,-9.10034,3.18603,-1.53988,-0.711776,-0.0407614,0.0470662,-9.65358,3.05078,-1.48042,-0.578745,-0.0764955,0.0602591,-9.77164,2.806,-1.33268,-0.45311,-0.0345702,0.104991,-9.59321,2.59262,-1.19797,-0.337333,-0.0926493,0.0996734,-9.91789,2.41259,-1.15368,-0.234186,-0.0788357,0.0629127,-9.83271,2.18647,-1.08363,-0.158298,-0.0551704,0.0349873,-9.47759,1.83967,-0.918346,-0.0877785,-0.0632502,0.0753964,-9.57118,1.66731,-0.872117,0.0039408,-0.0548966
big_open_metal_jar_4,0.0505777,-8.99253,3.39701,-1.70521,-0.77848,-0.104188,0.0223716,-8.90907,3.28774,-1.6317,-0.767347,-0.10177,0.0814808,-9.1849,3.17237,-1.53792,-0.68686,-0.0549781,0.038793,-9.50909,2.99951,-1.47484,-0.565447,-0.0689123,0.0457169,-9.57566,2.74729,-1.32649,-0.434699,-0.0617326,0.0767925,-9.6735,2.53162,-1.22924,-0.331099,-0.0857418,0.0145645,-9.63727,2.33898,-1.13792,-0.242521,-0.0665527,0.0496333,-9.51923,2.09265,-1.0273,-0.165302,-0.047345,0.0534824,-9.70781,1.89135,-0.937933,-0.0596521,-0.0637746,0.0658474,-9.58343,1.67056,-0.889871,0.0131316,-0.0544556
big_open_metal_jar_5,0.0606948,-8.98661,3.38308,-1.70619,-0.778115,-0.0892205,0.0657558,-8.87634,3.32272,-1.63662,-0.768514,-0.0695937,0.0674412,-9.27723,3.17778,-1.58474,-0.688766,-0.0716854,0.0935125,-9.46491,3.00123,-1.45654,-0.606805,-0.0806066,0.0536042,-9.70479,2.79768,-1.34854,-0.448957,-0.0669593,0.0673285,-9.81841,2.63663,-1.27125,-0.355205,-0.04971,0.0388497,-9.84749,2.40887,-1.20637,-0.245603,-0.0209477,0.0541554,-9.80583,2.21357,-1.09692,-0.148384,-0.0769928,0.0395126,-9.49813,1.9654,-0.953353,-0.0951699,-0.0483518,0.0738151,-9.45651,1.66127,-0.862093,0.0172128,-0.0663004
red_folders_coffee_jar_1,0.167811,-9.98332,3.75434,-2.37902,-1.11922,-0.0383393,0.171243,-9.89278,3.73271,-2.285,-1.12992,0.000961169,0.176253,-10.2061,3.53907,-2.14558,-0.944345,0.0244479,0.12488,-10.5985,3.33817,-2.06123,-0.741977,0.00519314,0.137361,-10.724,3.07122,-1.92682,-0.587209,-0.0158799,0.174799,-10.8059,2.81975,-1.80041,-0.399217,0.00229126,0.139972,-10.7228,2.58544,-1.63799,-0.269541,0.00735413,0.11461,-10.6828,2.32504,-1.51321,-0.120735,-0.0046321,0.155093,-10.6314,2.02228,-1.41417,0.0262308,0.00651363,0.150385,-10.5748,1.7035,-1.22757,0.177068,0.00100627
red_folders_coffee_jar_2,0.0436343,-9.56811,3.75135,-2.3928,-1.18133,-0.0680617,0.0287609,-9.89488,3.45485,-2.20027,-0.965519,-0.0456204,0.0473409,-10.4101,3.06705,-1.90089,-0.610625,-0.0554958,0.0399887,-10.5312,2.64964,-1.66898,-0.306308,-0.0306418,0.0591915,-10.5588,2.19014,-1.44361,-0.0600569,-0.031331,0.0382851,-10.3864,1.69729,-1.23837,0.158942,-0.047899,0.0643299,-10.3292,1.36098,-1.13202,0.286806,-0.0383929,0.0602491,-10.2801,1.35527,-1.11618,0.289824,-0.036982,0.0500499,-10.2565,1.33895,-1.11525,0.286332,-0.0345966,0.0580596,-10.2753,1.33819,-1.11588,0.292416,-0.033018
red_folders_coffee_jar_3,0.0765518,-9.87624,3.74298,-2.38111,-1.14931,-0.0758583,0.0629703,-9.80613,3.57416,-2.28268,-1.1042,0.000263061,0.0722187,-10.2017,3.50432,-2.17289,-1.01031,-0.0394635,0.042181,-10.451,3.30024,-2.05808,-0.815987,-0.0370561,0.0888034,-10.6478,3.07157,-1.91773,-0.63273,-0.0260623,0.0499395,-10.5794,2.77206,-1.77613,-0.442119,-0.0251615,0.0901194,-10.6371,2.5717,-1.69744,-0.289166,-0.0547677,0.0659216,-10.6614,2.32356,-1.56604,-0.158871,-0.0498413,0.0180579,-10.4842,2.04204,-1.37148,-0.00167777,-0.0223029,0.108255,-10.4841,1.76816,-1.28784,0.120941,-0.0321679
red_folders_coffee_jar_4,0.0621039,-9.94792,3.66206,-2.36731,-1.16238,-0.062609,0.0488169,-10.178,3.39592,-2.21161,-0.924569,-0.0272079,0.00405003,-10.5867,3.02468,-1.9686,-0.617396,-0.0425073,0.0483163,-10.5402,2.56641,-1.71246,-0.293503,-0.0441647,0.0443919,-10.5573,2.15675,-1.50315,-0.0910098,-0.0456243,0.0539536,-10.3622,1.63106,-1.26335,0.171906,-0.0358862,0.0777059,-10.3215,1.32934,-1.12594,0.302269,-0.0381956,0.0825577,-10.2385,1.31221,-1.11936,0.307139,-0.0361955,0.0817866,-10.2454,1.31234,-1.12507,0.309184,-0.03917,0.0813476,-10.2466,1.31115,-1.12217,0.305982,-0.0400958
red_folders_coffee_jar_5,0.09696,-9.95533,3.72301,-2.40467,-1.15185,-0.0648243,0.0880687,-9.80697,3.61086,-2.28619,-1.13096,-0.00211507,0.0816711,-10.2492,3.45019,-2.2707,-0.955468,-0.0644559,0.082396,-10.5176,3.24715,-2.0854,-0.760442,-0.0547924,0.0579999,-10.6601,3.0307,-1.96228,-0.61331,-0.0187988,0.102571,-10.8012,2.82229,-1.80899,-0.424595,-0.0201717,0.0995623,-10.7613,2.5806,-1.63494,-0.275055,-0.0169479,0.0735571,-10.5292,2.2514,-1.54851,-0.138181,-0.0415806,0.102714,-10.5873,1.99905,-1.40441,0.0165918,-0.0234004,0.0724575,-10.3777,1.66905,-1.25663,0.160597,-0.0345285
campbells_noodle_soup_1,0.207479,-9.9254,3.71003,-2.24061,-1.05607,-0.0649385,0.175147,-9.85438,3.55952,-2.11409,-1.02352,-0.0431752,0.155385,-10.2121,3.51464,-2.12711,-0.906919,-0.0590166,0.184918,-10.3786,3.26598,-1.92101,-0.693525,-0.0459753,0.161387,-10.5913,3.03797,-1.8101,-0.56485,-0.021823,0.218878,-10.5943,2.8134,-1.64115,-0.392825,-0.0270421,0.117793,-10.6303,2.53342,-1.53651,-0.247089,-0.00565127,0.231311,-10.6464,2.30442,-1.46971,-0.13848,-0.0314626,0.143126,-10.4931,2.00543,-1.28387,-0.00840258,-0.0260072,0.170672,-10.4003,1.68643,-1.1994,0.11661,-0.0249714
campbells_noodle_soup_2,0.0754687,-9.75195,3.71692,-2.25889,-1.06746,-0.099708,0.0740506,-9.64496,3.59504,-2.17502,-1.0916,-0.052019,0.00296322,-9.99493,3.48728,-2.13062,-0.967219,-0.0589675,-0.0289253,-10.2614,3.25889,-1.98781,-0.809614,-0.0246457,0.0524804,-10.5415,3.03192,-1.8254,-0.584291,-0.0812828,0.018832,-10.5044,2.79049,-1.67627,-0.423969,-0.0693366,0.0491638,-10.4623,2.57412,-1.53767,-0.294008,-0.0818845,-0.00615377,-10.3941,2.30403,-1.37715,-0.14815,-0.0559325,0.026784,-10.3903,2.04456,-1.32824,-0.0398017,-0.0618506,0.0389031,-10.364,1.76239,-1.22065,0.071809,-0.042068
campbells_noodle_soup_3,0.0901635,-9.684,3.63483,-2.19832,-1.05865,-0.0731691,0.0231655,-10.05,3.415,-2.04785,-0.883561,-0.0582965,0.0873753,-10.5401,3.0155,-1.78304,-0.576355,-0.0667554,0.0669321,-10.5149,2.58396,-1.54488,-0.298668,-0.0453788,0.0841701,-10.489,2.16652,-1.38365,-0.0958064,-0.0427498,0.0772252,-10.3558,1.67104,-1.16291,0.106135,-0.0556486,0.0794991,-10.2553,1.37597,-1.03665,0.241032,-0.0626412,0.0820974,-10.1855,1.34913,-1.03112,0.244705,-0.0647269,0.0948058,-10.1813,1.33995,-1.03252,0.248343,-0.0630086,0.0876813,-10.2043,1.35138,-1.0254,0.247014,-0.0660736
campbells_noodle_soup_4,0.0623902,-9.62686,3.69923,-2.22829,-1.06911,-0.077652,0.0547023,-10.0592,3.46295,-2.06332,-0.880318,-0.0732384,0.0676735,-10.5472,3.05026,-1.79911,-0.577004,-0.0594543,0.0229662,-10.573,2.62758,-1.57741,-0.311014,-0.030924,0.108884,-10.3973,2.13036,-1.34974,-0.0589818,-0.0493407,0.08443,-10.3367,1.62514,-1.13394,0.153434,-0.0540141,0.0845631,-10.1727,1.33707,-1.03672,0.250279,-0.0498381,0.0689214,-10.141,1.31212,-1.02119,0.255372,-0.0536461,0.084964,-10.1566,1.3155,-1.0196,0.253033,-0.0564748,0.0844451,-10.1496,1.32483,-1.02395,0.253928,-0.0562902
campbells_noodle_soup_5,0.0997823,-9.78397,3.70952,-2.25921,-1.08183,-0.0933322,0.042557,-9.71168,3.56687,-2.17115,-1.02708,-0.0465195,0.0994743,-10.0007,3.4582,-2.0636,-0.920202,-0.0449042,0.118327,-10.2471,3.27661,-1.9422,-0.713089,-0.055893,0.122761,-10.444,3.0346,-1.77783,-0.584262,-0.0588752,0.114331,-10.5697,2.8293,-1.67276,-0.422521,-0.0648536,0.0984165,-10.6987,2.65398,-1.61309,-0.333944,-0.0505196,0.0860974,-10.5679,2.37011,-1.45869,-0.176317,-0.0509663,0.0601083,-10.3382,2.07129,-1.32006,-0.0471915,-0.0466899,0.134921,-10.4207,1.8234,-1.25933,0.0634268,-0.0450807
wide_open_metal_can_1,0.181692,-8.98221,3.40923,-1.69486,-0.769407,-0.0730856,0.171748,-8.81825,3.28976,-1.62352,-0.749073,-0.00995491,0.193561,-9.35057,3.1963,-1.56771,-0.655712,-0.00955741,0.12142,-9.55513,2.96678,-1.4106,-0.488528,-0.0292806,0.15614,-9.64323,2.78275,-1.32738,-0.405859,-0.0767258,0.171959,-9.91961,2.6688,-1.27618,-0.327165,-0.0076645,0.146876,-9.83573,2.40546,-1.15428,-0.230073,-0.0408022,0.189023,-9.74297,2.08926,-1.01517,-0.106269,-0.03049,0.186187,-9.69174,1.86211,-0.902413,-0.00282713,-0.0153319,0.217498,-9.58298,1.62749,-0.850363,0.0336002,-0.0451492
wide_open_metal_can_2,0.0635441,-8.91035,3.4036,-1.70944,-0.783217,-0.10727,0.0497845,-8.77377,3.27573,-1.61526,-0.734269,-0.0754389,0.0571754,-9.06394,3.1704,-1.54946,-0.69295,-0.0460484,0.0564878,-9.50431,3.01147,-1.45644,-0.527595,-0.0950265,0.0241171,-9.6757,2.79754,-1.34152,-0.428462,-0.0573027,0.106002,-9.6649,2.5781,-1.23482,-0.316247,-0.0860048,0.0533084,-9.89833,2.43742,-1.21108,-0.252614,-0.0227648,0.0350722,-9.50973,2.06398,-0.989262,-0.100583,-0.0613169,0.0191911,-9.51115,1.85035,-0.911818,-0.0368697,-0.0598766,0.117467,-9.69492,1.65529,-0.857788,0.0180959,-0.0346984
wide_open_metal_can_3,0.073647,-8.96829,3.39295,-1.69554,-0.784068,-0.0961768,0.0770259,-8.893,3.30554,-1.64164,-0.76747,-0.0490265,0.125659,-9.21968,3.20181,-1.57132,-0.673434,-0.0934165,0.0290469,-9.34763,3.00046,-1.45469,-0.545898,-0.0636364,0.0326653,-9.64966,2.80215,-1.36584,-0.474138,-0.0559612,0.0600851,-9.80293,2.61904,-1.25781,-0.360514,-0.0749698,0.0547766,-9.76173,2.41811,-1.11835,-0.250271,-0.0621058,0.0826166,-9.71761,2.17261,-1.04231,-0.170359,-0.0462587,0.0919755,-9.72982,1.98009,-0.971814,-0.0865323,-0.0498041,0.0329507,-9.71812,1.75145,-0.903983,-0.0178177,-0.0444443
wide_open_metal_can_4,0.0753767,-8.95051,3.39492,-1.70066,-0.772491,-0.106074,0.102896,-8.82655,3.23328,-1.59101,-0.759349,-0.0817165,0.0520359,-9.22415,3.16934,-1.58009,-0.712805,-0.0643284,0.0124857,-9.52895,3.0856,-1.46883,-0.577972,-0.0620335,-0.025884,-9.69578,2.80888,-1.35791,-0.468018,-0.053122,0.050007,-9.68737,2.62232,-1.26202,-0.357937,-0.0573566,0.0722483,-9.71035,2.4416,-1.16782,-0.2765,-0.0713789,0.0486055,-9.63943,2.24305,-1.08128,-0.196989,-0.0724485,0.0484543,-9.70173,2.0346,-1.01922,-0.0851334,-0.0513108,0.0187033,-9.48187,1.73456,-0.912417,-0.0353648,-0.0456321
wide_open_metal_can_5,0.106734,-8.97795,3.40615,-1.71374,-0.773625,-0.0971824,0.084543,-8.88734,3.2999,-1.63563,-0.768065,-0.0608933,0.0620592,-9.34917,3.20955,-1.5594,-0.652963,-0.0745389,0.0444133,-9.56248,3.00301,-1.44803,-0.519112,-0.0615399,0.0527613,-9.59541,2.76996,-1.33168,-0.426724,-0.0957648,0.102344,-9.83046,2.62048,-1.27135,-0.360767,-0.0336285,0.110073,-9.82969,2.38595,-1.16722,-0.22263,-0.0387018,0.0217048,-9.727,2.19612,-1.08436,-0.147573,-0.0951328,0.082292,-9.6001,1.88399,-0.946805,-0.0420219,-0.0595352,0.0930085,-9.55574,1.64218,-0.841779,0.0444169,-0.0571915
wet_ones_container_1,0.179621,-9.20592,3.47698,-1.80735,-0.820157,-0.0654421,0.204643,-9.0782,3.31888,-1.70965,-0.767359,-0.051139,0.149734,-9.58613,3.29957,-1.72428,-0.75373,-0.0177139,0.151871,-9.77201,3.10518,-1.54087,-0.602533,-0.0351441,0.143699,-9.94415,2.91121,-1.46138,-0.436922,-0.0176769,0.190711,-9.86508,2.68891,-1.32714,-0.358687,-0.0470562,0.182588,-10.0338,2.48315,-1.25774,-0.255666,-0.0376275,0.129639,-9.94496,2.24167,-1.1195,-0.134981,-0.0245335,0.227438,-9.85001,1.99845,-1.07223,-0.069305,-0.0221019,0.163949,-9.80862,1.73276,-0.951027,0.0308976,-0.0214687
wet_ones_container_2,0.0873337,-9.04582,3.46774,-1.80917,-0.83791,-0.0878696,0.0735637,-8.94993,3.40801,-1.71108,-0.817828,-0.0232615,0.096658,-9.36838,3.23481,-1.62875,-0.705598,-0.0411797,0.0432966,-9.64985,2.99457,-1.52635,-0.562215,-0.0175466,0.0639355,-9.69527,2.77144,-1.37791,-0.451094,-0.0534232,0.0269178,-9.79667,2.6217,-1.3053,-0.325956,-0.0678989,0.0340187,-9.95061,2.35301,-1.23894,-0.205574,-0.0196002,0.050523,-9.95021,2.16992,-1.1238,-0.120863,-0.0354665,0.0678697,-9.72626,1.94143,-1.02856,-0.035694,-0.0338338,0.0827292,-9.80294,1.66901,-0.916802,0.0356391,-0.0536767
wet_ones_container_3,0.0775779,-9.17403,3.44812,-1.78344,-0.812465,-0.081604,0.0876274,-8.99803,3.28529,-1.69044,-0.80522,-0.0749409,0.0612267,-9.33912,3.18889,-1.65931,-0.716604,-0.0703144,-0.0157345,-9.6927,3.03489,-1.545,-0.620181,-0.0598982,0.10275,-9.81662,2.81977,-1.43353,-0.45575,-0.0304596,0.0988221,-9.84625,2.61009,-1.27969,-0.332221,-0.0508048,0.0930076,-9.97098,2.38569,-1.25129,-0.235507,-0.0231064,0.0490748,-9.98339,2.25882,-1.13729,-0.138812,-0.0557635,0.0309891,-9.73821,1.94113,-1.04594,-0.0654195,-0.0418443,0.109891,-9.86632,1.7317,-0.935179,0.0145812,-0.0142404
wet_ones_container_4,0.0969155,-9.18224,3.44113,-1.79524,-0.825859,-0.0903645,0.090203,-8.98188,3.35505,-1.69917,-0.800707,-0.0265254,0.0238805,-9.63949,3.27654,-1.68395,-0.69524,-0.0157586,0.0360247,-9.62791,3.00416,-1.49572,-0.555458,-0.0281551,0.0579036,-9.94774,2.82008,-1.42063,-0.446117,-0.0541197,0.104298,-10.0822,2.64894,-1.33592,-0.33349,-0.0326202,0.0439131,-9.79475,2.35995,-1.17678,-0.22607,-0.0391284,0.0928489,-9.64006,2.08287,-1.04144,-0.110073,-0.0376652,0.032326,-9.82304,1.92199,-1.00801,-0.0385907,-0.0560525,0.0717002,-9.61703,1.61316,-0.895324,0.0462775,-0.0535705
wet_ones_container_5,0.0925039,-9.08255,3.41588,-1.78862,-0.824782,-0.0696785,0.0350206,-9.51332,3.2371,-1.65466,-0.674851,-0.0506722,0.124237,-9.91012,2.86765,-1.44115,-0.465564,-0.046171,0.107022,-10.0081,2.53307,-1.28242,-0.278596,-0.0804368,0.0893836,-9.78956,2.09119,-1.08061,-0.105798,-0.0388073,0.110053,-9.77498,1.67231,-0.932108,0.0398035,-0.0291928,0.111465,-9.70829,1.42626,-0.837886,0.141042,-0.033567,0.118672,-9.68368,1.40259,-0.846607,0.126161,-0.0331658,0.111812,-9.6764,1.41052,-0.846728,0.12992,-0.0301434,0.115517,-9.67653,1.40555,-0.845182,0.131897,-0.0303744
tall_blue_pringles_1,0.190247,-8.88689,3.29975,-1.5679,-0.726012,-0.0514786,0.19155,-9.18972,3.09088,-1.41914,-0.577988,-0.0369174,0.180256,-9.57794,2.80955,-1.27238,-0.411977,-0.0347314,0.178596,-9.63443,2.47048,-1.11181,-0.267346,-0.0382372,0.147126,-9.64424,2.02023,-0.936687,-0.095893,-0.0172994,0.160172,-9.62787,1.59559,-0.789976,0.0395334,-0.0109929,0.221041,-9.50296,1.35299,-0.724133,0.101743,-0.0313112,0.189485,-9.47867,1.35808,-0.720876,0.119493,-0.0356949,0.20137,-9.46919,1.35101,-0.720769,0.111357,-0.0300133,0.200701,-9.4714,1.35925,-0.727092,0.114932,-0.0279721
tall_blue_pringles_2,0.0760934,-8.73989,3.35327,-1.60956,-0.733803,-0.0988538,0.0723548,-8.65691,3.28202,-1.54155,-0.687254,-0.0654245,0.0949663,-8.86163,3.16845,-1.46072,-0.648087,-0.0558374,0.0863487,-9.30051,2.96564,-1.36928,-0.516683,-0.0525833,0.00148132,-9.49373,2.76843,-1.29799,-0.429664,-0.0729403,0.0782968,-9.639,2.59787,-1.19517,-0.310216,-0.0506302,0.0843504,-9.5855,2.40943,-1.10311,-0.245632,-0.0686072,0.064975,-9.36643,2.10986,-0.941414,-0.133161,-0.0441417,0.0414598,-9.56894,1.99761,-0.955207,-0.114625,-0.0438183,0.124865,-9.50428,1.70863,-0.838147,-0.00213617,-0.0379648
tall_blue_pringles_3,0.076082,-8.81036,3.35018,-1.60044,-0.732819,-0.0908139,0.0652478,-8.78357,3.25426,-1.56672,-0.720881,-0.0836196,0.164227,-8.85998,3.10584,-1.37253,-0.59307,-0.067876,0.0373702,-9.29075,2.95363,-1.37036,-0.541515,-0.0439965,0.104146,-9.65663,2.76462,-1.30244,-0.414677,-0.0715192,0.0415773,-9.59345,2.49771,-1.13171,-0.300813,-0.0625153,0.0907027,-9.5283,2.35651,-1.05844,-0.23039,-0.0397914,2.60333e-05,-9.82663,2.17845,-1.01455,-0.17104,-0.0276889,0.0645673,-9.49796,1.80706,-0.834233,-0.0292713,-0.0525999,0.144616,-9.50431,1.62922,-0.814015,0.0278692,-0.0352098
tall_blue_pringles_4,0.095394,-8.74889,3.37293,-1.61066,-0.732654,-0.0902728,0.0702285,-8.59629,3.1773,-1.54208,-0.730631,-0.0668215,0.0602059,-9.06503,3.19697,-1.48072,-0.653375,-0.0765867,0.119468,-9.37414,2.96515,-1.37017,-0.501278,-0.0477792,0.0247207,-9.73566,2.81166,-1.27277,-0.389185,-0.0473735,0.0642019,-9.69246,2.58403,-1.19348,-0.334826,-0.063085,0.108376,-9.5032,2.31667,-1.05151,-0.212271,-0.0728787,0.0590271,-9.71215,2.22389,-1.03418,-0.174624,-0.0413524,0.0691246,-9.55347,1.95208,-0.917486,-0.0657645,-0.066107,0.0976404,-9.56599,1.71721,-0.825387,0.00406393,-0.0362154
tall_blue_pringles_5,0.122973,-8.77187,3.31098,-1.58233,-0.709171,-0.076035,0.112011,-9.1286,3.12573,-1.42132,-0.611159,-0.0407563,0.0985165,-9.51667,2.7202,-1.26931,-0.430941,-0.0700813,0.158907,-9.58329,2.38569,-1.0802,-0.250256,-0.0488644,0.0849121,-9.69149,2.01374,-0.964084,-0.0910041,-0.0501477,0.114324,-9.4595,1.5706,-0.778335,0.0431343,-0.0407819,0.130344,-9.45283,1.32482,-0.722936,0.111002,-0.0495642,0.121421,-9.3694,1.301,-0.711467,0.113762,-0.0493621,0.115322,-9.37628,1.28674,-0.709987,0.109622,-0.0480812,0.112944,-9.36148,1.29435,-0.71468,0.109606,-0.049949
green_allergy_pill_jar_1,0.209637,-8.65351,3.36215,-1.57936,-0.723327,-0.0873054,0.187511,-8.51065,3.25942,-1.51627,-0.68388,-0.0413496,0.174481,-8.90862,3.19569,-1.47148,-0.660693,-0.0710014,0.196469,-9.14776,2.96101,-1.33861,-0.513366,-0.0535735,0.219255,-9.53217,2.76805,-1.21838,-0.403781,-0.0386567,0.168227,-9.53074,2.58411,-1.15695,-0.311954,-0.0515683,0.201871,-9.61635,2.40327,-1.08156,-0.221155,-0.062175,0.195655,-9.80446,2.16369,-1.00607,-0.143445,-0.0336307,0.291125,-9.62352,1.83532,-0.855238,-0.0327375,-0.024092,0.181975,-9.62285,1.66836,-0.790073,0.0183244,-0.0267108
green_allergy_pill_jar_2,0.0746766,-8.72812,3.28347,-1.54744,-0.715112,-0.101158,0.0378603,-9.10869,3.11785,-1.4412,-0.601452,-0.0781587,0.0613525,-9.47409,2.73943,-1.25479,-0.408541,-0.0832553,0.0752537,-9.62596,2.46222,-1.10578,-0.263063,-0.0478771,0.0792628,-9.36486,2.01818,-0.933981,-0.118898,-0.0638943,0.105588,-9.49477,1.63948,-0.810625,-0.0116532,-0.0646491,0.0958259,-9.41874,1.36206,-0.71421,0.0918199,-0.0619157,0.0883682,-9.38444,1.35835,-0.717788,0.0858842,-0.0604059,0.0903856,-9.38741,1.35159,-0.721028,0.0833691,-0.0606383,0.0726423,-9.39167,1.36356,-0.717636,0.0894766,-0.0636678
green_allergy_pill_jar_3,0.110821,-8.81611,3.328,-1.56654,-0.709957,-0.108887,0.070495,-8.79661,3.23351,-1.50994,-0.727247,-0.0532277,0.0752508,-8.87484,3.07052,-1.37474,-0.595362,-0.0943509,0.0323689,-9.40435,2.95613,-1.32928,-0.485685,-0.0659261,0.119781,-9.49723,2.72458,-1.21225,-0.411043,-0.0663491,0.166706,-9.58444,2.53169,-1.12956,-0.314202,-0.0815288,0.110982,-9.30275,2.25835,-0.994153,-0.225195,-0.0614434,0.0780633,-9.72437,2.1776,-1.00264,-0.15138,-0.0660381,0.0511346,-9.36836,1.9,-0.886205,-0.0875248,-0.0600306,0.0335102,-9.4917,1.68119,-0.81438,-0.0154481,-0.0482426
green_allergy_pill_jar_4,0.0805079,-8.75404,3.34398,-1.58295,-0.723014,-0.100776,0.0809949,-8.75317,3.23158,-1.54642,-0.730602,-0.0876466,0.0397852,-9.1688,3.13567,-1.46443,-0.600993,-0.0508967,0.058435,-9.46674,2.90164,-1.30722,-0.527028,-0.0443865,0.138434,-9.48814,2.72686,-1.20173,-0.401669,-0.073578,0.142502,-9.64338,2.57536,-1.14929,-0.308805,-0.0764097,0.000603678,-9.71933,2.30783,-1.05625,-0.223201,-0.0828627,0.0476643,-9.54396,2.06976,-0.968194,-0.138839,-0.0539536,0.0128823,-9.40913,1.8388,-0.814965,-0.05829,-0.0798753,0.101486,-9.50788,1.61988,-0.80147,0.00616406,-0.0590697
green_allergy_pill_jar_5,0.111421,-8.87825,3.31967,-1.59037,-0.717095,-0.0931927,0.112405,-8.64233,3.1733,-1.50556,-0.673826,-0.056096,0.173556,-9.12125,3.16435,-1.43093,-0.662574,-0.0539738,0.116991,-9.32276,2.9693,-1.34361,-0.51842,-0.0684429,0.113331,-9.55797,2.74091,-1.25779,-0.424912,-0.0721924,0.145436,-9.56354,2.5454,-1.12897,-0.315092,-0.0638756,0.071168,-9.77619,2.41518,-1.11283,-0.231483,-0.0453417,0.0524675,-9.70505,2.15445,-0.992029,-0.129771,-0.0439735,0.109495,-9.45518,1.90078,-0.904318,-0.0740166,-0.0623956,0.104355,-9.46415,1.69831,-0.801231,-0.0191777,-0.0552462
big_orange_bug_repellent_1,0.20213,-9.13489,3.51962,-1.91682,-0.906617,-0.06841,0.221461,-9.02643,3.41464,-1.80488,-0.878657,-0.0156056,0.158997,-9.43196,3.26077,-1.76359,-0.754268,-0.0490079,0.169027,-9.77047,3.10379,-1.66381,-0.654501,-0.0286138,0.2071,-9.99669,2.8752,-1.52281,-0.460015,-0.0318892,0.119926,-10.0653,2.63176,-1.39767,-0.331501,-0.0344354,0.210528,-10.0068,2.38944,-1.24049,-0.211221,-0.030718,0.168959,-10.0183,2.14119,-1.22018,-0.112095,-0.0413775,0.139057,-10.0177,1.86082,-1.07649,0.00482647,-0.0461797,0.16891,-10.0823,1.62725,-1.01288,0.0804747,-0.0241863
big_orange_bug_repellent_2,0.108819,-9.36836,3.48231,-1.84773,-0.856736,-0.105672,0.0691317,-9.23854,3.36517,-1.79513,-0.862605,-0.0859579,0.0939102,-9.55456,3.21222,-1.67926,-0.731696,-0.0694701,0.156204,-9.90583,3.0591,-1.6058,-0.636942,-0.0695542,0.106203,-10.0076,2.83772,-1.52211,-0.502062,-0.0828505,0.11727,-10.1609,2.65435,-1.37437,-0.346411,-0.0642149,0.0865516,-10.0401,2.40836,-1.25625,-0.238583,-0.0578132,0.0659721,-10.0577,2.18864,-1.19888,-0.16416,-0.0743652,0.0501442,-10.0013,1.9018,-1.08952,-0.0440138,-0.0387375,0.077159,-9.87888,1.6469,-0.961076,0.0438349,-0.0756692
big_orange_bug_repellent_3,0.104139,-9.29475,3.47504,-1.85905,-0.869078,-0.0927321,0.0702162,-9.14098,3.33751,-1.7644,-0.813889,-0.0507374,0.0998884,-9.45876,3.29727,-1.67378,-0.736187,-0.0411044,0.135614,-9.783,3.12453,-1.60188,-0.643178,-0.0496236,0.105895,-10.1828,2.94213,-1.51384,-0.505645,-0.053005,0.105039,-9.98466,2.72067,-1.39594,-0.399352,-0.0528414,0.0634795,-10.1452,2.49893,-1.28713,-0.283096,-0.0284416,0.10728,-9.96418,2.31249,-1.16959,-0.172736,-0.065637,0.0345154,-9.84426,2.03258,-1.08419,-0.0832631,-0.0578528,0.0817009,-10.0459,1.81436,-1.00495,-0.00214218,-0.0486268
big_orange_bug_repellent_4,0.0911725,-9.31498,3.52235,-1.865,-0.859849,-0.0923007,0.0712945,-9.30886,3.3912,-1.80597,-0.866935,-0.0781714,0.0475275,-9.59247,3.29399,-1.68309,-0.741512,-0.049869,0.111899,-9.86955,3.10938,-1.59869,-0.592639,-0.0615983,0.0866347,-10.0258,2.88571,-1.48534,-0.48435,-0.0417541,0.102551,-10.2111,2.6832,-1.38293,-0.352048,-0.0567955,0.0744385,-10.1273,2.48293,-1.27666,-0.271869,-0.0467293,0.0721789,-9.95291,2.24441,-1.14331,-0.178565,-0.0701501,0.0785334,-10.0497,1.99582,-1.07638,-0.0455521,-0.0460692,0.0976288,-9.94802,1.72438,-0.954999,0.0201427,-0.0540434
big_orange_bug_repellent_5,0.116975,-9.34702,3.53174,-1.86551,-0.863025,-0.0848382,0.0910676,-9.21705,3.37982,-1.79043,-0.807816,-0.0196966,0.122655,-9.48798,3.26005,-1.68285,-0.747025,-0.0324355,0.0838835,-9.94118,3.13164,-1.60976,-0.637001,-0.0307635,0.137101,-10.1435,2.8931,-1.52594,-0.491207,-0.0695759,0.125574,-9.98003,2.65123,-1.34232,-0.361821,-0.0673768,0.116818,-10.1044,2.43422,-1.24765,-0.260974,-0.0444714,0.119375,-10.1071,2.23667,-1.19704,-0.148116,-0.0516376,0.0759336,-9.96296,1.98556,-1.06778,-0.0490362,-0.0460983,0.122186,-9.96675,1.73183,-0.981092,0.0425589,-0.0421566
coffee_mate_container_1,0.131299,-8.99773,3.43946,-1.7469,-0.803642,-0.0730694,0.115875,-8.86543,3.32537,-1.6699,-0.769151,-0.0208708,0.115243,-9.35258,3.24745,-1.62375,-0.706796,-0.00787918,0.172705,-9.59844,2.99648,-1.45219,-0.542646,-0.0380922,0.0983717,-9.86676,2.80603,-1.34879,-0.461608,-0.0406374,0.114627,-9.76638,2.56651,-1.26242,-0.307376,-0.0394834,0.109078,-9.85027,2.31505,-1.18179,-0.212382,0.00825162,0.150906,-9.73577,2.0426,-1.01081,-0.0565339,-0.0453566,0.222342,-9.94572,1.94056,-1.02119,-0.0379522,-0.0157139,0.165605,-9.84858,1.66038,-0.881792,0.0553945,-0.0306621
coffee_mate_container_2,0.0565598,-9.12713,3.39365,-1.72308,-0.78804,-0.104942,0.0157224,-9.10411,3.29697,-1.65338,-0.747002,-0.082826,0.0238571,-9.38332,3.13798,-1.56958,-0.630458,-0.071702,-0.0071415,-9.50275,2.94442,-1.46815,-0.500692,-0.0659725,0.104038,-9.84287,2.78978,-1.38221,-0.426238,-0.0778876,0.0433588,-9.91207,2.62551,-1.28244,-0.330321,-0.0523676,0.0382174,-9.92482,2.38113,-1.18959,-0.198799,-0.027776,0.0392469,-9.95776,2.11959,-1.09596,-0.118843,-0.0411732,0.0856015,-9.73921,1.80581,-0.93533,-0.0236287,-0.0453763,0.0961181,-9.68225,1.57113,-0.862492,0.0568595,-0.0478524
coffee_mate_container_3,0.150398,-8.89336,3.47657,-1.75042,-0.811491,-0.0687828,0.108167,-8.75004,3.34571,-1.67503,-0.778548,-0.0352582,0.112647,-9.04485,3.24857,-1.57994,-0.700468,0.013766,0.121144,-9.39572,3.00116,-1.47879,-0.55242,-0.0338756,0.166764,-9.60927,2.83311,-1.37628,-0.429397,-0.0541262,0.125379,-9.73308,2.58847,-1.23311,-0.300318,-0.0425126,0.0892814,-9.79283,2.42397,-1.19247,-0.232308,-0.0544002,0.133319,-9.9813,2.16862,-1.08329,-0.10102,-0.0408593,0.18073,-9.87249,1.96877,-1.03234,-0.0549118,-0.0233876,0.163777,-9.71663,1.66258,-0.89363,0.0522416,-0.0254621
coffee_mate_container_4,0.0374463,-8.98837,3.38163,-1.72009,-0.814351,-0.0653702,0.0455458,-9.32312,3.15754,-1.54696,-0.655928,-0.0742914,0.0823195,-9.66412,2.77748,-1.34744,-0.447197,-0.073746,-0.00967376,-9.86982,2.48037,-1.19612,-0.268076,-0.049065,0.037994,-9.72948,2.0151,-1.02828,-0.0921027,-0.057608,0.079568,-9.71766,1.58531,-0.858231,0.0469005,-0.0446337,0.0594952,-9.56072,1.32431,-0.787088,0.133748,-0.0594097,0.0824295,-9.52787,1.28921,-0.768492,0.141079,-0.0591105,0.0698618,-9.5199,1.2783,-0.766986,0.143486,-0.057604,0.0752151,-9.51098,1.29902,-0.767552,0.137348,-0.0568752
coffee_mate_container_5,0.102938,-9.13477,3.4198,-1.7469,-0.811138,-0.0839477,0.091213,-8.92769,3.31027,-1.64855,-0.818351,-0.0875504,0.0681685,-9.3273,3.18656,-1.63987,-0.672795,-0.0776134,0.137829,-9.74725,3.01365,-1.5,-0.60032,-0.0546861,0.0428913,-9.87826,2.77919,-1.40273,-0.448743,-0.0502482,0.0849216,-9.87752,2.56262,-1.29483,-0.3415,-0.0587733,0.0907796,-10.0012,2.46555,-1.22336,-0.258051,-0.0411763,0.134523,-9.77535,2.16642,-1.04893,-0.114857,-0.0603649,0.11901,-9.72242,1.9169,-1.00309,-0.050341,-0.0458647,0.0825107,-9.73543,1.71223,-0.917254,0.0129102,-0.0523703
green_oeange_water_bottle_1,0.15419,-9.45573,3.59058,-2.00487,-0.937164,-0.0801156,0.136527,-9.36929,3.48849,-1.9304,-0.915526,-0.0649356,0.144988,-9.69436,3.34678,-1.8284,-0.830371,-0.041708,0.117616,-9.97793,3.16496,-1.7358,-0.670703,-0.067309,0.191911,-10.1914,2.95468,-1.5996,-0.538006,-0.0427828,0.192346,-10.2529,2.73313,-1.50419,-0.391101,-0.0250358,0.10191,-10.4351,2.52228,-1.42862,-0.273425,-0.0333307,0.229496,-10.3377,2.2903,-1.26307,-0.179373,-0.0445052,0.111272,-10.0331,1.94827,-1.11228,-0.036821,-0.0462567,0.156336,-10.0704,1.71961,-1.04952,0.0440721,-0.0425524
green_oeange_water_bottle_2,0.0736988,-9.40926,3.55541,-2.01714,-0.947217,-0.0968047,0.0212794,-9.35367,3.48503,-1.95211,-0.962717,-0.090533,0.0723193,-9.67148,3.34504,-1.82773,-0.78795,-0.0480517,0.0778608,-9.97575,3.10415,-1.73311,-0.677036,-0.0641213,0.020811,-10.1047,2.89429,-1.6095,-0.513437,-0.0316572,-0.011869,-10.2026,2.70699,-1.50067,-0.387752,-0.0634707,0.111745,-10.1833,2.46114,-1.4079,-0.237079,-0.0861861,0.00699902,-10.1433,2.1788,-1.23995,-0.109362,-0.0452284,0.0150933,-10.0843,1.91943,-1.1436,-0.0287561,-0.058279,0.0815329,-10.0977,1.73244,-1.05913,0.0600392,-0.0672715
green_oeange_water_bottle_3,0.141843,-9.4406,3.57868,-2.01408,-0.944157,-0.0811006,0.114235,-9.41076,3.49445,-1.95468,-0.945064,-0.0554396,0.17462,-9.74283,3.38381,-1.83004,-0.771342,-0.0209355,0.127157,-9.99144,3.11881,-1.69019,-0.634053,-0.0353354,0.0852208,-10.2289,2.93208,-1.62634,-0.503442,-0.0151436,0.168102,-10.2456,2.77436,-1.50062,-0.384298,-0.0202037,0.0858724,-10.2367,2.50806,-1.4031,-0.275958,-0.0330758,0.202075,-10.2998,2.29323,-1.31601,-0.160432,-0.0475575,0.0532261,-10.0468,1.98318,-1.13679,-0.0292389,-0.0434856,0.088517,-10.0319,1.75042,-1.06403,0.0766688,-0.0272979
green_oeange_water_bottle_4,0.0756635,-9.40588,3.56466,-2.01668,-0.963055,-0.102934,0.0722187,-9.26477,3.42502,-1.92188,-0.929514,-0.0547934,0.10218,-9.67553,3.37331,-1.85118,-0.834457,-0.0563717,0.0400355,-10.0028,3.18858,-1.7746,-0.676137,-0.0515583,0.0893875,-10.1594,2.95479,-1.65468,-0.559049,-0.05691,0.0729395,-10.1709,2.71074,-1.51205,-0.390404,-0.0847983,0.0785341,-10.1846,2.53171,-1.38596,-0.284178,-0.064242,0.0752588,-10.1743,2.29912,-1.30899,-0.179129,-0.0440335,0.0404046,-10.1359,2.01119,-1.16893,-0.0475675,-0.0312148,0.0841909,-10.0603,1.78432,-1.10084,0.0100453,-0.0447306
green_oeange_water_bottle_5,0.122824,-9.31293,3.61252,-2.03493,-0.975222,-0.0863754,0.122598,-9.19573,3.50781,-1.92305,-0.954441,-0.0930965,0.0591671,-9.71336,3.39731,-1.91102,-0.846382,-0.0125482,0.0835814,-9.97864,3.17487,-1.78155,-0.674929,-0.0586878,0.114147,-10.0603,2.94274,-1.61889,-0.54537,-0.0528986,0.108762,-10.3184,2.71467,-1.52222,-0.381746,-0.050576,0.143905,-10.1344,2.47438,-1.3642,-0.273372,-0.0484743,0.0641058,-10.2425,2.28876,-1.28206,-0.159571,-0.0485335,0.128157,-10.2088,2.07317,-1.18526,-0.0916655,-0.0465492,0.114942,-9.93506,1.72072,-1.09053,0.0477465,-0.0538381
blue_red_avengers_water_bottle_full_1,0.182181,-10.329,4.02164,-2.68303,-1.29078,-0.02976,0.138565,-10.2222,3.88885,-2.56938,-1.23927,-0.0241753,0.238787,-10.5938,3.75276,-2.44778,-1.03262,-0.0019767,0.169053,-10.8706,3.5092,-2.30545,-0.890861,0.000351449,0.170559,-11.0502,3.23725,-2.18021,-0.670175,-0.0166351,0.162977,-11.1452,2.95694,-1.97729,-0.466439,-0.0171769,0.105939,-11.1854,2.72467,-1.84834,-0.28937,0.00455003,0.185883,-11.1203,2.42413,-1.74966,-0.145242,-0.0213468,0.174688,-11.1396,2.20341,-1.65119,-0.0162853,0.00261586,0.125524,-11.2322,1.93886,-1.41997,0.183449,0.0154522
blue_red_avengers_water_bottle_full_2,0.0879757,-10.256,4.00192,-2.68122,-1.30021,-0.0547643,0.0418783,-10.1549,3.90582,-2.56902,-1.23941,-0.00582012,0.131851,-10.4865,3.70144,-2.44157,-1.06094,-0.0514288,0.0806832,-10.9563,3.4873,-2.34672,-0.852888,-0.0388158,0.0134899,-11.0329,3.20712,-2.13012,-0.64132,-0.0189142,0.018748,-11.2421,3.00347,-2.05981,-0.484045,-0.0332832,0.0984726,-11.1002,2.66077,-1.86948,-0.258755,0.00957253,0.0207401,-11.097,2.39865,-1.69701,-0.0997017,-0.0509687,0.03956,-11.166,2.10834,-1.58309,0.0557908,-0.0248498,0.0617251,-10.8488,1.71231,-1.36738,0.211436,-0.0158205
blue_red_avengers_water_bottle_full_3,0.138308,-10.4445,3.926,-2.63344,-1.25499,-0.0300542,0.123573,-10.7849,3.64786,-2.41641,-0.984183,0.00524148,0.161645,-11.2436,3.19883,-2.11623,-0.616451,-0.0287796,0.139,-11.3469,2.75625,-1.84961,-0.294773,0.00328289,0.118116,-11.0984,2.16837,-1.6402,-0.0115002,0.00186674,0.16704,-10.9089,1.59246,-1.31414,0.293706,-0.00316519,0.139699,-10.7483,1.28797,-1.18851,0.410203,-0.00272944,0.13947,-10.7062,1.27273,-1.18171,0.416572,0.00121204,0.145366,-10.7088,1.2689,-1.18183,0.404664,0.0016619,0.150426,-10.7028,1.2583,-1.1826,0.414112,0.00325239
blue_red_avengers_water_bottle_full_4,0.112253,-10.4951,3.9601,-2.662,-1.27157,-0.0445061,0.0617413,-10.3668,3.7598,-2.52704,-1.23217,-0.00757819,0.0921889,-10.8889,3.74216,-2.45071,-1.04669,-0.0514168,0.0868506,-11.1551,3.49252,-2.33465,-0.836203,-0.0258945,0.0707519,-11.3106,3.27524,-2.20993,-0.670207,-0.0136587,0.0400466,-11.3037,2.96559,-1.99099,-0.474843,-0.0182744,0.0512348,-11.116,2.60244,-1.80362,-0.244259,-0.0335612,0.0174996,-11.1355,2.4273,-1.74425,-0.140136,-0.0255683,0.0593755,-11.0458,2.08703,-1.55383,0.0389945,-0.0380061,0.0686545,-11.1071,1.84917,-1.4415,0.147125,-0.0256815
blue_red_avengers_water_bottle_full_5,0.135555,-10.3938,4.02733,-2.68532,-1.2897,-0.0446463,0.115156,-10.3126,3.87128,-2.59538,-1.23569,-0.00758536,0.0988682,-10.6842,3.72399,-2.4989,-1.11591,-0.0107365,0.132646,-10.972,3.49339,-2.29766,-0.831555,-0.0275205,0.156756,-11.258,3.23945,-2.17242,-0.625939,0.0129789,0.148004,-11.4035,3.02652,-2.0311,-0.48029,-0.000914136,0.0217155,-11.4189,2.75262,-1.83848,-0.285718,-0.0103369,0.0963689,-11.2865,2.46669,-1.66534,-0.0963339,0.0063907,0.10741,-11.1097,2.09942,-1.59789,0.0334325,-0.00929042,0.120436,-11.0502,1.82932,-1.41828,0.179171,-0.00987997
yellow_lysol_wipes_container_1,0.166934,-8.91863,3.45125,-1.70443,-0.782605,-0.0659941,0.114304,-8.87395,3.30292,-1.641,-0.739112,-0.0140641,0.151841,-9.28674,3.20807,-1.55039,-0.667075,-0.0496857,0.11786,-9.49166,3.02091,-1.45833,-0.575368,-0.0265974,0.199967,-9.70642,2.84016,-1.37931,-0.457175,-0.0231298,0.133848,-9.90474,2.61001,-1.25023,-0.332234,-0.0682382,0.105845,-9.83445,2.40302,-1.1434,-0.209534,-0.00286811,0.118198,-9.67466,2.15229,-1.02192,-0.142251,-0.00835445,0.088531,-9.68333,1.91904,-0.923077,-0.0568558,-0.0359029,0.203021,-9.75892,1.63018,-0.861126,0.0665354,-0.026571
yellow_lysol_wipes_container_2,0.0976057,-8.85311,3.41332,-1.71761,-0.792145,-0.0834276,0.0573548,-8.92501,3.36105,-1.65466,-0.770217,-0.0226951,0.0662483,-9.04757,3.22589,-1.53226,-0.668223,-0.0458038,0.0865946,-9.43343,2.96871,-1.41966,-0.517765,-0.0289614,0.0808126,-9.76833,2.79244,-1.34082,-0.435299,-0.0295966,0.0570449,-9.65616,2.57638,-1.19129,-0.300119,-0.068111,0.0902578,-9.83322,2.39488,-1.16598,-0.229885,-0.0693702,0.107561,-9.85287,2.15897,-1.07309,-0.106128,-0.031524,0.100625,-9.89315,1.93231,-1.01109,-0.0419939,-0.0501759,0.0666363,-9.59188,1.63569,-0.854055,0.0365134,-0.0524935
yellow_lysol_wipes_container_3,0.146796,-9.01902,3.41016,-1.70836,-0.77346,-0.0645469,0.149324,-8.86298,3.29856,-1.58454,-0.773456,-0.00423719,0.185106,-9.25494,3.14297,-1.53023,-0.642448,-0.0227769,0.181155,-9.51857,3.02269,-1.47393,-0.569619,-0.0307768,0.0810759,-9.75553,2.79742,-1.37011,-0.426918,-0.0422852,0.147132,-9.8415,2.61962,-1.27309,-0.339762,-0.0345486,0.175855,-9.86407,2.425,-1.20267,-0.234229,-0.0330414,0.0983504,-9.68603,2.15642,-1.03433,-0.13788,-0.0158903,0.13856,-9.79196,1.97738,-0.996414,-0.060366,-0.036201,0.14257,-9.7198,1.65358,-0.864187,0.0647942,-0.0456158
yellow_lysol_wipes_container_4,0.0771006,-8.98183,3.33831,-1.69478,-0.794001,-0.0738088,0.0898108,-9.31128,3.15177,-1.5425,-0.663478,-0.0468488,0.0787977,-9.7037,2.82153,-1.34472,-0.449649,-0.0467825,0.0964213,-9.89157,2.50986,-1.22627,-0.264944,-0.0425205,0.0982165,-9.66182,2.0216,-0.993768,-0.107286,-0.034682,0.128203,-9.62525,1.59369,-0.869522,0.053045,-0.0351755,0.108263,-9.52516,1.36661,-0.786004,0.120787,-0.0399728,0.0956115,-9.5083,1.35344,-0.782753,0.129666,-0.0459346,0.0870494,-9.49977,1.35338,-0.784781,0.133871,-0.0434354,0.0943696,-9.50321,1.34996,-0.781071,0.133382,-0.0435096
yellow_lysol_wipes_container_5,0.124073,-9.20347,3.37804,-1.70507,-0.765771,-0.0805248,0.128566,-9.08686,3.21828,-1.59326,-0.734081,-0.0405712,0.144766,-9.52399,3.22757,-1.57434,-0.700333,-0.0531765,0.161977,-9.66364,2.99947,-1.42656,-0.58503,-0.0449746,0.0715654,-9.93568,2.78889,-1.35154,-0.42095,-0.0565631,0.144276,-9.70681,2.54479,-1.20215,-0.302421,-0.065956,0.153862,-9.70719,2.33875,-1.12435,-0.208526,-0.0479275,0.135104,-9.93116,2.14766,-1.11484,-0.143557,-0.0341797,0.066701,-9.85214,1.91503,-0.980293,-0.0580895,-0.0290147,0.165702,-9.63688,1.62576,-0.867157,0.0450809,-0.0311437
pink_noodle_h5_1,0.181668,-8.728,3.33196,-1.5324,-0.697416,-0.080089,0.10702,-8.75471,3.2426,-1.47861,-0.694238,-0.0292814,0.0978595,-9.03857,3.1247,-1.42822,-0.599562,-0.0363271,0.15572,-9.37018,2.9375,-1.27626,-0.486801,-0.0660924,0.155935,-9.57534,2.76535,-1.2081,-0.407038,-0.0599524,0.201234,-9.69767,2.56555,-1.11872,-0.294832,-0.0508517,0.110007,-9.62132,2.38827,-1.04878,-0.230123,-0.00397732,0.156238,-9.66221,2.12732,-0.94958,-0.115699,-0.0624843,0.146823,-9.59586,1.93632,-0.888999,-0.0977735,-0.0370363,0.193602,-9.53886,1.65024,-0.791044,0.0159509,-0.0300534
pink_noodle_h5_2,0.0870016,-8.8971,3.27087,-1.51661,-0.683406,-0.0963176,0.0461679,-8.86263,3.19253,-1.47893,-0.681954,-0.103974,0.0558015,-9.20015,3.08793,-1.40979,-0.597421,-0.0681948,0.059366,-9.38511,2.86678,-1.28265,-0.44108,-0.0621181,0.0167754,-9.57735,2.71715,-1.22575,-0.403069,-0.0625266,0.0538298,-9.7756,2.57819,-1.15115,-0.314655,-0.0615917,0.118042,-9.59394,2.23001,-1.00313,-0.183721,-0.0817687,0.10134,-9.62241,2.03645,-0.935406,-0.127482,-0.0804134,0.0533029,-9.46003,1.73329,-0.818474,-0.0169007,-0.0562156,0.0498652,-9.47211,1.49477,-0.725453,0.0334972,-0.062791
pink_noodle_h5_3,0.150233,-8.7483,3.33113,-1.53507,-0.68409,-0.0808099,0.146075,-8.62958,3.23401,-1.42603,-0.676601,-0.0539088,0.138554,-8.88331,3.10075,-1.36785,-0.605293,-0.0806709,0.166044,-9.28078,2.96996,-1.3414,-0.53154,-0.0605193,0.145671,-9.50365,2.81802,-1.24418,-0.42711,-0.0476483,0.159389,-9.39913,2.60038,-1.1191,-0.342842,-0.0299124,0.156926,-9.75583,2.47737,-1.08245,-0.262018,-0.0271165,0.153845,-9.48579,2.24845,-0.974936,-0.169414,-0.0390971,0.109013,-9.25402,1.97343,-0.866369,-0.0927691,-0.0347867,0.151956,-9.43372,1.71814,-0.773116,-0.020274,-0.0564542
pink_noodle_h5_4,0.103431,-8.7408,3.32464,-1.54318,-0.686072,-0.104088,0.0833009,-8.62632,3.20583,-1.4617,-0.702227,-0.0425612,0.101361,-9.05727,3.13051,-1.36087,-0.608456,-0.10778,0.0686448,-9.42434,2.97421,-1.36912,-0.545367,-0.0605232,0.0787956,-9.44257,2.68552,-1.18529,-0.384347,-0.0617477,0.0501258,-9.57485,2.55277,-1.11167,-0.294886,-0.0540433,0.136988,-9.69108,2.38371,-1.05053,-0.226936,-0.0523888,0.113991,-9.679,2.15095,-0.973017,-0.171949,-0.0625241,0.123774,-9.59393,1.87059,-0.852141,-0.0429149,-0.0393715,0.0903381,-9.38446,1.60068,-0.783719,-0.0127698,-0.0419606
pink_noodle_h5_5,0.110621,-8.69921,3.33419,-1.53962,-0.698853,-0.0898183,0.096301,-8.62439,3.21324,-1.47489,-0.658918,-0.0591818,0.161138,-8.95138,3.10842,-1.37598,-0.61677,0.00677416,0.147128,-9.27487,2.97618,-1.33128,-0.566309,-0.0476277,0.142389,-9.52851,2.74049,-1.20625,-0.37909,-0.0767638,0.116268,-9.70514,2.56372,-1.15573,-0.319254,-0.0749246,0.101408,-9.795,2.40873,-1.0793,-0.227501,-0.0493141,0.0749646,-9.58042,2.13146,-0.958386,-0.131808,-0.0180714,0.07658,-9.45085,1.83803,-0.846535,-0.0507847,-0.0669931,0.14509,-9.50223,1.68884,-0.812602,-0.0300463,-0.0530658
white_water_bottle_full_1,0.177286,-11.0597,4.24343,-2.98772,-1.39017,0.00474715,0.166794,-11.0447,4.14013,-2.86484,-1.35067,0.0156057,0.167526,-11.2388,3.91729,-2.71079,-1.16208,0.0282373,0.14757,-11.6455,3.70695,-2.58502,-0.897577,0.0444975,0.150385,-11.6911,3.41941,-2.42393,-0.691018,0.0610245,0.133718,-11.8414,3.17203,-2.21368,-0.479596,0.0380726,0.13962,-11.6912,2.84269,-2.04125,-0.285084,0.058165,0.127582,-11.7162,2.54738,-1.96674,-0.0984631,0.0368454,0.189925,-11.726,2.20895,-1.72689,0.0855583,0.0632401,0.174834,-11.6744,1.9464,-1.59832,0.218373,0.0539828
white_water_bottle_full_2,0.102628,-10.9725,4.18825,-3.07788,-1.44906,0.0131331,0.0900089,-10.851,4.0497,-2.93235,-1.42933,0.0406509,0.0781775,-11.1848,3.88459,-2.85089,-1.21417,0.0268257,0.0349089,-11.5948,3.67605,-2.67504,-0.998766,0.019712,0.133729,-11.7395,3.36065,-2.47178,-0.722468,0.0305594,0.0768499,-11.7703,3.12114,-2.28517,-0.45836,0.0524093,0.120782,-11.7579,2.8235,-2.19474,-0.276015,0.0730947,0.0491615,-11.7528,2.51146,-2.01836,-0.0838665,0.0270622,0.0461748,-11.5178,2.12449,-1.76647,0.112487,0.0523301,0.126951,-11.4235,1.89776,-1.66381,0.255889,0.0424869
white_water_bottle_full_3,0.169824,-11.1911,4.18202,-2.96839,-1.38109,0.00583975,0.114634,-11.1109,4.06466,-2.84316,-1.32145,0.0532908,0.123063,-11.5342,3.92337,-2.75599,-1.1236,0.0203131,0.0580617,-11.6061,3.63226,-2.58876,-0.898741,0.0407429,0.177464,-11.8124,3.37895,-2.43064,-0.672712,0.0450587,0.0643961,-11.7444,3.02578,-2.15234,-0.384693,0.0626281,0.149213,-11.7343,2.77556,-2.0584,-0.215819,0.0524566,0.171644,-11.6939,2.46913,-1.87115,-0.0702032,0.0493305,0.106338,-11.5639,2.13674,-1.69322,0.123466,0.04583,0.164969,-11.3407,1.72968,-1.51467,0.322661,0.0535626
white_water_bottle_full_4,0.115154,-10.9867,4.24335,-2.99258,-1.40998,-0.00179181,0.0713818,-10.8838,4.12142,-2.90962,-1.39257,-0.000866791,0.107982,-11.3052,3.97042,-2.73303,-1.21094,0.0115357,0.123603,-11.636,3.73828,-2.63773,-0.915733,0.00977916,0.0481581,-11.9485,3.44823,-2.46533,-0.732624,0.0395677,0.113987,-11.8774,3.16801,-2.17709,-0.438017,0.0324326,0.0530258,-11.9939,2.89308,-2.13308,-0.29004,-0.0113082,0.125766,-11.8416,2.54261,-1.93602,-0.109636,0.0328936,0.0749407,-11.6353,2.22348,-1.70168,0.10312,0.0431476,0.104033,-11.403,1.83252,-1.56668,0.280123,0.032587
white_water_bottle_full_5,0.139359,-11.2067,4.19922,-2.98064,-1.39733,0.0163186,0.0989666,-11.0889,4.06741,-2.88531,-1.36607,0.0773391,0.142956,-11.4174,3.94415,-2.72803,-1.11583,0.068138,0.141674,-11.8051,3.68953,-2.61903,-0.958457,0.0231754,0.146924,-11.8793,3.42412,-2.42382,-0.659117,0.0415036,0.166014,-11.861,3.0942,-2.26119,-0.448319,0.0492079,0.117918,-11.9828,2.86086,-2.12244,-0.251002,0.0503832,0.0981728,-11.8341,2.50987,-1.89318,-0.0550568,0.0611073,0.129691,-11.7088,2.17519,-1.75825,0.106956,0.0477167,0.118657,-11.7263,1.89193,-1.61822,0.244727,0.0544712
plastic_jar_with_beans_1,0.187702,-9.67856,3.66334,-2.17457,-1.04607,-0.0928593,0.14207,-9.57089,3.56702,-2.06451,-0.969231,-0.0568409,0.12749,-9.94334,3.46831,-1.99624,-0.902289,-0.0595277,0.190923,-10.3594,3.27205,-1.82615,-0.655619,-0.0435434,0.190293,-10.4238,2.97341,-1.75192,-0.560266,-0.0246025,0.187055,-10.457,2.74545,-1.57653,-0.402546,-0.058023,0.094241,-10.5358,2.54076,-1.48219,-0.260267,-0.0520412,0.176638,-10.6513,2.27909,-1.4314,-0.157356,-0.0728277,0.175749,-10.326,1.94934,-1.22204,-0.0231997,-0.0443107,0.158758,-10.3838,1.71106,-1.11962,0.104415,-0.0443763
plastic_jar_with_beans_2,0.104945,-9.69135,3.62375,-2.17766,-1.03987,-0.0969925,0.0891731,-9.65659,3.53714,-2.11285,-1.02561,-0.087589,0.079148,-9.97567,3.41973,-2.00494,-0.896922,-0.0580932,0.0903328,-10.2932,3.16636,-1.87474,-0.77902,-0.0603931,0.076614,-10.521,2.96216,-1.76745,-0.567192,-0.0818191,0.131663,-10.317,2.69777,-1.56155,-0.397353,-0.0683789,0.0627582,-10.5083,2.51826,-1.47479,-0.250766,-0.073255,0.0540268,-10.423,2.23203,-1.33804,-0.12654,-0.0425296,0.0546415,-10.3469,1.97334,-1.26074,-0.0128998,-0.044977,0.0746915,-10.2034,1.63063,-1.11229,0.133238,-0.0525349
plastic_jar_with_beans_3,0.158431,-9.57885,3.69434,-2.20774,-1.06045,-0.0636705,0.157277,-9.46423,3.58844,-2.10217,-1.01063,-0.0155064,0.158989,-9.85464,3.41291,-1.99748,-0.884822,-0.0570056,0.167613,-10.3093,3.2407,-1.90436,-0.698923,-0.0529348,0.119339,-10.4187,2.97392,-1.73466,-0.540229,-0.0623787,0.199386,-10.4337,2.75692,-1.59763,-0.368805,-0.0226111,0.169851,-10.6548,2.52552,-1.54475,-0.249088,-0.0606692,0.0962336,-10.3552,2.19251,-1.3356,-0.0747655,-0.0127974,0.0887002,-10.259,1.9009,-1.17654,0.0606748,-0.0333632,0.139476,-10.0645,1.57928,-1.11058,0.145898,-0.0207575
plastic_jar_with_beans_4,0.109066,-9.6539,3.68995,-2.21654,-1.06526,-0.0721688,0.109071,-9.52888,3.55209,-2.11682,-1.00072,-0.0292355,0.0935686,-9.78394,3.43401,-2.00431,-0.899051,-0.0123705,0.0870782,-10.2971,3.26594,-1.9188,-0.740709,-0.0741078,0.0812053,-10.5373,3.01588,-1.7765,-0.57335,-0.0550896,0.105427,-10.5302,2.76118,-1.64269,-0.396931,-0.0290743,0.0468305,-10.4806,2.51411,-1.5195,-0.267927,-0.033507,0.0680516,-10.4742,2.31692,-1.39341,-0.159504,-0.0325982,0.126466,-10.4937,2.04283,-1.27567,-0.0222067,-0.0257297,0.115815,-10.2197,1.69225,-1.14729,0.10085,-0.0359894
plastic_jar_with_beans_5,0.124049,-9.62089,3.60929,-2.19438,-1.04509,-0.0559455,0.138575,-10.0143,3.44234,-2.0274,-0.88598,-0.0586467,0.154751,-10.4823,2.9836,-1.78198,-0.567195,-0.0370438,0.127301,-10.5485,2.55049,-1.5337,-0.268267,-0.0333822,0.133144,-10.5508,2.10036,-1.33167,-0.0379902,-0.0408779,0.164524,-10.2361,1.58002,-1.0905,0.17473,-0.019272,0.155696,-10.1043,1.27543,-0.996496,0.275218,-0.0303504,0.156964,-10.0936,1.25286,-0.987885,0.278529,-0.0255869,0.145902,-10.0914,1.25661,-0.987029,0.278229,-0.0251222,0.14939,-10.095,1.2473,-0.991246,0.278939,-0.0309034
yellow_ketchup_bottle_full_1,0.178315,-9.92212,3.70452,-2.24196,-1.08547,-0.0573468,0.184278,-10.3927,3.46772,-2.08131,-0.858364,-0.0492906,0.16147,-10.6305,3.05416,-1.84143,-0.579045,-0.0340305,0.187953,-10.6916,2.59534,-1.55728,-0.290606,-0.049595,0.126074,-10.7194,2.1609,-1.40068,-0.0730546,-0.0269727,0.167354,-10.5772,1.65474,-1.19074,0.145835,-0.0393385,0.177472,-10.4514,1.3586,-1.05899,0.269293,-0.0384516,0.183303,-10.3812,1.34254,-1.0447,0.273079,-0.0398353,0.175838,-10.3897,1.33793,-1.04902,0.272957,-0.0357824,0.186602,-10.3952,1.35198,-1.04413,0.2734,-0.0369882
yellow_ketchup_bottle_full_2,0.115208,-9.88537,3.77195,-2.29975,-1.09504,-0.077455,0.0832211,-9.71396,3.63444,-2.15768,-1.01507,-0.0512344,0.127677,-10.2269,3.51802,-2.05412,-0.904854,-0.0623181,0.0489348,-10.4225,3.32321,-2.01692,-0.787837,-0.0471717,0.0935639,-10.653,3.0343,-1.84809,-0.578606,-0.0518639,0.152861,-10.6771,2.82138,-1.70935,-0.388154,-0.0174147,0.0881,-10.6547,2.5323,-1.59804,-0.259421,-0.0318866,0.0570485,-10.6432,2.25228,-1.46493,-0.132962,-0.0487831,0.123868,-10.5917,2.02025,-1.343,0.00174157,-0.0228742,0.0725077,-10.4376,1.68199,-1.1962,0.128982,-0.0388079
yellow_ketchup_bottle_full_3,0.173271,-10.0529,3.74696,-2.26754,-1.07366,-0.0625258,0.164605,-9.98795,3.66276,-2.19444,-1.07595,-0.0675955,0.169435,-10.2394,3.49193,-2.1219,-0.872957,-0.0196638,0.135106,-10.4736,3.26094,-1.96419,-0.75678,-0.0315427,0.0885865,-10.7144,3.07783,-1.84275,-0.561543,-0.018581,0.145435,-10.8901,2.88736,-1.71995,-0.416049,-0.0418268,0.170016,-10.8327,2.6307,-1.54257,-0.276018,-0.0175034,0.13358,-10.7764,2.28704,-1.45423,-0.142596,-0.0714471,0.131169,-10.6485,2.01053,-1.31719,-0.0052566,-0.00853874,0.148608,-10.5656,1.71236,-1.18207,0.149863,-0.0150851
yellow_ketchup_bottle_full_4,0.104452,-10.0752,3.74142,-2.2861,-1.06814,-0.0637528,0.0903266,-9.9586,3.58699,-2.17381,-1.06862,-0.0307945,0.0907789,-10.4877,3.59777,-2.17946,-0.908029,-0.0433673,0.0961166,-10.6032,3.28028,-1.95948,-0.68904,-0.0368765,0.118813,-10.7665,3.06822,-1.8508,-0.568526,-0.0486795,0.0888584,-10.8675,2.86913,-1.70064,-0.422987,-0.0301683,0.0718678,-10.7319,2.55925,-1.57988,-0.243061,-0.0158584,0.139531,-10.8089,2.36022,-1.50792,-0.157949,-0.0379157,0.0879722,-10.5988,2.03432,-1.31482,-0.00680327,-0.0370495,0.17046,-10.5292,1.76934,-1.22932,0.0844528,-0.0242679
yellow_ketchup_bottle_full_5,0.155449,-10.135,3.75047,-2.27834,-1.06417,-0.0696096,0.146502,-10.0571,3.59481,-2.21371,-1.06202,-0.0156629,0.112155,-10.3633,3.45523,-2.07117,-0.871744,-0.0316066,0.103299,-10.6872,3.26407,-1.98114,-0.692297,-0.0270688,0.151747,-10.8211,3.00971,-1.86329,-0.541163,-0.0355775,0.150176,-10.7807,2.7313,-1.65896,-0.327805,0.00871673,0.181644,-10.7719,2.46665,-1.60051,-0.2039,-0.0450376,0.168444,-10.8355,2.24277,-1.46083,-0.0721454,-0.0155704,0.139148,-10.6623,1.91073,-1.28393,0.062783,-0.0420144,0.135086,-10.4855,1.56583,-1.12817,0.187593,-0.0251941
lime_green_purple_water_bottle_1,0.188427,-10.1998,3.83509,-2.48079,-1.19641,-0.0598748,0.171521,-10.1304,3.77114,-2.37275,-1.13769,-0.0195338,0.158333,-10.3803,3.57036,-2.23881,-0.970274,0.00044943,0.158718,-10.6664,3.36199,-2.10495,-0.821925,-0.0135375,0.194678,-10.9876,3.0972,-1.94042,-0.586469,-0.0579959,0.143395,-11.0408,2.90299,-1.8283,-0.438228,-0.0412689,0.143717,-11.0612,2.59176,-1.70805,-0.236635,-0.0265727,0.145343,-10.8342,2.27651,-1.58535,-0.0824826,-0.0396526,0.189432,-10.814,2.00928,-1.42808,0.0379241,-0.00792886,0.193566,-10.8658,1.76542,-1.33242,0.143265,-0.00885188
lime_green_purple_water_bottle_2,0.121157,-10.1107,3.77533,-2.42836,-1.16162,-0.0585923,0.0950245,-10.4748,3.56364,-2.26697,-0.986915,-0.0420984,0.0743617,-10.8586,3.12749,-1.98011,-0.637876,-0.0395563,0.0819973,-10.8398,2.70549,-1.75494,-0.31971,-0.0556631,0.106306,-10.8348,2.19675,-1.51655,-0.0509087,-0.0397046,0.102332,-10.6687,1.67966,-1.28069,0.17802,-0.0168514,0.111143,-10.6178,1.40152,-1.1734,0.296239,-0.0442185,0.121978,-10.5495,1.38017,-1.15504,0.299084,-0.045439,0.114916,-10.5566,1.38664,-1.15648,0.298939,-0.0388217,0.118724,-10.5709,1.38517,-1.16525,0.298561,-0.0470421
lime_green_purple_water_bottle_3,0.169562,-10.1416,3.83293,-2.51483,-1.21075,-0.0619718,0.154231,-10.04,3.71778,-2.42418,-1.18067,-0.0577309,0.138627,-10.4558,3.57575,-2.27206,-1.0245,-0.00599358,0.0943646,-10.7022,3.36046,-2.19081,-0.851257,-0.0348513,0.179705,-10.8511,3.09664,-2.01727,-0.634654,-0.020667,0.178213,-10.974,2.89443,-1.93221,-0.453307,-0.0416543,0.115512,-11.0621,2.69082,-1.75682,-0.309688,-0.0358836,0.0706089,-10.8609,2.29961,-1.57208,-0.112052,-0.0214174,0.152501,-10.7829,2.02448,-1.48665,0.00411129,-0.0256005,0.157884,-10.8346,1.83727,-1.3671,0.142416,-0.00775508
lime_green_purple_water_bottle_4,0.134204,-10.0514,3.86963,-2.47588,-1.20046,-0.0659481,0.105231,-10.0233,3.73948,-2.39351,-1.17878,-0.0636724,0.0521704,-10.3857,3.63245,-2.31142,-0.996836,-0.0121165,0.0365863,-10.6379,3.33252,-2.12648,-0.760192,-0.0381399,0.0967188,-10.9313,3.08623,-1.97633,-0.596729,-0.0498057,0.0942713,-10.994,2.85323,-1.84042,-0.426447,-0.0204854,0.107077,-10.9223,2.59824,-1.69171,-0.239995,-0.00336149,0.127024,-10.9057,2.3292,-1.55396,-0.134532,-0.0249099,0.123474,-10.8318,2.06398,-1.47075,0.00371982,-0.0275472,0.129066,-10.7439,1.73676,-1.28871,0.144312,-0.024645
lime_green_purple_water_bottle_5,0.136656,-10.1114,3.78341,-2.47513,-1.20314,-0.0356102,0.0976026,-10.4753,3.55838,-2.29286,-0.955524,0.00911928,0.121855,-10.8716,3.10382,-2.03966,-0.632996,-0.0169449,0.104511,-10.9782,2.70157,-1.74964,-0.318986,-0.0476843,0.112914,-10.8506,2.17389,-1.52437,-0.0392801,-0.0209593,0.16214,-10.7006,1.69995,-1.31505,0.188205,-0.0195043,0.149392,-10.6055,1.38063,-1.19067,0.32629,-0.0231111,0.14737,-10.5686,1.36952,-1.18182,0.321955,-0.0312968,0.15306,-10.5685,1.35135,-1.172,0.327024,-0.024931,0.149697,-10.5668,1.36658,-1.17802,0.328505,-0.0342106
tones_pepper_plastic_container_1,0.18823,-8.96684,3.35498,-1.61283,-0.734252,-0.077489,0.167493,-8.96004,3.19349,-1.5093,-0.744812,-0.0585992,0.167976,-9.12837,3.0908,-1.40339,-0.626422,-0.0608142,0.182307,-9.57354,2.97222,-1.35993,-0.522577,-0.0502968,0.162705,-9.6293,2.76961,-1.26586,-0.439818,-0.0417249,0.217132,-9.83774,2.60452,-1.19581,-0.328919,-0.0573883,0.17087,-9.78291,2.40992,-1.11497,-0.257252,-0.0575528,0.156221,-9.56638,2.14106,-0.946414,-0.169402,-0.0558267,0.170033,-9.84366,2.00499,-0.952408,-0.0962381,-0.046775,0.160255,-9.62303,1.7342,-0.856015,-0.0327415,-0.0405533
tones_pepper_plastic_container_2,0.120779,-8.72713,3.36088,-1.63752,-0.752402,-0.0885903,0.0967649,-8.7314,3.26948,-1.5651,-0.722011,-0.0474926,0.113015,-8.94994,3.18911,-1.47208,-0.657715,-0.0263854,0.078339,-9.32731,2.97354,-1.39523,-0.526742,-0.0419263,0.0677652,-9.63178,2.78098,-1.33569,-0.419592,-0.0602999,0.121725,-9.77443,2.58129,-1.21486,-0.318123,-0.0628607,0.117566,-9.62188,2.33985,-1.08532,-0.221448,-0.0370492,0.0630885,-9.48975,2.08795,-0.975992,-0.134961,-0.0589929,0.0637465,-9.41077,1.82136,-0.860626,-0.0473764,-0.0415175,0.151978,-9.55336,1.62453,-0.828657,0.0158709,-0.0494526
tones_pepper_plastic_container_3,0.171975,-8.93944,3.34005,-1.61866,-0.737083,-0.0792518,0.139724,-8.87184,3.27484,-1.54845,-0.716672,-0.0759758,0.10394,-9.09315,3.13492,-1.42606,-0.623808,-0.0728869,0.0995697,-9.50089,2.95176,-1.37499,-0.46973,-0.0660088,0.121017,-9.58457,2.74308,-1.24645,-0.432293,-0.034518,0.0770634,-9.7709,2.58231,-1.18429,-0.313502,-0.0393777,0.123267,-9.56398,2.31818,-1.03804,-0.21031,-0.0197434,0.136355,-9.53609,2.13981,-1.00669,-0.155101,-0.0533556,0.169488,-9.69674,1.90814,-0.933813,-0.0653152,-0.0218916,0.157424,-9.67068,1.64791,-0.809764,0.0360419,-0.0384518
tones_pepper_plastic_container_4,0.131244,-8.83271,3.36395,-1.63464,-0.745596,-0.0917211,0.111642,-8.7001,3.22576,-1.54074,-0.739659,-0.0629139,0.136451,-8.99366,3.18721,-1.50259,-0.689696,-0.0683122,0.11752,-9.40258,3.0227,-1.3968,-0.555575,-0.0428465,0.0970482,-9.62788,2.8132,-1.32178,-0.448497,-0.0615839,0.147777,-9.58417,2.55251,-1.18523,-0.332631,-0.061334,0.0768342,-9.76769,2.39756,-1.13274,-0.254549,-0.0622369,0.136249,-9.85999,2.17994,-1.03362,-0.156709,-0.0474852,0.131988,-9.67351,1.9695,-0.932056,-0.0992828,-0.0521732,0.182666,-9.49652,1.67886,-0.814218,0.00161605,-0.0525508
tones_pepper_plastic_container_5,0.138998,-8.93207,3.34427,-1.62308,-0.736618,-0.0825358,0.156998,-9.26517,3.1414,-1.48366,-0.644941,-0.0550848,0.147229,-9.67433,2.82244,-1.32505,-0.457113,-0.0587544,0.153136,-9.89557,2.47172,-1.15968,-0.271846,-0.0537025,0.151887,-9.66413,2.0316,-0.949688,-0.113207,-0.0441645,0.133912,-9.5362,1.62116,-0.82984,0.00793593,-0.0383776,0.14287,-9.52647,1.36948,-0.753807,0.098469,-0.0445948,0.164107,-9.5253,1.39444,-0.752873,0.101659,-0.0399507,0.149149,-9.52004,1.37676,-0.751421,0.0970617,-0.0405233,0.151641,-9.51365,1.38673,-0.748619,0.0997681,-0.0436151
small_heb_cola_can_1,0.188514,-8.65687,3.3326,-1.52202,-0.688855,-0.0757327,0.187427,-8.55768,3.17453,-1.44079,-0.711766,-0.0372294,0.154667,-9.16227,3.17226,-1.37388,-0.588253,-0.0670597,0.181595,-9.283,2.90401,-1.26438,-0.464703,-0.0410094,0.163753,-9.58913,2.72391,-1.1626,-0.360662,-0.0444083,0.179684,-9.57871,2.50767,-1.11146,-0.276436,-0.060486,0.192231,-9.58185,2.34823,-1.00574,-0.226082,-0.0862749,0.179949,-9.82004,2.18519,-0.96968,-0.176164,-0.0432203,0.161312,-9.79396,1.87862,-0.835649,-0.0563987,-0.0445521,0.16833,-9.5507,1.61294,-0.773094,-0.0134284,-0.0535314
small_heb_cola_can_2,0.102837,-8.70896,3.29893,-1.52715,-0.688211,-0.0992409,0.087259,-8.64182,3.23024,-1.45272,-0.690834,-0.10537,0.0925402,-9.20926,3.14785,-1.39806,-0.582032,-0.0884166,0.132701,-9.2304,2.91317,-1.28775,-0.492144,-0.0791344,0.0949199,-9.60733,2.74902,-1.19964,-0.40747,-0.0559102,0.0594558,-9.45477,2.50862,-1.07746,-0.284629,-0.0479808,0.101212,-9.36132,2.27976,-0.971326,-0.196341,-0.065803,0.118878,-9.5162,2.13863,-0.953117,-0.147417,-0.0641936,0.108896,-9.71268,1.92534,-0.884514,-0.0756674,-0.0448594,0.150785,-9.38956,1.6011,-0.763738,0.0128207,-0.0561015
small_heb_cola_can_3,0.158316,-8.73442,3.25223,-1.48722,-0.664131,-0.0757609,0.155899,-9.19094,3.13778,-1.38893,-0.598296,-0.0338075,0.148048,-9.50197,2.74658,-1.21584,-0.421385,-0.0335551,0.16763,-9.554,2.39801,-1.0255,-0.246663,-0.0713605,0.118839,-9.44681,2.00601,-0.899406,-0.123627,-0.0328275,0.177072,-9.57591,1.63654,-0.766139,0.0124728,-0.0322217,0.172399,-9.41316,1.39173,-0.687214,0.0855617,-0.0426633,0.163972,-9.38407,1.36134,-0.682925,0.0853383,-0.0394977,0.16116,-9.38688,1.36153,-0.678169,0.0954344,-0.0355437,0.160502,-9.37336,1.35702,-0.675829,0.0891603,-0.0374345
small_heb_cola_can_4,0.112286,-8.8528,3.25329,-1.49637,-0.68761,-0.0714264,0.1141,-9.13133,3.06315,-1.38426,-0.621067,-0.0660549,0.102598,-9.57555,2.74475,-1.21914,-0.422514,-0.0710629,0.155083,-9.70918,2.4267,-1.05719,-0.269286,-0.0707463,0.0876539,-9.61544,2.05223,-0.918109,-0.1226,-0.0621259,0.123909,-9.43004,1.61604,-0.762357,-0.0102831,-0.0427148,0.151926,-9.44263,1.38549,-0.698964,0.0707188,-0.0454164,0.141345,-9.35779,1.34832,-0.683158,0.0773371,-0.051097,0.133137,-9.36444,1.35848,-0.689192,0.075346,-0.0502961,0.140223,-9.35788,1.34713,-0.683975,0.0730153,-0.0509643
small_heb_cola_can_5,0.160325,-8.86292,3.29554,-1.52747,-0.677498,-0.0851596,0.130512,-8.80772,3.18797,-1.47263,-0.683344,-0.0537338,0.108262,-9.17149,3.11008,-1.40795,-0.634124,-0.0483194,0.118507,-9.42381,2.94475,-1.30195,-0.526277,-0.0686188,0.136146,-9.53257,2.71924,-1.19873,-0.411911,-0.0393138,0.21146,-9.65484,2.51455,-1.1011,-0.288717,-0.0630719,0.0776437,-9.73054,2.40641,-1.05584,-0.250984,-0.046526,0.165625,-9.73486,2.12901,-0.960804,-0.137749,-0.0450624,0.128444,-9.66203,1.92793,-0.873309,-0.0791369,-0.0461884,0.149901,-9.50522,1.64243,-0.767942,-0.00651587,-0.0431898
orange_plastic_ball_1,0.16349,-8.65566,3.3093,-1.53417,-0.703095,-0.0721255,0.124669,-9.00888,3.11262,-1.38852,-0.603304,-0.0403019,0.173188,-9.45172,2.73943,-1.21012,-0.412742,-0.0416237,0.192711,-9.53856,2.42002,-1.04641,-0.234195,-0.0246963,0.181215,-9.53798,1.97784,-0.882629,-0.0797364,-0.0368107,0.189215,-9.54111,1.63021,-0.780325,0.0161264,-0.0348621,0.186209,-9.43011,1.35107,-0.69243,0.0947704,-0.0344639,0.192478,-9.41986,1.34198,-0.688115,0.0999601,-0.0334475,0.181043,-9.40219,1.33977,-0.690568,0.095601,-0.0376017,0.185984,-9.42146,1.33781,-0.683626,0.0927737,-0.0370983
orange_plastic_ball_2,0.115633,-8.84557,3.31253,-1.56523,-0.698937,-0.0986075,0.0937103,-8.81775,3.25634,-1.49954,-0.734578,-0.0409519,0.0468312,-9.13938,3.12681,-1.43575,-0.591104,-0.0565181,0.0968098,-9.3718,2.96665,-1.3275,-0.503398,-0.0624291,0.0641146,-9.55225,2.71689,-1.23722,-0.397234,-0.0975855,0.061395,-9.75648,2.63869,-1.18716,-0.333855,-0.0379272,0.131862,-9.73521,2.41688,-1.08009,-0.254479,-0.0771947,0.0984663,-9.69065,2.12234,-0.979082,-0.146828,-0.0413724,0.0803999,-9.44652,1.905,-0.88776,-0.0979463,-0.0687196,0.115061,-9.43491,1.62755,-0.800427,0.000289958,-0.0386952
orange_plastic_ball_3,0.172718,-8.83348,3.32914,-1.54739,-0.69782,-0.0870543,0.112411,-8.80813,3.25754,-1.5173,-0.728928,-0.0361425,0.133631,-9.13023,3.14887,-1.38526,-0.596901,-0.0346543,0.163238,-9.35818,2.91393,-1.30532,-0.485122,-0.0378213,0.13734,-9.53092,2.71347,-1.21476,-0.402305,-0.0606585,0.0966919,-9.71676,2.54958,-1.1398,-0.304881,-0.0342883,0.164958,-9.56398,2.32538,-1.03039,-0.234205,-0.0777937,0.147183,-9.61313,2.18441,-0.984827,-0.142679,-0.042487,0.185712,-9.76014,1.99117,-0.931787,-0.0937282,-0.0477195,0.187993,-9.60653,1.68756,-0.793671,0.00118356,-0.0514679
orange_plastic_ball_4,0.148413,-8.75838,3.34704,-1.56559,-0.709558,-0.0834614,0.129078,-8.64581,3.25797,-1.5226,-0.685015,-0.0319584,0.11112,-9.10987,3.21329,-1.45934,-0.650808,-0.0502314,0.11735,-9.267,2.89576,-1.29296,-0.474518,-0.0649581,0.0588883,-9.80385,2.81132,-1.26789,-0.412137,-0.0506995,0.0838311,-9.52951,2.50656,-1.12701,-0.308505,-0.0591389,0.04428,-9.5595,2.35446,-1.02033,-0.230758,-0.0774115,0.11538,-9.69619,2.20734,-1.00087,-0.191757,-0.051808,0.188485,-9.54333,1.84416,-0.836182,-0.0632212,-0.0359033,0.173005,-9.5037,1.6367,-0.782363,0.0178563,-0.0411607
orange_plastic_ball_5,0.168707,-8.70788,3.34708,-1.57175,-0.711112,-0.0831346,0.135113,-8.70136,3.23596,-1.52175,-0.681959,-0.0485465,0.16614,-9.03209,3.19322,-1.44759,-0.680738,-0.0666508,0.14886,-9.39107,2.94805,-1.34539,-0.49412,-0.0431196,0.172566,-9.61136,2.77593,-1.2785,-0.411519,-0.0410111,0.210859,-9.59753,2.58258,-1.12539,-0.309575,-0.0585894,0.138075,-9.7702,2.44708,-1.10397,-0.251295,-0.0731927,0.143515,-9.50067,2.09003,-0.927904,-0.154639,-0.0612647,0.132326,-9.49143,1.88924,-0.87916,-0.100288,-0.0429094,0.150903,-9.32326,1.60181,-0.768976,0.00613679,-0.0488805
white_styrofoam_square_block_1,0.200665,-8.74435,3.32091,-1.52166,-0.679767,-0.0784989,0.179217,-8.67679,3.1837,-1.42877,-0.710793,-0.0297015,0.209014,-8.97778,3.14335,-1.38378,-0.582957,-0.0189068,0.206766,-9.34,2.95755,-1.28146,-0.487117,-0.0329972,0.20421,-9.50636,2.72185,-1.20626,-0.378849,-0.0473568,0.151598,-9.48204,2.51302,-1.05856,-0.292264,0.00996737,0.225475,-9.80342,2.34028,-1.03282,-0.201472,-0.0346717,0.212544,-9.82619,2.26151,-0.981816,-0.168959,-0.0531425,0.203211,-9.56152,1.8686,-0.810632,-0.0391626,-0.035196,0.208102,-9.65603,1.60402,-0.75882,0.0332195,-0.0269576
white_styrofoam_square_block_2,0.120469,-8.72547,3.26387,-1.50995,-0.677934,-0.08391,0.0765655,-9.16679,3.06695,-1.38051,-0.592921,-0.0528855,0.135242,-9.49111,2.7213,-1.2244,-0.415502,-0.0622677,0.0873425,-9.5286,2.36811,-1.02201,-0.254727,-0.0650304,0.123735,-9.43638,2.0199,-0.905045,-0.136213,-0.0544811,0.125311,-9.42195,1.53412,-0.740176,0.0356044,-0.0313173,0.11195,-9.38708,1.29438,-0.675696,0.0893253,-0.0534409,0.130197,-9.31269,1.27681,-0.673243,0.0870358,-0.0470369,0.124769,-9.31053,1.2821,-0.679701,0.0936808,-0.0543276,0.127043,-9.31686,1.28231,-0.673283,0.0861306,-0.0508289
white_styrofoam_square_block_3,0.160144,-8.80855,3.30565,-1.52413,-0.681788,-0.082526,0.130777,-8.72938,3.22453,-1.4728,-0.683155,-0.054038,0.0573573,-9.21345,3.1853,-1.45038,-0.609486,-0.0609912,0.191583,-9.34156,2.87672,-1.24547,-0.46695,-0.0514021,0.114415,-9.57456,2.70448,-1.19269,-0.384363,-0.0341037,0.112175,-9.55095,2.51712,-1.10988,-0.309597,-0.0656496,0.217085,-9.69752,2.35659,-1.02539,-0.211185,-0.069971,0.0915381,-9.70312,2.09428,-0.941097,-0.118572,-0.0327227,0.110427,-9.43878,1.89629,-0.833853,-0.0746119,-0.0386243,0.131596,-9.36665,1.66281,-0.775635,0.00315518,-0.0437584
white_styrofoam_square_block_4,0.133025,-8.78877,3.31984,-1.53392,-0.69144,-0.0916969,0.146387,-8.65856,3.19945,-1.47805,-0.687362,-0.0654695,0.0853082,-9.18692,3.1612,-1.41394,-0.658197,-0.0533944,0.091136,-9.29893,2.96401,-1.31115,-0.48442,-0.0476156,0.155301,-9.48212,2.76295,-1.23248,-0.439394,-0.0439313,0.0840841,-9.58929,2.56424,-1.12372,-0.334006,-0.0575415,0.0967846,-9.66481,2.42545,-1.05182,-0.253395,-0.0557625,0.161398,-9.56458,2.07836,-0.927937,-0.118471,-0.0280502,0.0812657,-9.40172,1.89272,-0.84353,-0.0877779,-0.0586565,0.147414,-9.75751,1.7685,-0.850394,-0.034234,-0.0323522
white_styrofoam_square_block_5,0.166399,-8.68983,3.3435,-1.54149,-0.702571,-0.0959729,0.150832,-8.59382,3.21565,-1.46209,-0.685604,-0.0742421,0.120041,-9.20514,3.18048,-1.45615,-0.632677,-0.0564552,0.153925,-9.20908,2.91776,-1.28231,-0.489276,-0.0595932,0.0919758,-9.70922,2.75439,-1.19773,-0.406777,-0.0868263,0.182236,-9.68004,2.5164,-1.11144,-0.291662,-0.0682294,0.222023,-9.52311,2.32525,-1.00917,-0.202898,-0.0324359,0.117334,-9.52017,2.13857,-0.938506,-0.134429,-0.0293498,0.13364,-9.5751,1.79898,-0.851748,-0.0289874,-0.0522642,0.144179,-9.58396,1.64992,-0.782871,0.00253574,-0.0285209
yogurt_container_with_beans_1,0.220186,-9.95771,3.77748,-2.45776,-1.21131,-0.0462039,0.184168,-10.3376,3.58018,-2.30966,-1.01267,-0.0527183,0.23668,-10.7063,3.16961,-2.03623,-0.674678,-0.0300788,0.224992,-10.9017,2.77353,-1.84043,-0.403568,-0.0222546,0.20771,-10.8739,2.30775,-1.63265,-0.133477,-0.0396364,0.223703,-10.8853,1.85396,-1.37507,0.0903745,-0.036874,0.223663,-10.6601,1.3953,-1.20337,0.300988,-0.0269096,0.204119,-10.5578,1.31775,-1.14999,0.329919,-0.0316887,0.194561,-10.576,1.32179,-1.14868,0.332669,-0.0257002,0.193078,-10.5676,1.32028,-1.14438,0.333448,-0.0334073
yogurt_container_with_beans_2,0.142825,-10.0881,3.82116,-2.51322,-1.21057,-0.0818285,0.141426,-10.0225,3.68532,-2.43606,-1.1817,-0.0780681,0.114808,-10.3166,3.61699,-2.38138,-1.07603,-0.0404575,0.12286,-10.7297,3.38405,-2.17343,-0.808412,-0.0208721,0.162532,-10.8556,3.11439,-2.08746,-0.612882,-0.0379518,0.16629,-10.8646,2.79294,-1.8792,-0.430542,-0.0600301,0.117484,-10.875,2.53509,-1.6654,-0.231954,-0.0309684,0.0790267,-10.785,2.30143,-1.53549,-0.104186,-0.0350409,0.0919477,-10.7967,1.96597,-1.37038,0.0691389,-0.0452652,0.160542,-10.7334,1.67504,-1.30084,0.154173,-0.0230558
yogurt_container_with_beans_3,0.188239,-10.1289,3.79937,-2.55047,-1.23241,-0.0623166,0.183664,-9.99251,3.66049,-2.41435,-1.1706,-0.0549265,0.168243,-10.5272,3.49464,-2.27739,-0.939731,-0.0559179,0.170567,-10.7796,3.22285,-2.14706,-0.709537,-0.0280906,0.133834,-10.9125,2.85302,-1.95604,-0.480742,-0.0495683,0.130171,-10.8285,2.58356,-1.79788,-0.31963,-0.00299413,0.148566,-10.8713,2.37338,-1.65458,-0.131949,-0.0427514,0.153285,-10.9041,2.05694,-1.49482,0.0320664,-0.0269817,0.197678,-10.6848,1.70843,-1.3737,0.146989,-0.0112017,0.209982,-10.6782,1.4176,-1.19288,0.331455,-0.00932558
yogurt_container_with_beans_4,0.167054,-10.3061,3.79052,-2.50473,-1.20871,-0.0727499,0.0909838,-10.205,3.59969,-2.41364,-1.19647,-0.0412502,0.0782777,-10.5277,3.4884,-2.35091,-1.01795,-0.0375517,0.149842,-10.7993,3.35382,-2.2073,-0.817845,-0.0521888,0.14158,-10.933,3.03748,-2.02295,-0.603731,-0.0568865,0.141957,-11.0127,2.82019,-1.88467,-0.425324,-0.0499237,0.118016,-11.0865,2.61036,-1.74322,-0.30816,-0.0624336,0.180183,-10.845,2.27776,-1.59952,-0.120807,-0.0270385,0.203724,-10.775,1.94458,-1.43179,0.0132195,-0.0272304,0.14361,-10.7932,1.73478,-1.37216,0.141509,-0.0555854
yogurt_container_with_beans_5,0.184357,-10.3205,3.80134,-2.50442,-1.2076,-0.0608921,0.155221,-10.1929,3.67759,-2.38869,-1.17201,-0.0107673,0.14061,-10.4607,3.48313,-2.32586,-0.952933,-0.0355513,0.12977,-10.7207,3.26436,-2.17152,-0.734832,-0.0192979,0.211341,-10.9825,3.11927,-2.03684,-0.660102,-0.0485747,0.0923958,-11.0862,2.87575,-1.89495,-0.462348,-0.0368791,0.148419,-10.9709,2.58453,-1.72925,-0.285642,-0.0484875,0.16208,-10.9389,2.30382,-1.64153,-0.129791,-0.0333336,0.194547,-11.0028,2.03014,-1.49007,0.0231368,-0.0140819,0.178422,-10.8291,1.75346,-1.3266,0.140944,-0.0321062
red_water_bottle_1,0.204084,-10.8682,4.06948,-2.86322,-1.40201,-0.0549963,0.182968,-10.7586,3.98565,-2.75285,-1.32113,-0.0283897,0.216151,-11.2754,3.87178,-2.67694,-1.1808,-0.0128548,0.193042,-11.4367,3.59782,-2.52191,-0.921429,-0.0453396,0.16147,-11.5162,3.28024,-2.3397,-0.711836,-0.012001,0.219472,-11.6007,3.008,-2.17575,-0.496142,-0.0347463,0.128881,-11.8179,2.802,-1.99749,-0.309845,-0.0545407,0.145364,-11.7277,2.43231,-1.8218,-0.10216,-0.0339568,0.178839,-11.4497,2.08377,-1.68895,0.0429275,-0.0333963,0.215974,-11.4033,1.79818,-1.51394,0.193761,-0.00771653
red_water_bottle_2,0.146814,-10.6717,4.03899,-2.85016,-1.40989,-0.0678576,0.0997258,-10.9485,3.72608,-2.64801,-1.13543,-0.0384799,0.16623,-11.4406,3.25358,-2.33419,-0.707798,-0.0484595,0.123026,-11.4431,2.71804,-2.05579,-0.33031,-0.0292932,0.163415,-11.3431,2.1891,-1.77115,-0.025651,-0.0497887,0.122959,-11.1934,1.57655,-1.45535,0.288597,-0.0224045,0.148526,-11.0689,1.27051,-1.28934,0.4455,-0.0475646,0.150583,-11.0425,1.28394,-1.31797,0.426136,-0.0512491,0.14714,-11.0516,1.28388,-1.31692,0.433841,-0.0536905,0.158891,-11.0502,1.28457,-1.31367,0.423737,-0.0476327
red_water_bottle_3,0.178684,-10.8093,4.10174,-2.90229,-1.40709,-0.0554532,0.15624,-10.6412,3.9499,-2.74702,-1.37771,-0.0214784,0.122874,-11.1269,3.84753,-2.74445,-1.20053,-0.0365603,0.157626,-11.4719,3.57053,-2.49927,-0.916345,-0.0129208,0.173209,-11.5802,3.24326,-2.37193,-0.704727,-0.0268895,0.184314,-11.8191,3.04352,-2.14246,-0.465013,-0.022368,0.162066,-11.6003,2.70237,-2.02142,-0.268194,-0.0564406,0.218042,-11.527,2.40179,-1.85866,-0.0868519,-0.047117,0.203536,-11.442,1.97127,-1.60569,0.133051,-0.0294758,0.170946,-11.3382,1.70353,-1.51009,0.251915,-0.0272589
red_water_bottle_4,0.145801,-11.0132,4.08109,-2.87322,-1.37721,-0.0431702,0.150969,-10.9712,3.9436,-2.76126,-1.32237,-0.014375,0.125228,-11.3132,3.83884,-2.71951,-1.19526,-0.0249846,0.077828,-11.5858,3.57902,-2.52715,-0.903833,0.0016538,0.172614,-11.6307,3.29702,-2.34579,-0.686515,-0.0145878,0.126396,-11.7635,3.01334,-2.15712,-0.501462,-0.00277659,0.083516,-11.7143,2.71019,-1.98217,-0.260894,0.0126862,0.110535,-11.6498,2.44616,-1.89493,-0.124035,-0.00472942,0.0782992,-11.4456,2.10152,-1.66942,0.0554597,0.00182944,0.147336,-11.4715,1.7928,-1.53778,0.209474,-0.00889694
red_water_bottle_5,0.173472,-10.8728,4.07736,-2.89436,-1.40275,-0.0681511,0.142099,-10.7874,3.91409,-2.8339,-1.39744,-0.0472851,0.172664,-11.247,3.87375,-2.67876,-1.18699,-0.0167713,0.212561,-11.3551,3.55225,-2.51313,-0.977965,-0.040508,0.123028,-11.7143,3.31278,-2.34632,-0.727309,-0.0305458,0.125396,-11.6799,3.04055,-2.22558,-0.51596,-0.0357924,0.133703,-11.6997,2.75688,-2.05574,-0.306925,-0.0521814,0.184737,-11.7234,2.46625,-1.83461,-0.0999538,-0.0275179,0.126536,-11.512,2.12712,-1.68952,0.0426457,-0.0463656,0.16993,-11.4003,1.82964,-1.56933,0.183192,-0.015905
butter_container_with_coffee_1,0.222921,-9.46261,3.55063,-2.01511,-0.939969,-0.0710068,0.190855,-9.43416,3.47205,-1.92312,-0.893004,-0.0158082,0.143281,-9.81154,3.31078,-1.85391,-0.753515,-0.0274948,0.193134,-10.1094,3.01126,-1.65352,-0.56313,-0.0322378,0.16433,-10.225,2.79199,-1.52333,-0.447623,-0.0445983,0.208495,-10.2786,2.53169,-1.41711,-0.277585,-0.0272326,0.270545,-10.2898,2.30925,-1.29262,-0.188545,-0.0380277,0.165113,-10.2435,1.99601,-1.19775,-0.0375808,-0.0266147,0.219371,-10.2035,1.70023,-1.04556,0.0622804,-0.0323711,0.196499,-10.1036,1.44147,-0.920036,0.189515,-0.031121
butter_container_with_coffee_2,0.155936,-9.49264,3.53269,-2.02994,-0.943985,-0.0838356,0.0890092,-9.42731,3.47803,-1.95004,-0.94045,-0.08203,0.0588167,-9.60617,3.26675,-1.84413,-0.831627,-0.0539385,0.0908112,-10.0936,3.15139,-1.77432,-0.689803,-0.0385476,0.156199,-10.1866,2.88704,-1.6235,-0.51606,-0.0543499,0.163931,-10.2438,2.67466,-1.48039,-0.364211,-0.0660562,0.136293,-10.2031,2.4396,-1.3983,-0.264498,-0.0399336,0.124575,-10.2333,2.21115,-1.29515,-0.133808,-0.0541101,0.10897,-10.1768,1.98206,-1.1772,-0.0584281,-0.0351317,0.125984,-10.1014,1.73955,-1.06221,0.0505006,-0.0241978
butter_container_with_coffee_3,0.172369,-9.53417,3.52224,-2.02059,-0.955383,-0.0641505,0.182277,-9.48281,3.44986,-1.93203,-0.950297,-0.0548085,0.212512,-9.81049,3.34628,-1.83231,-0.790563,-0.0221591,0.219306,-10.0798,3.099,-1.73304,-0.633185,-0.0567842,0.180053,-10.2965,2.88157,-1.61907,-0.507097,-0.0634623,0.202284,-10.3018,2.692,-1.47228,-0.371017,-0.0414687,0.199523,-10.239,2.42887,-1.37305,-0.259622,-0.045552,0.195018,-10.2308,2.21242,-1.33031,-0.154341,-0.0217758,0.14472,-10.1281,1.90209,-1.14196,-0.0183747,-0.0377511,0.150834,-10.1259,1.67544,-1.09074,0.0723234,-0.0205465
butter_container_with_coffee_4,0.144222,-9.5521,3.54137,-2.01372,-0.942856,-0.075086,0.12674,-9.46203,3.47689,-1.93605,-0.911288,-0.0185238,0.0844013,-9.78026,3.28389,-1.83835,-0.815681,-0.0337008,0.103356,-10.1528,3.12999,-1.72155,-0.612135,-0.0276678,0.208416,-10.3066,2.91772,-1.59363,-0.526777,-0.0070599,0.166226,-10.2391,2.64177,-1.4249,-0.341949,-0.073685,0.128066,-10.3723,2.43825,-1.37588,-0.244416,-0.0378905,0.107625,-10.2432,2.2551,-1.2667,-0.156909,-0.0642168,0.159114,-10.2046,1.89789,-1.13723,-0.0449421,-0.0390062,0.0995011,-10.252,1.71746,-1.08862,0.067371,-0.0433078
butter_container_with_coffee_5,0.187734,-9.55437,3.55344,-2.02832,-0.961073,-0.0754273,0.148906,-9.48429,3.44999,-1.96172,-0.922631,-0.049505,0.144288,-9.70983,3.32006,-1.83748,-0.832565,-0.0427589,0.137127,-10.2342,3.17231,-1.75826,-0.657583,-0.0609246,0.188253,-10.2771,2.91353,-1.64283,-0.538108,-0.0471919,0.207518,-10.3411,2.70586,-1.5232,-0.405828,-0.0536515,0.0944183,-10.2946,2.49425,-1.37821,-0.267632,-0.069944,0.107831,-10.2154,2.22327,-1.26071,-0.146887,-0.0305334,0.189925,-10.282,2.01008,-1.23682,-0.0508163,-0.0246701,0.157108,-10.0674,1.66892,-1.06272,0.0820954,-0.0262624
