diced_tomatoes_can_full_1,0.0810935,-10.5166,1.34865,-1.23244,0.339697,-0.0496696,0.0954574,-10.4301,1.30616,-1.20938,0.343753,-0.0554903,0.0502121,-9.89123,1.24232,-0.846805,0.287055,-0.0518799,0.151091,-9.09652,1.28786,-0.666065,0.0809867,-0.0676008,0.0972241,-9.15245,1.32306,-0.670205,0.0809538,-0.0759926,0.100379,-9.14735,1.3029,-0.663949,0.0798259,-0.0723869,0.118747,-9.13195,1.3146,-0.669327,0.0732718,-0.0703973,0.110635,-9.15112,1.30089,-0.66581,0.0780369,-0.0728712,0.107386,-9.1657,1.30644,-0.66946,0.0836956,-0.0752006,0.101665,-9.14746,1.2968,-0.664829,0.0802757,-0.0699862
diced_tomatoes_can_full_2,-0.00503435,-10.4338,1.28014,-1.15873,0.33384,-0.0720367,-0.0307426,-10.3941,1.25569,-1.13502,0.331775,-0.0738307,0.0154188,-10.0052,1.26155,-0.984808,0.306146,-0.0743229,0.00619844,-9.09624,1.2031,-0.604166,0.101086,-0.0926631,-0.00936946,-9.07126,1.2451,-0.641694,0.0847861,-0.0998162,-0.00563091,-9.06592,1.22574,-0.637641,0.0917118,-0.0900213,0.0196972,-9.06051,1.23562,-0.640724,0.0769907,-0.0945813,-0.009696,-9.06849,1.23083,-0.639392,0.0831469,-0.100364,-0.00586741,-9.0576,1.22264,-0.638435,0.0801688,-0.0974655,-0.00622853,-9.0512,1.24382,-0.632875,0.083884,-0.0864177
diced_tomatoes_can_full_3,0.0101699,-10.5296,1.3802,-1.17718,0.304266,-0.0672484,-0.0237253,-10.4222,1.36414,-1.14076,0.298411,-0.0763553,-0.00521787,-10.0237,1.30015,-0.941927,0.254296,-0.0826347,0.00611377,-9.13974,1.29131,-0.646818,0.073154,-0.0862495,0.0673211,-9.14475,1.29871,-0.638158,0.0661324,-0.0851395,0.0341288,-9.1313,1.31086,-0.642944,0.0682061,-0.101673,0.0531999,-9.1298,1.30289,-0.643393,0.0755158,-0.0954256,0.0243032,-9.15167,1.30911,-0.638838,0.0670299,-0.0940368,0.0173131,-9.14285,1.31846,-0.639075,0.0671063,-0.0902531,0.0254211,-9.15822,1.29504,-0.636883,0.0688885,-0.0945251
diced_tomatoes_can_full_4,-0.00275632,-9.97144,1.32127,-1.01347,0.231115,-0.0772842,0.011504,-9.1123,1.29443,-0.645501,0.0758639,-0.0942289,0.091971,-9.20179,1.29296,-0.655217,0.078481,-0.099353,-0.0645517,-8.70208,1.13752,-0.804825,0.00296551,-0.115946,-0.118346,-8.70168,1.1643,-0.799691,0.00582726,-0.104167,-0.15984,-8.63873,1.115,-0.733494,0.053589,-0.116347,0.062454,-8.3374,0.624855,-0.0598196,0.38385,-0.149758,-0.0738656,-8.48417,0.974246,-0.0602843,0.372974,-0.142965,-0.0401115,-8.47961,0.978795,-0.067316,0.363505,-0.142925,-0.0478349,-8.47441,0.972799,-0.0606594,0.367302,-0.142375
diced_tomatoes_can_full_5,0.0141429,-10.4865,1.38761,-1.20467,0.297432,-0.0759454,0.0180787,-10.3238,1.32084,-1.16569,0.307794,-0.072765,0.00911166,-10.0721,1.29279,-1.02456,0.284467,-0.0752151,0.0240417,-9.06209,1.3005,-0.646507,0.0749751,-0.0944895,0.0301185,-9.16484,1.32845,-0.667609,0.0671212,-0.087834,0.0392071,-9.10657,1.31012,-0.650904,0.0651206,-0.093299,0.0533781,-9.1205,1.33632,-0.665181,0.0604111,-0.100505,0.0395048,-9.1089,1.32434,-0.655983,0.0610806,-0.0927592,0.0285949,-9.1246,1.30214,-0.663352,0.0630507,-0.0916332,0.0461873,-9.11073,1.29722,-0.661861,0.0636717,-0.0934709
small_orange_bug_repellent_1,0.145437,-9.53932,1.35371,-0.832725,0.171362,-0.0398967,0.134861,-9.43488,1.29535,-0.807822,0.17061,-0.0470411,0.139579,-9.2947,1.34757,-0.684636,0.0951103,-0.0565756,0.143341,-9.2239,1.3055,-0.658291,0.0949468,-0.0493751,0.168098,-9.19924,1.30843,-0.658979,0.0946738,-0.0510881,0.160838,-9.18054,1.31144,-0.652828,0.102352,-0.0499638,0.165061,-9.20021,1.29481,-0.651985,0.100474,-0.0496434,0.148689,-9.20565,1.31803,-0.652366,0.0906048,-0.0444512,0.150652,-9.20402,1.32132,-0.650394,0.0961427,-0.0516798,0.174146,-9.20422,1.2947,-0.655878,0.0947271,-0.0531411
small_orange_bug_repellent_2,0.00333111,-9.25489,1.23402,-0.726416,0.113559,-0.087,0.00542366,-9.06715,1.22112,-0.638206,0.0805636,-0.094972,0.118386,-9.03206,1.23366,-0.723477,0.0498046,-0.0971347,-0.196402,-8.68406,1.15025,-0.796778,0.0114103,-0.108426,-0.194947,-8.62197,1.15378,-0.803515,0.00049159,-0.0982818,0.0998064,-8.43507,0.663503,-0.185858,0.348828,-0.148121,-0.0792857,-8.46696,0.956143,-0.0642637,0.371867,-0.141936,-0.0532654,-8.48318,0.958624,-0.0699201,0.373141,-0.135313,-0.0498259,-8.48302,0.960916,-0.0695927,0.369187,-0.142152,-0.0453363,-8.48913,0.956129,-0.071111,0.365004,-0.139611
small_orange_bug_repellent_3,0.0299618,-9.48767,1.27352,-0.773918,0.134373,-0.094091,0.0209849,-9.48495,1.26618,-0.76991,0.13194,-0.0940049,0.0202707,-9.16627,1.18309,-0.670427,0.125764,-0.0911849,0.0443602,-9.09386,1.25114,-0.633292,0.0772613,-0.0879164,0.0523959,-9.06826,1.23662,-0.624385,0.0800741,-0.0885266,0.0253405,-9.07919,1.22351,-0.621191,0.0785326,-0.0932018,0.034864,-9.05819,1.22247,-0.624911,0.0744757,-0.0843429,0.0286634,-9.04814,1.23699,-0.622815,0.0814942,-0.0890046,0.0266416,-9.0501,1.23368,-0.626201,0.077709,-0.0857249,0.040635,-9.06961,1.21763,-0.623172,0.0747063,-0.088477
small_orange_bug_repellent_4,0.0044217,-9.47187,1.30291,-0.796713,0.126212,-0.0829306,-0.015088,-9.34834,1.25608,-0.764217,0.128016,-0.0961712,0.0214761,-9.42712,1.31103,-0.758176,0.0816541,-0.0907853,-0.00780534,-9.11923,1.26153,-0.652909,0.0710912,-0.0774134,0.0132264,-9.10032,1.28639,-0.641381,0.0681051,-0.087767,0.00482327,-9.08983,1.25974,-0.637811,0.0775327,-0.0872404,0.0243641,-9.11018,1.29061,-0.642088,0.0722829,-0.0956687,0.0125336,-9.1143,1.28332,-0.645083,0.0740589,-0.0815424,0.0274545,-9.10379,1.26296,-0.637233,0.0801955,-0.0815073,0.0261326,-9.07276,1.28721,-0.636447,0.0826328,-0.0787428
small_orange_bug_repellent_5,0.0369781,-9.40746,1.23059,-0.767686,0.161828,-0.0739903,0.036269,-9.27252,1.17882,-0.730448,0.162827,-0.0908686,0.0841848,-9.14897,1.21302,-0.711935,0.0843802,-0.0850522,0.0472511,-9.06781,1.1989,-0.620528,0.101416,-0.0848152,0.0510965,-9.02659,1.19361,-0.616456,0.095685,-0.0940199,0.036789,-9.02612,1.21334,-0.62687,0.0952285,-0.0849105,0.0492658,-9.03807,1.18393,-0.625872,0.100791,-0.0850336,0.051788,-9.04743,1.19042,-0.622443,0.0939412,-0.0864603,0.0479863,-9.05391,1.17987,-0.629122,0.0907344,-0.0891638,0.033854,-9.04212,1.20043,-0.625443,0.0935447,-0.0893259
heb_coffee_container_1,0.151929,-9.88427,1.30649,-0.942326,0.242246,-0.036378,0.135561,-9.76127,1.23245,-0.913809,0.25111,-0.0431986,0.130978,-9.64494,1.21527,-0.84156,0.250957,-0.0383459,0.131418,-9.11378,1.22857,-0.640775,0.0975862,-0.0563342,0.161599,-9.15001,1.24324,-0.644645,0.0999109,-0.0538667,0.163461,-9.14442,1.25305,-0.642267,0.108629,-0.0511844,0.162432,-9.13553,1.2492,-0.640938,0.0955042,-0.0593378,0.152484,-9.14017,1.24123,-0.642049,0.0989763,-0.053742,0.164003,-9.14164,1.25124,-0.63718,0.100806,-0.0557297,0.162271,-9.13175,1.24985,-0.656787,0.0971894,-0.0438618
heb_coffee_container_2,-0.00548397,-9.82493,1.33911,-0.962918,0.217162,-0.0590646,0.00477644,-9.76309,1.30232,-0.948158,0.225138,-0.0666059,-0.0386339,-9.73895,1.25785,-0.913499,0.225376,-0.0689551,0.049347,-9.10013,1.28442,-0.652805,0.0691632,-0.0802389,0.00827779,-9.15859,1.29277,-0.660204,0.0724051,-0.0910216,0.0175796,-9.12763,1.28395,-0.654593,0.078689,-0.0996584,0.0134106,-9.14505,1.25504,-0.654208,0.0801356,-0.0882151,0.00965143,-9.15313,1.27523,-0.655676,0.0855366,-0.0958093,-0.00689847,-9.11512,1.27143,-0.659373,0.0729836,-0.0799013,0.0168528,-9.14767,1.27414,-0.653491,0.081833,-0.0872783
heb_coffee_container_3,0.0270852,-9.82067,1.25376,-0.927953,0.225657,-0.065853,0.0166567,-9.87706,1.28532,-0.930805,0.222276,-0.0658519,0.0751312,-9.61671,1.22083,-0.848985,0.207345,-0.068181,0.0711049,-9.00884,1.20396,-0.621731,0.0846194,-0.0860986,0.0473567,-9.06949,1.22058,-0.630798,0.0817705,-0.0854493,0.04215,-9.10048,1.23681,-0.623641,0.0770515,-0.0818358,0.0414646,-9.07849,1.21795,-0.625954,0.0762318,-0.0888823,0.0508669,-9.07892,1.23599,-0.626601,0.0839273,-0.0788063,0.0411811,-9.0761,1.24075,-0.629166,0.0830365,-0.0855382,0.0458122,-9.06259,1.216,-0.621751,0.082961,-0.0794352
heb_coffee_container_4,0.00228331,-9.8186,1.29287,-0.95034,0.217066,-0.0579833,-0.00282308,-9.62973,1.23894,-0.909056,0.229154,-0.0694905,-0.0298725,-9.61867,1.20804,-0.835727,0.231634,-0.0650146,0.036315,-9.15594,1.27613,-0.643872,0.0847008,-0.0850081,0.0457461,-9.14832,1.25643,-0.652204,0.0787864,-0.0799035,0.0260924,-9.0989,1.2436,-0.638566,0.0842312,-0.0855956,0.0165822,-9.10118,1.25732,-0.645282,0.0811024,-0.0872796,0.0333486,-9.09979,1.25463,-0.638239,0.0831084,-0.0882602,0.0275173,-9.11463,1.2675,-0.643134,0.0797704,-0.0779806,0.0263337,-9.11441,1.25279,-0.648604,0.084043,-0.087526
heb_coffee_container_5,0.0489516,-9.91302,1.44851,-1.01766,0.1704,-0.0550735,0.0661527,-9.93947,1.43369,-1.01038,0.16884,-0.0682833,0.0625436,-9.50764,1.38508,-0.795265,0.110877,-0.0654768,0.0584973,-9.18266,1.39148,-0.68082,0.0470952,-0.0800845,0.0591896,-9.17398,1.39225,-0.676653,0.0470845,-0.0792377,0.0576654,-9.1756,1.3685,-0.684001,0.0435843,-0.0867795,0.0581748,-9.18657,1.35611,-0.685644,0.0418713,-0.0799939,0.0568863,-9.18901,1.38398,-0.684579,0.0446956,-0.0835602,0.0488119,-9.18464,1.38102,-0.679045,0.0428012,-0.0837688,0.0734417,-9.19691,1.39677,-0.683509,0.0439691,-0.0862879
long_paper_roll_tube_1,0.145885,-9.25962,1.29478,-0.679647,0.11628,-0.0415897,0.130694,-9.26948,1.30503,-0.681702,0.104385,-0.0422918,0.164255,-9.09592,1.19207,-0.634295,0.110656,-0.054688,0.165456,-9.17572,1.23162,-0.644415,0.101984,-0.054317,0.170221,-9.15716,1.28113,-0.626314,0.0967725,-0.0467848,0.159559,-9.17253,1.2387,-0.643792,0.0905175,-0.0503414,0.185893,-9.16129,1.24381,-0.643398,0.0973124,-0.0438278,0.179101,-9.13857,1.24989,-0.643056,0.0935674,-0.0513113,0.18104,-9.15441,1.23159,-0.637936,0.0878698,-0.0449394,0.162299,-9.15922,1.25471,-0.642918,0.102336,-0.0465322
long_paper_roll_tube_2,0.00111883,-9.11955,1.26428,-0.666044,0.0837582,-0.0726177,0.00300078,-9.07091,1.21524,-0.655122,0.0900404,-0.0862146,-0.00616815,-9.09655,1.21695,-0.655025,0.0819604,-0.0880144,0.014455,-9.06822,1.19822,-0.632164,0.0798003,-0.0863082,0.018753,-9.11443,1.22341,-0.634991,0.0877198,-0.0892408,0.0158008,-9.07374,1.20572,-0.638837,0.0837799,-0.090056,0.0274551,-9.10141,1.21198,-0.636648,0.0829307,-0.0939844,0.0190862,-9.08636,1.20191,-0.632981,0.083656,-0.0888687,0.0162599,-9.08846,1.21456,-0.633778,0.0791969,-0.0860391,0.0198199,-9.09938,1.21291,-0.641876,0.0860147,-0.0895183
long_paper_roll_tube_3,0.0275511,-9.15232,1.25613,-0.657082,0.0902301,-0.068412,0.0322026,-9.19099,1.22887,-0.650488,0.0891533,-0.0876863,0.0733188,-9.09221,1.19481,-0.638914,0.0827807,-0.0818982,0.0852454,-9.08383,1.2084,-0.624094,0.0804552,-0.0753216,0.0419442,-9.10562,1.21001,-0.631449,0.0732501,-0.0843622,0.0414655,-9.09889,1.2126,-0.624373,0.0798184,-0.079779,0.0452749,-9.0933,1.20879,-0.624409,0.084282,-0.079863,0.042072,-9.10709,1.21339,-0.622317,0.0804556,-0.0740276,0.04785,-9.10147,1.19792,-0.620859,0.0768518,-0.0890937,0.0445149,-9.07985,1.21022,-0.620055,0.0784474,-0.0789646
long_paper_roll_tube_4,0.0207869,-9.1623,1.29506,-0.670934,0.0767295,-0.0766998,0.030481,-8.95614,1.23548,-0.638019,0.0846753,-0.0827317,0.0410196,-9.14955,1.247,-0.669568,0.0795313,-0.0778877,0.0313718,-9.10019,1.24342,-0.640219,0.0664706,-0.0881497,0.0561798,-9.0955,1.25313,-0.637356,0.0743114,-0.0897523,0.0436345,-9.10514,1.26132,-0.642831,0.0750492,-0.0826567,0.0449422,-9.07925,1.23705,-0.633358,0.0723804,-0.0833597,0.0352102,-9.11359,1.24116,-0.639289,0.0819813,-0.0822228,0.0468439,-9.08201,1.24114,-0.644641,0.0713403,-0.0826122,0.0363931,-9.118,1.22874,-0.641507,0.0739986,-0.0854359
long_paper_roll_tube_5,0.0544698,-9.23211,1.36133,-0.699551,0.0772241,-0.0771031,0.0553677,-9.08427,1.31296,-0.671756,0.0844946,-0.082408,0.0257048,-9.17027,1.29001,-0.674448,0.0750043,-0.0802243,0.0634887,-9.13985,1.33033,-0.672422,0.0648801,-0.0784672,0.0888889,-9.18066,1.3439,-0.660624,0.0630092,-0.0801689,0.0446361,-9.18035,1.34521,-0.671606,0.0691097,-0.0847568,0.0764189,-9.18398,1.32666,-0.662759,0.0603751,-0.0831621,0.0721921,-9.19244,1.33324,-0.673982,0.0590037,-0.0865288,0.0667978,-9.17019,1.32192,-0.669424,0.0617577,-0.0823877,0.0589916,-9.19353,1.35252,-0.657645,0.0592925,-0.0739163
pineapple_cup_1,0.156368,-9.72064,1.37391,-0.856391,0.170922,-0.0255061,0.153856,-9.62686,1.34288,-0.838894,0.188401,-0.0313965,0.173306,-9.45806,1.30864,-0.757059,0.15018,-0.042306,0.20197,-9.29813,1.32142,-0.669871,0.0984301,-0.0478344,0.213375,-9.21367,1.33361,-0.66233,0.0867436,-0.0509017,0.188775,-9.22775,1.31176,-0.660778,0.0939518,-0.0555259,0.16639,-9.2227,1.29607,-0.66275,0.0918041,-0.0436168,0.167839,-9.20724,1.32675,-0.665794,0.0929122,-0.0510757,0.161268,-9.22797,1.30928,-0.664819,0.0882329,-0.0489983,0.158086,-9.20926,1.33488,-0.654754,0.0901105,-0.0504146
pineapple_cup_2,0.0176839,-9.63204,1.37708,-0.86873,0.155218,-0.0702732,0.0092461,-9.5042,1.33065,-0.841566,0.159766,-0.0764285,-0.051889,-9.30965,1.30781,-0.770095,0.124921,-0.079543,0.00526164,-9.22065,1.30732,-0.658732,0.0683633,-0.084764,0.0260754,-9.14844,1.29301,-0.664781,0.067833,-0.0868431,0.0369767,-9.2018,1.31942,-0.66128,0.0720907,-0.0831324,0.0255007,-9.18012,1.31448,-0.663107,0.0703353,-0.0838743,0.036717,-9.1786,1.33867,-0.666617,0.0686228,-0.0887316,0.0468258,-9.17728,1.31683,-0.672432,0.0658392,-0.0819495,0.0352127,-9.18097,1.3119,-0.663497,0.0717371,-0.0875698
pineapple_cup_3,0.0348607,-9.65513,1.37049,-0.846937,0.155347,-0.0530182,0.00738935,-9.42807,1.29168,-0.804699,0.152486,-0.0632175,0.0559857,-9.4377,1.32207,-0.75843,0.115022,-0.0601525,0.0565737,-9.17028,1.29359,-0.644858,0.064969,-0.0761359,0.0580529,-9.16035,1.30175,-0.648483,0.0702978,-0.0870976,0.0633017,-9.19999,1.29721,-0.649407,0.0636878,-0.0804192,0.0798778,-9.17834,1.29404,-0.652641,0.0728768,-0.0855998,0.0487109,-9.17594,1.29897,-0.647266,0.0670793,-0.080827,0.0691495,-9.17629,1.3111,-0.65126,0.0576018,-0.0854374,0.075715,-9.18366,1.29782,-0.647395,0.0660083,-0.0852564
pineapple_cup_4,0.0392543,-9.56547,1.33751,-0.849719,0.158256,-0.0612239,0.0506979,-9.38511,1.26155,-0.813574,0.160545,-0.0639164,0.0413654,-9.53557,1.29516,-0.749188,0.15339,-0.0691092,0.186985,-9.16566,1.30042,-0.652072,0.0716405,-0.0749725,0.0650508,-9.07352,1.24726,-0.636279,0.0706176,-0.0772154,0.0182481,-9.15009,1.30221,-0.638952,0.0685054,-0.0816648,0.0453973,-9.12997,1.28669,-0.652097,0.0697642,-0.086744,0.0466443,-9.14511,1.29015,-0.651732,0.0728633,-0.0846338,0.0164046,-9.14049,1.29633,-0.646393,0.0768048,-0.0777103,0.0472512,-9.14464,1.28527,-0.650828,0.0763136,-0.0809449
pineapple_cup_5,0.070394,-9.46364,1.29201,-0.770963,0.149823,-0.0635232,0.0863954,-9.14922,1.26686,-0.65017,0.0773169,-0.0655519,0.157549,-9.22997,1.28703,-0.652245,0.0853839,-0.0789757,0.0644969,-8.80559,1.16047,-0.797381,0.0232642,-0.0860871,-0.0431104,-8.72931,1.17507,-0.813358,0.00905974,-0.0908225,-0.12083,-8.67294,1.13065,-0.78576,0.037974,-0.0957108,0.135843,-8.4498,0.623599,-0.0852427,0.389916,-0.138192,0.00406917,-8.53514,0.964903,-0.0659195,0.381549,-0.120778,0.0243849,-8.55312,0.994977,-0.0748931,0.374516,-0.124119,0.0196735,-8.55235,0.984645,-0.074848,0.370896,-0.124197
yellow_butter_cooking_spray_1,0.160865,-9.84948,1.34934,-0.95473,0.232417,-0.0345442,0.158744,-9.8892,1.34645,-0.966588,0.223766,-0.0416453,0.155974,-9.27998,1.2802,-0.678797,0.117631,-0.049448,0.17542,-9.2513,1.33349,-0.659441,0.0915738,-0.0394988,0.158219,-9.24666,1.3011,-0.66082,0.0915286,-0.0570919,0.169568,-9.25234,1.30067,-0.656986,0.0922002,-0.0503779,0.172984,-9.23175,1.30183,-0.652514,0.0953095,-0.048455,0.167689,-9.2591,1.29025,-0.656437,0.0895819,-0.0446232,0.178601,-9.24101,1.30989,-0.657814,0.0872001,-0.05028,0.165337,-9.26499,1.29843,-0.653211,0.0866593,-0.0501018
yellow_butter_cooking_spray_2,0.0291046,-9.77395,1.31532,-0.890389,0.184977,-0.065454,0.00455156,-9.5599,1.24312,-0.848284,0.197032,-0.0675737,0.0659525,-9.76752,1.40221,-0.915938,0.112238,-0.07326,0.0225814,-8.85926,1.16336,-0.602644,0.0900398,-0.0765651,0.0259283,-9.13953,1.24387,-0.655634,0.0768619,-0.0773625,0.0348619,-9.17256,1.26125,-0.64756,0.0740361,-0.0779445,0.038387,-9.12529,1.26443,-0.648066,0.080121,-0.0787488,0.0424391,-9.14658,1.23863,-0.654568,0.0718778,-0.0827054,0.0343983,-9.14512,1.26197,-0.649576,0.0803236,-0.0786122,0.0468459,-9.11766,1.26525,-0.642917,0.0789103,-0.0778999
yellow_butter_cooking_spray_3,0.0377075,-9.79363,1.34503,-0.883268,0.178519,-0.0520984,0.0279224,-9.63606,1.26572,-0.857385,0.172954,-0.0589739,0.0790984,-9.66554,1.30985,-0.892993,0.0894412,-0.0736135,0.0250369,-9.01796,1.22292,-0.619979,0.0802589,-0.0713121,0.0655719,-9.11475,1.25948,-0.639283,0.0728119,-0.0654209,0.0519919,-9.19729,1.27274,-0.647436,0.0722889,-0.078328,0.057333,-9.18264,1.27175,-0.642878,0.0709473,-0.0768206,0.0755539,-9.17834,1.26585,-0.641238,0.0780713,-0.0773686,0.0584126,-9.16118,1.26424,-0.639349,0.0783064,-0.0667841,0.0641011,-9.18322,1.28216,-0.641897,0.0703606,-0.0749508
yellow_butter_cooking_spray_4,0.0660481,-9.819,1.36677,-0.89979,0.17314,-0.0719519,0.0130497,-9.54058,1.27945,-0.840349,0.180307,-0.0841419,0.0380018,-9.60316,1.30306,-0.840685,0.148322,-0.0847902,-0.0323927,-9.11948,1.28855,-0.647174,0.0807461,-0.0827465,0.06385,-9.10798,1.29638,-0.651592,0.0676633,-0.0732473,0.0421819,-9.15106,1.31563,-0.660845,0.075904,-0.0801196,0.055025,-9.15393,1.30573,-0.653362,0.0694588,-0.0785759,0.0437469,-9.1575,1.30297,-0.656695,0.0773034,-0.0827441,0.0438248,-9.16572,1.28511,-0.652359,0.0853829,-0.0824439,0.0401625,-9.13363,1.30373,-0.653357,0.07168,-0.079231
yellow_butter_cooking_spray_5,0.0887382,-9.51527,1.25455,-0.796661,0.174624,-0.0647305,0.0778986,-9.11857,1.25007,-0.64068,0.0803345,-0.0718361,0.1771,-9.19802,1.277,-0.652092,0.0749964,-0.0808199,0.00948078,-8.71247,1.13024,-0.801591,0.0163889,-0.105151,-0.0652549,-8.76463,1.16887,-0.807911,0.0119729,-0.0879614,-0.0826762,-8.71307,1.05844,-0.701019,0.0900724,-0.114642,0.130328,-8.36935,0.669447,-0.0403641,0.398916,-0.124704,0.0237491,-8.54915,0.978409,-0.0723057,0.374151,-0.121437,0.0303335,-8.561,0.974976,-0.0739591,0.373751,-0.119038,0.0396574,-8.56326,0.973956,-0.073814,0.371016,-0.119807
zinc_pill_jar_1,0.170158,-9.44899,1.36925,-0.743526,0.0955035,-0.0464348,0.164782,-9.47093,1.3965,-0.73822,0.0994686,-0.0410516,0.193635,-9.33753,1.3531,-0.675553,0.0864614,-0.0415576,0.185346,-9.25573,1.33287,-0.661802,0.0825982,-0.0465791,0.152934,-9.31568,1.36352,-0.663353,0.0743493,-0.0448434,0.181327,-9.2896,1.34191,-0.666885,0.0757857,-0.0489584,0.170305,-9.30401,1.3346,-0.663959,0.0731352,-0.0405749,0.167654,-9.30527,1.35128,-0.6652,0.0867584,-0.050624,0.178888,-9.26672,1.35538,-0.662563,0.0815076,-0.0434284,0.1735,-9.28911,1.35073,-0.662016,0.0868062,-0.0409536
zinc_pill_jar_2,0.0592474,-9.34914,1.36542,-0.756643,0.094443,-0.0743114,0.0549448,-9.17447,1.29907,-0.71376,0.106199,-0.083961,0.0398241,-9.32465,1.36472,-0.708183,0.0706787,-0.0781195,0.0441607,-9.19429,1.33394,-0.674499,0.0590746,-0.072844,0.047297,-9.20942,1.32649,-0.674886,0.0693631,-0.0783311,0.0536021,-9.20815,1.33562,-0.670481,0.0672135,-0.0830374,0.0423388,-9.21797,1.32351,-0.676944,0.0572623,-0.0872761,0.0347714,-9.21611,1.32167,-0.670797,0.0623507,-0.0816992,0.0366526,-9.19471,1.32609,-0.677174,0.0612793,-0.0810305,0.0430628,-9.20357,1.32804,-0.676796,0.0702673,-0.0800594
zinc_pill_jar_3,0.0573981,-9.37439,1.33586,-0.728387,0.0887028,-0.0624609,0.0662717,-9.37709,1.32069,-0.715289,0.0940839,-0.077615,0.0926444,-9.13803,1.32844,-0.660065,0.07739,-0.0763784,0.0651543,-9.17997,1.30508,-0.65063,0.0757766,-0.0731088,0.0805784,-9.1981,1.32802,-0.647547,0.0663547,-0.0763368,0.070788,-9.16706,1.30103,-0.654927,0.0766441,-0.0760076,0.0714021,-9.17302,1.31273,-0.657212,0.0659691,-0.0814801,0.0762154,-9.17478,1.32633,-0.647122,0.0789595,-0.0749498,0.0797561,-9.17392,1.30189,-0.652382,0.0774959,-0.0753301,0.075055,-9.15761,1.32002,-0.646191,0.0724246,-0.0699351
zinc_pill_jar_4,0.044896,-9.3171,1.30656,-0.729217,0.108225,-0.0662244,0.0414127,-9.14711,1.24601,-0.689942,0.116147,-0.0756464,0.0925743,-9.08866,1.25389,-0.647179,0.0790376,-0.0829828,0.0638492,-9.13335,1.26075,-0.645678,0.0836387,-0.0717026,0.0562,-9.17718,1.26344,-0.644042,0.0790642,-0.0747813,0.0669631,-9.14413,1.27985,-0.650833,0.0781677,-0.0726583,0.0681054,-9.13689,1.26041,-0.647007,0.0807541,-0.0706731,0.0767333,-9.15611,1.2749,-0.642187,0.0870711,-0.0800967,0.0708712,-9.12563,1.25793,-0.645543,0.0733439,-0.0795583,0.0589285,-9.15108,1.27746,-0.6476,0.0748643,-0.0776845
zinc_pill_jar_5,0.099615,-9.36865,1.41247,-0.759503,0.0792415,-0.0610677,0.0679148,-9.24119,1.36726,-0.733569,0.0809832,-0.0713841,0.0438405,-9.25225,1.33842,-0.706917,0.0706694,-0.0706923,0.0714165,-9.18492,1.35959,-0.680113,0.0615126,-0.0650243,0.105866,-9.22379,1.34707,-0.683876,0.0552973,-0.0657842,0.0914051,-9.22815,1.36056,-0.671599,0.0551654,-0.0751717,0.0832984,-9.22035,1.35979,-0.676058,0.0564206,-0.0640938,0.0933556,-9.22357,1.34552,-0.67384,0.0579359,-0.0752975,0.102485,-9.23338,1.34489,-0.685152,0.055371,-0.0623989,0.104403,-9.24254,1.35912,-0.680551,0.0602143,-0.0712171
Pink_crayon_bank_1,0.183267,-9.65889,1.28891,-0.809705,0.214324,-0.00942495,0.171564,-9.45284,1.21811,-0.79292,0.219716,-0.0163545,0.17205,-9.63891,1.24192,-0.808761,0.221764,-0.00672728,0.198729,-9.04741,1.14674,-0.619072,0.121088,-0.0439471,0.151355,-9.24125,1.20391,-0.636928,0.110971,-0.0510357,0.177285,-9.19558,1.21743,-0.628071,0.117576,-0.0437865,0.190039,-9.19649,1.21497,-0.62215,0.113697,-0.0446583,0.174511,-9.20153,1.2225,-0.62511,0.107345,-0.0421341,0.171196,-9.22025,1.21954,-0.62761,0.105974,-0.0485343,0.181961,-9.18238,1.22307,-0.627187,0.112052,-0.038877
Pink_crayon_bank_2,0.0544881,-9.65625,1.329,-0.850156,0.169754,-0.0331794,0.0508137,-9.50031,1.26928,-0.811086,0.183408,-0.0490778,0.0149663,-9.65207,1.31389,-0.844615,0.192419,-0.0267014,0.0384886,-9.20464,1.2715,-0.669124,0.089149,-0.0699722,0.0741098,-9.20821,1.29558,-0.658787,0.0789394,-0.0720614,0.0697694,-9.17319,1.26906,-0.661585,0.0755318,-0.0749515,0.0649448,-9.17932,1.25946,-0.651713,0.0837281,-0.0722216,0.0596631,-9.18501,1.27474,-0.657934,0.0723061,-0.0755119,0.0626784,-9.1865,1.26537,-0.659539,0.073651,-0.0812824,0.0605636,-9.1713,1.28187,-0.657892,0.0819489,-0.0770858
Pink_crayon_bank_3,0.0731674,-9.63945,1.33017,-0.839128,0.167294,-0.0295529,0.0521305,-9.56391,1.2791,-0.827198,0.168217,-0.0426648,0.0261724,-9.58103,1.25577,-0.808995,0.186422,-0.0360225,0.058648,-9.19348,1.24644,-0.649145,0.0816949,-0.0672627,0.0692453,-9.18763,1.25244,-0.649195,0.0714907,-0.0657965,0.094523,-9.17736,1.25989,-0.633792,0.0777444,-0.0667051,0.079818,-9.19203,1.2692,-0.641224,0.0831702,-0.0735937,0.0931402,-9.1813,1.26655,-0.64035,0.0701084,-0.0669734,0.0984169,-9.17852,1.24433,-0.634019,0.0813828,-0.0704172,0.0732042,-9.17287,1.24846,-0.637809,0.0739531,-0.0634753
Pink_crayon_bank_4,0.0470562,-9.63255,1.32731,-0.828708,0.166378,-0.030885,0.032329,-9.44228,1.25558,-0.796498,0.175383,-0.0433514,0.0603633,-9.59271,1.27114,-0.820977,0.197551,-0.0346364,0.0679202,-9.30961,1.33832,-0.650009,0.0792509,-0.058118,0.08157,-9.15772,1.25766,-0.650893,0.073044,-0.0781793,0.0611162,-9.15061,1.25988,-0.636159,0.0907086,-0.0695764,0.0825071,-9.16754,1.26313,-0.637674,0.0871466,-0.0745283,0.0756903,-9.16109,1.25375,-0.652221,0.0805706,-0.0750693,0.0607595,-9.16711,1.27084,-0.648327,0.0797844,-0.0767616,0.0623299,-9.16593,1.26333,-0.646787,0.0871012,-0.0695515
Pink_crayon_bank_5,0.0962727,-9.61561,1.35334,-0.853781,0.164648,-0.0203485,0.0978923,-9.66479,1.34892,-0.854422,0.1683,-0.0272735,0.0776008,-9.46968,1.3129,-0.771528,0.175609,-0.0281436,0.161596,-9.18131,1.28984,-0.669452,0.0711503,-0.0654498,0.109785,-9.19173,1.28416,-0.652096,0.0825557,-0.0707348,0.117986,-9.19016,1.28887,-0.658544,0.0810732,-0.0612216,0.0941686,-9.1644,1.28915,-0.665341,0.082881,-0.0712687,0.094393,-9.204,1.29599,-0.659373,0.0827928,-0.062644,0.108675,-9.1766,1.28961,-0.658022,0.0774042,-0.064702,0.113113,-9.19795,1.29647,-0.659103,0.0835876,-0.0617215
big_open_metal_jar_1,0.182461,-9.42465,1.24739,-0.740141,0.150542,-0.0360438,0.182797,-9.34294,1.24025,-0.721964,0.148134,-0.0433581,0.159313,-9.41329,1.21413,-0.724712,0.154104,-0.0409331,0.156394,-9.17512,1.18169,-0.632066,0.120928,-0.0397944,0.188984,-9.20957,1.23332,-0.641813,0.106824,-0.0517543,0.187007,-9.21126,1.21485,-0.634856,0.103811,-0.0517974,0.178145,-9.2103,1.2164,-0.632472,0.105345,-0.0445707,0.169854,-9.19905,1.22413,-0.636273,0.108059,-0.0436134,0.175955,-9.22292,1.2358,-0.63138,0.0949315,-0.0397971,0.181952,-9.20053,1.21571,-0.637901,0.104545,-0.0495909
big_open_metal_jar_2,0.0429708,-9.47773,1.34996,-0.780521,0.12422,-0.0622858,0.0386119,-9.36348,1.31244,-0.745805,0.121339,-0.0661586,0.0314613,-9.46871,1.30447,-0.772496,0.124304,-0.0719696,0.0521365,-9.13918,1.29777,-0.681874,0.0739222,-0.0722834,0.0620783,-9.18521,1.31413,-0.664128,0.0790762,-0.0819116,0.0672512,-9.18264,1.31692,-0.659947,0.0692822,-0.0780123,0.0508682,-9.16518,1.30537,-0.663839,0.0752852,-0.0794907,0.0572196,-9.16629,1.30897,-0.661602,0.0710879,-0.0775229,0.0590437,-9.17892,1.29592,-0.66847,0.0709003,-0.0734199,0.078313,-9.17207,1.29998,-0.663251,0.0797095,-0.0796422
big_open_metal_jar_3,0.0774265,-9.44373,1.31031,-0.76114,0.119876,-0.0618635,0.0645218,-9.33857,1.33067,-0.745306,0.120504,-0.0625191,0.0677402,-9.36205,1.28359,-0.70404,0.124133,-0.0679502,0.143281,-9.24277,1.3253,-0.687098,0.0649846,-0.0690083,0.111629,-9.20938,1.29709,-0.638639,0.0785813,-0.0724818,0.0670397,-9.18977,1.27197,-0.643393,0.0719851,-0.0642771,0.0950243,-9.21166,1.29011,-0.653591,0.0768181,-0.0727663,0.0831702,-9.20865,1.30259,-0.652063,0.0752643,-0.0643032,0.0795801,-9.19198,1.26971,-0.653396,0.0776614,-0.0754573,0.0819328,-9.20591,1.27969,-0.645352,0.0763569,-0.0704122
big_open_metal_jar_4,0.051639,-9.36943,1.26423,-0.744122,0.133225,-0.0573093,0.0625447,-9.16963,1.1786,-0.71501,0.145316,-0.0643725,0.0952368,-9.27055,1.21659,-0.707059,0.133023,-0.0713794,0.0713241,-9.15193,1.23653,-0.666135,0.0785181,-0.0790792,0.0523788,-9.14853,1.21245,-0.629442,0.086654,-0.0755598,0.0811213,-9.12985,1.23569,-0.631473,0.0872696,-0.0808306,0.0612985,-9.13795,1.24159,-0.636399,0.0794982,-0.0742197,0.0753621,-9.11106,1.20863,-0.628429,0.086339,-0.0751695,0.086116,-9.14541,1.21994,-0.629929,0.0903618,-0.070243,0.0850296,-9.12557,1.22007,-0.638798,0.0866512,-0.0765325
big_open_metal_jar_5,0.100001,-9.3764,1.34662,-0.733461,0.100362,-0.0599182,0.106439,-9.2037,1.32059,-0.668292,0.0721513,-0.0700436,0.217161,-9.06903,1.25821,-0.742884,0.0477644,-0.0852047,-0.0573084,-8.79379,1.18079,-0.818134,0.00927861,-0.0820353,-0.0506319,-8.71023,1.13894,-0.781503,0.0300373,-0.0970918,0.15466,-8.53236,0.684109,-0.0803446,0.391864,-0.125194,-0.0554094,-8.6204,1.00636,-0.0262594,0.411891,-0.111144,0.0511987,-8.57751,0.986341,-0.077325,0.373258,-0.115597,0.0582864,-8.58876,0.984509,-0.0780932,0.37574,-0.118527,0.0556469,-8.58719,0.992383,-0.0762587,0.373569,-0.116984
red_folders_coffee_jar_1,0.161758,-10.3978,1.39015,-1.1184,0.302241,-0.00583187,0.1486,-10.3472,1.36215,-1.10618,0.308382,-0.0142864,0.121411,-10.2366,1.32407,-1.03972,0.317203,-0.00572288,0.209197,-9.27782,1.32925,-0.669859,0.0833822,-0.0524963,0.178188,-9.25271,1.32117,-0.664431,0.0963795,-0.0440689,0.199635,-9.27792,1.31991,-0.657762,0.0847774,-0.0478925,0.178702,-9.25695,1.3362,-0.660713,0.0926821,-0.0542677,0.1922,-9.27681,1.32419,-0.653449,0.0876793,-0.0497486,0.194642,-9.28409,1.30893,-0.653497,0.0905222,-0.0542834,0.178454,-9.26813,1.32943,-0.663122,0.0925183,-0.0550941
red_folders_coffee_jar_2,0.0589738,-10.2663,1.35256,-1.11315,0.284505,-0.0404742,0.0263604,-10.1667,1.31161,-1.08587,0.306077,-0.0400821,0.0322332,-9.84977,1.25509,-0.914795,0.253386,-0.0418348,0.0815136,-9.18137,1.2667,-0.651764,0.090114,-0.0683722,0.0907362,-9.21376,1.28287,-0.655984,0.0775217,-0.0746376,0.0783183,-9.21356,1.29666,-0.663638,0.0786707,-0.0689296,0.0787727,-9.20994,1.29004,-0.656326,0.0817489,-0.0751825,0.071327,-9.20973,1.28964,-0.663909,0.0787663,-0.0726618,0.0618554,-9.20101,1.29525,-0.659058,0.0766384,-0.0744856,0.058934,-9.1928,1.29977,-0.66172,0.075608,-0.0680719
red_folders_coffee_jar_3,0.0810694,-10.3208,1.36811,-1.11297,0.280711,-0.0345267,0.0827344,-10.388,1.39824,-1.12662,0.266461,-0.0520321,0.0778528,-9.9517,1.30055,-0.970756,0.246211,-0.051259,0.135987,-9.22275,1.32823,-0.655832,0.0748922,-0.0688673,0.102313,-9.20559,1.32364,-0.649608,0.0711448,-0.0744137,0.0716934,-9.18062,1.31318,-0.652192,0.0704207,-0.0804398,0.0830913,-9.20336,1.30432,-0.645032,0.0631567,-0.0802004,0.123358,-9.19997,1.29549,-0.660809,0.0659119,-0.0743737,0.101074,-9.2014,1.30338,-0.649327,0.0688215,-0.0742928,0.124015,-9.20009,1.2984,-0.658448,0.0710851,-0.0753322
red_folders_coffee_jar_4,0.0628062,-10.2404,1.3138,-1.12794,0.309138,-0.039829,0.0615807,-10.1986,1.28069,-1.10984,0.306168,-0.0340876,0.0212575,-9.90014,1.32654,-0.938605,0.205288,-0.0550656,0.0942458,-9.14223,1.27006,-0.648014,0.0777324,-0.0732394,0.0818482,-9.17794,1.25785,-0.645643,0.08987,-0.0657874,0.0884253,-9.17773,1.2717,-0.647795,0.0786872,-0.0703439,0.0952698,-9.18403,1.27149,-0.643883,0.0901297,-0.0681139,0.102737,-9.18997,1.26871,-0.653275,0.077579,-0.0717202,0.109132,-9.17851,1.29161,-0.644404,0.082035,-0.071475,0.095483,-9.18236,1.28114,-0.656855,0.0796675,-0.0684875
red_folders_coffee_jar_5,0.105359,-10.271,1.31456,-1.12438,0.312117,-0.0405732,0.0786518,-10.1471,1.27304,-1.093,0.31401,-0.0415622,0.0299202,-9.50497,1.27212,-0.790047,0.183785,-0.052443,0.117772,-9.23389,1.28378,-0.659957,0.0974355,-0.0618182,0.141126,-9.18508,1.27561,-0.656401,0.0763968,-0.0608923,0.122129,-9.19452,1.26622,-0.656915,0.0854272,-0.0712613,0.122923,-9.19857,1.26438,-0.657986,0.0796529,-0.0734575,0.124748,-9.23429,1.27177,-0.666559,0.0816773,-0.0672787,0.115418,-9.17708,1.27625,-0.65454,0.0903195,-0.0688821,0.119011,-9.20294,1.27607,-0.658111,0.0788547,-0.0641227
campbells_noodle_soup_1,0.191784,-9.91076,1.27894,-0.944872,0.232745,-0.0420577,0.0555549,-9.22001,1.2537,-0.681982,0.0830414,-0.0405617,0.154715,-9.32631,1.30331,-0.695187,0.0907758,-0.0441411,0.160663,-8.88732,1.19751,-0.826074,0.01238,-0.0639012,0.112614,-8.88836,1.18556,-0.805947,0.0290501,-0.059934,0.0497199,-8.79131,1.1211,-0.751855,0.0792588,-0.0807641,0.284541,-8.56101,0.617044,-0.0587833,0.407553,-0.104985,0.128137,-8.66107,0.99041,-0.0695537,0.389536,-0.0965722,0.15728,-8.67353,0.99288,-0.0690455,0.389255,-0.0946692,0.147886,-8.66682,0.988893,-0.0695568,0.394029,-0.0969608
campbells_noodle_soup_2,0.0770274,-10.2036,1.3919,-1.04541,0.230543,-0.0538481,0.0707694,-10.4051,1.42657,-1.07831,0.233551,-0.0591479,0.12142,-10.1234,1.33396,-1.04184,0.254031,-0.0754068,-0.0171457,-9.33462,1.35506,-0.711175,0.055538,-0.0669043,0.0974453,-9.21289,1.35241,-0.678053,0.0602465,-0.0786267,0.0885457,-9.2421,1.33833,-0.681736,0.0544175,-0.0698771,0.0621365,-9.22144,1.34245,-0.687717,0.0588707,-0.0701208,0.0891308,-9.23855,1.34744,-0.688648,0.0510437,-0.0714218,0.0909455,-9.24567,1.33747,-0.690595,0.0551847,-0.0686492,0.0827659,-9.23603,1.33588,-0.690118,0.0564527,-0.0768534
campbells_noodle_soup_3,0.0547957,-9.99609,1.33447,-0.95334,0.211544,-0.0657612,-0.0371527,-9.21019,1.27241,-0.699016,0.0678107,-0.0729436,0.0160244,-9.26583,1.27429,-0.701221,0.0687336,-0.0754217,0.11553,-8.8683,1.15841,-0.790663,0.0219136,-0.0928194,-0.0412674,-8.80157,1.16972,-0.799674,0.00979255,-0.0860064,-0.0686623,-8.7136,1.12735,-0.759927,0.0264867,-0.0883047,0.210106,-8.44811,0.599507,-0.0877192,0.381,-0.128052,0.0313984,-8.59305,0.961753,-0.0637522,0.378475,-0.119146,0.0423331,-8.58719,0.979282,-0.0635197,0.37381,-0.121613,0.0372463,-8.60421,0.972998,-0.0598236,0.371302,-0.118476
campbells_noodle_soup_4,0.0927833,-10.1394,1.31659,-1.02168,0.253751,-0.0535043,0.0889382,-10.2636,1.34396,-1.04151,0.253435,-0.0622772,0.0768291,-9.81786,1.2117,-0.942787,0.231473,-0.0548484,0.15086,-9.31255,1.39749,-0.739219,0.00692279,-0.0517602,0.0975775,-9.24362,1.26569,-0.644443,0.0862099,-0.0772181,0.10674,-9.18718,1.25388,-0.64235,0.0797113,-0.0674602,0.10997,-9.18568,1.27505,-0.65066,0.0819555,-0.0741202,0.0898885,-9.18908,1.25432,-0.645474,0.0761412,-0.0660702,0.086254,-9.19124,1.26176,-0.652432,0.0835417,-0.0775733,0.0991213,-9.17727,1.24374,-0.643241,0.0825861,-0.0698847
campbells_noodle_soup_5,0.0605859,-9.94427,1.38539,-0.925464,0.180771,-0.0583811,0.0377261,-9.22735,1.32448,-0.679849,0.075602,-0.0683848,0.213916,-9.1644,1.298,-0.740137,0.0499986,-0.0775701,-0.0215533,-8.80922,1.17398,-0.816164,0.0140621,-0.0847341,-0.0690215,-8.74671,1.18461,-0.818092,0.00589227,-0.0829326,0.144431,-8.51225,0.683768,-0.209637,0.326952,-0.117911,0.0461414,-8.60161,0.974932,-0.0812037,0.373958,-0.113754,0.0597224,-8.60806,0.989304,-0.0723557,0.377795,-0.115492,0.0715152,-8.61055,0.983161,-0.0766793,0.379543,-0.113869,0.0695598,-8.61468,0.986868,-0.0720313,0.376533,-0.113792
wide_open_metal_can_1,0.184802,-9.52097,1.29511,-0.758779,0.144476,-0.0391317,0.185803,-9.64485,1.32881,-0.761987,0.147605,-0.0418506,0.21541,-9.45382,1.23108,-0.737661,0.144428,-0.0415797,0.207673,-9.25334,1.25329,-0.652292,0.107212,-0.040614,0.205567,-9.25785,1.23645,-0.634434,0.0941369,-0.0480297,0.199847,-9.23815,1.21947,-0.637104,0.101173,-0.0466752,0.233437,-9.22012,1.21625,-0.644406,0.0985651,-0.0433306,0.206746,-9.25906,1.2371,-0.640129,0.101854,-0.0492379,0.203564,-9.26762,1.23885,-0.642806,0.100096,-0.0474129,0.204562,-9.25789,1.24961,-0.633832,0.104578,-0.0439583
wide_open_metal_can_2,0.0696734,-9.40726,1.26758,-0.747242,0.139679,-0.0565562,0.058083,-9.47561,1.28106,-0.756325,0.131598,-0.0688302,0.0833868,-9.37603,1.21777,-0.738371,0.146447,-0.0650903,0.0869546,-9.16792,1.2353,-0.652648,0.0956017,-0.0624187,0.0639633,-9.16018,1.21382,-0.643484,0.0894851,-0.0832894,0.0843542,-9.16151,1.22333,-0.647494,0.0891244,-0.0766756,0.0864449,-9.16648,1.2295,-0.643766,0.0905267,-0.0721029,0.0692819,-9.17831,1.224,-0.6393,0.0891215,-0.0686445,0.0843168,-9.17614,1.22518,-0.643293,0.092695,-0.0658869,0.0851652,-9.15962,1.22025,-0.640769,0.0889667,-0.0709372
wide_open_metal_can_3,0.0844407,-9.53167,1.39537,-0.776919,0.0990912,-0.0504015,0.0844024,-9.32639,1.33443,-0.737886,0.108871,-0.0562982,-0.0116602,-9.37182,1.31699,-0.729318,0.105589,-0.0569802,0.122595,-9.25276,1.35591,-0.640041,0.0555409,-0.0593896,0.0881127,-9.28311,1.35534,-0.670812,0.0606258,-0.0654459,0.121253,-9.26798,1.34743,-0.661065,0.0594904,-0.0663258,0.104777,-9.27158,1.33615,-0.665641,0.0697146,-0.0624883,0.0963768,-9.26744,1.34119,-0.664631,0.0612318,-0.0702434,0.0912553,-9.26539,1.34098,-0.658566,0.0659538,-0.0661275,0.103259,-9.28512,1.34904,-0.657402,0.0612291,-0.0674599
wide_open_metal_can_4,0.0869736,-9.5196,1.45,-0.806771,0.0788846,-0.0611722,0.0920144,-9.41351,1.39498,-0.784045,0.0826571,-0.0675374,0.0911134,-9.57766,1.43377,-0.803828,0.0840163,-0.0613738,0.105229,-9.25548,1.38966,-0.696848,0.0378816,-0.0630029,0.098533,-9.27432,1.38057,-0.689021,0.0519234,-0.0691226,0.111279,-9.292,1.38715,-0.684334,0.0358699,-0.0651847,0.0975173,-9.28174,1.3839,-0.68338,0.0407742,-0.0706416,0.097218,-9.26915,1.40869,-0.69335,0.0451404,-0.0732466,0.0938172,-9.29716,1.39157,-0.689084,0.0490923,-0.0682897,0.0981748,-9.28898,1.38259,-0.687945,0.0415426,-0.0706471
wide_open_metal_can_5,0.112644,-9.48569,1.31441,-0.763555,0.128804,-0.0404752,0.126916,-9.30053,1.2515,-0.742257,0.132271,-0.0484561,0.153777,-9.44214,1.28326,-0.749878,0.149229,-0.0502652,0.157372,-9.23361,1.29263,-0.67317,0.0891793,-0.0596166,0.104955,-9.23786,1.28855,-0.659843,0.0856432,-0.0604778,0.11558,-9.23644,1.29589,-0.660901,0.0740523,-0.0590474,0.135313,-9.22471,1.28749,-0.648269,0.0962529,-0.0547998,0.127891,-9.21503,1.28355,-0.657564,0.0788885,-0.0612973,0.104007,-9.21019,1.26766,-0.657531,0.0784782,-0.0577343,0.1277,-9.22886,1.29816,-0.65819,0.085673,-0.0601965
wet_ones_container_1,0.215883,-9.64214,1.39912,-0.79461,0.133261,-0.026411,0.210779,-9.36549,1.35872,-0.669421,0.0777402,-0.0435575,0.208399,-9.36021,1.35751,-0.669148,0.0726039,-0.0439395,0.286944,-9.07243,1.25821,-0.796191,0.0309607,-0.0599196,0.102318,-8.86232,1.18737,-0.808412,0.0263387,-0.0586244,0.0154059,-8.77002,1.17849,-0.804789,0.0322131,-0.0709293,0.30002,-8.64632,0.637649,-0.185048,0.359683,-0.0983701,0.140171,-8.6374,0.955277,-0.0553313,0.397139,-0.0968662,0.149496,-8.68556,0.9904,-0.0657756,0.392122,-0.0938584,0.145295,-8.69628,0.987244,-0.060402,0.391996,-0.0977874
wet_ones_container_2,0.0709123,-9.62318,1.33604,-0.816971,0.153157,-0.044576,0.0708531,-9.54916,1.29918,-0.79698,0.149714,-0.0457039,0.0195202,-9.56082,1.30136,-0.814135,0.151947,-0.0450475,0.0917512,-9.24385,1.27556,-0.662945,0.0864423,-0.0659702,0.0828189,-9.21157,1.25895,-0.65047,0.081596,-0.0645531,0.0828119,-9.23066,1.27309,-0.649214,0.0902778,-0.0648414,0.0886245,-9.21285,1.26099,-0.658048,0.0838705,-0.0683074,0.0835104,-9.19278,1.26443,-0.658497,0.0868694,-0.068178,0.0832013,-9.20115,1.28051,-0.653636,0.087293,-0.0619057,0.0807948,-9.2194,1.2629,-0.654113,0.0787199,-0.0617446
wet_ones_container_3,0.0888787,-9.63982,1.34862,-0.811934,0.146751,-0.0453409,0.109976,-9.57752,1.31133,-0.800753,0.14909,-0.0501855,0.0969584,-9.6574,1.33463,-0.804068,0.155548,-0.0534071,0.0874773,-9.3283,1.31671,-0.666406,0.0818322,-0.0696313,0.115659,-9.245,1.26958,-0.652365,0.0796571,-0.063988,0.137752,-9.25491,1.28157,-0.652199,0.0736816,-0.0755273,0.113926,-9.24975,1.30056,-0.654714,0.0756783,-0.0652704,0.113234,-9.24757,1.28169,-0.659064,0.0803214,-0.0712961,0.116624,-9.24723,1.30115,-0.652355,0.0818046,-0.0616697,0.111418,-9.25806,1.31867,-0.645691,0.0732308,-0.075308
wet_ones_container_4,0.0865406,-9.39811,1.24551,-0.742967,0.142962,-0.0527892,0.100464,-9.16828,1.23877,-0.642339,0.0882633,-0.0689455,0.207587,-9.22872,1.21543,-0.680896,0.0690958,-0.0779494,0.0101945,-8.77356,1.15884,-0.810251,0.0139569,-0.0884409,-0.03385,-8.80591,1.1877,-0.811431,0.0139213,-0.0863136,0.0999877,-8.57129,0.744502,-0.343107,0.270035,-0.117433,-0.0247731,-8.52832,0.934934,-0.028044,0.404226,-0.113287,0.0441007,-8.61038,0.998126,-0.0733035,0.37518,-0.119158,0.0519449,-8.60144,0.998056,-0.0737564,0.37405,-0.116952,0.0466726,-8.60591,0.991645,-0.0715312,0.377414,-0.114952
wet_ones_container_5,0.103731,-9.68547,1.41516,-0.851257,0.128772,-0.028702,0.144655,-9.69129,1.40988,-0.863715,0.120325,-0.0413773,0.147152,-9.41691,1.32655,-0.748493,0.137853,-0.0558737,0.121814,-9.25528,1.33924,-0.678468,0.0635709,-0.054186,0.1141,-9.29551,1.34151,-0.672995,0.0690364,-0.0598266,0.131125,-9.28748,1.3439,-0.67037,0.0696077,-0.0516782,0.138562,-9.27675,1.35071,-0.676158,0.0729612,-0.0607694,0.116774,-9.28012,1.33458,-0.671947,0.0627992,-0.0583886,0.133134,-9.29501,1.34472,-0.670778,0.0628439,-0.0564079,0.128126,-9.28874,1.35255,-0.676345,0.071533,-0.0590764
tall_blue_pringles_1,0.182202,-9.4671,1.35018,-0.722417,0.121884,-0.0366647,0.211456,-9.49377,1.35653,-0.733911,0.11848,-0.0385934,0.216624,-9.4853,1.30393,-0.703308,0.115563,-0.0370923,0.192608,-9.32044,1.29317,-0.662063,0.0906016,-0.0413885,0.203365,-9.34519,1.31327,-0.65227,0.0854243,-0.0498608,0.194629,-9.31888,1.29202,-0.665838,0.0924194,-0.0415466,0.19016,-9.35167,1.30935,-0.657679,0.0955264,-0.0518587,0.212174,-9.31988,1.32191,-0.66149,0.0890914,-0.047885,0.190632,-9.33453,1.30329,-0.648226,0.0883766,-0.0417554,0.202022,-9.33311,1.30394,-0.658154,0.0950784,-0.041127
tall_blue_pringles_2,0.0604439,-9.41675,1.4123,-0.747979,0.0893702,-0.0514031,0.0870125,-9.25939,1.31402,-0.707083,0.0983664,-0.0646028,0.0548485,-9.4661,1.34716,-0.728508,0.0990629,-0.0540708,0.11678,-9.26105,1.36676,-0.680072,0.0625451,-0.061601,0.0931786,-9.2509,1.34695,-0.67798,0.0696974,-0.0683487,0.0877878,-9.29301,1.33139,-0.67756,0.0690998,-0.066625,0.0760848,-9.26711,1.33648,-0.683647,0.0651141,-0.0597884,0.0983307,-9.28024,1.34727,-0.678916,0.0752623,-0.069661,0.101362,-9.2733,1.3604,-0.673758,0.0696412,-0.0642567,0.114723,-9.27287,1.36543,-0.674447,0.077375,-0.0624186
tall_blue_pringles_3,0.113774,-9.33219,1.25257,-0.683306,0.11226,-0.0431554,0.0896893,-9.23422,1.21925,-0.663004,0.111495,-0.047497,0.0856082,-9.38073,1.23424,-0.691731,0.114498,-0.0497901,0.0862847,-9.25116,1.20372,-0.639682,0.10501,-0.0552595,0.106967,-9.12885,1.20054,-0.6156,0.0957334,-0.0657566,0.12884,-9.17556,1.19909,-0.622394,0.0936325,-0.0688057,0.109516,-9.1801,1.21807,-0.622211,0.103299,-0.0661763,0.105565,-9.18014,1.19233,-0.623398,0.0874135,-0.0621178,0.107423,-9.186,1.20123,-0.623991,0.0929774,-0.0618924,0.131062,-9.18938,1.19993,-0.625431,0.091755,-0.064146
tall_blue_pringles_4,0.0958111,-9.43427,1.39457,-0.739304,0.101333,-0.0522308,0.0965123,-9.24429,1.31145,-0.706749,0.101763,-0.0548439,0.0989572,-9.39934,1.33826,-0.730213,0.093746,-0.0578319,0.134075,-9.23765,1.33022,-0.665967,0.0636955,-0.0596472,0.107842,-9.27414,1.33624,-0.666606,0.0617652,-0.0705751,0.110249,-9.28635,1.34195,-0.670548,0.07289,-0.0618003,0.099226,-9.25867,1.34867,-0.661945,0.0719451,-0.0608091,0.107894,-9.26104,1.34875,-0.671712,0.0771916,-0.0569115,0.119709,-9.25802,1.35174,-0.673516,0.058869,-0.0649123,0.104977,-9.2598,1.33968,-0.668778,0.0662708,-0.0668701
tall_blue_pringles_5,0.130879,-9.31413,1.26858,-0.691602,0.105052,-0.0541888,0.127704,-9.18522,1.24024,-0.651077,0.0904665,-0.0594524,0.209621,-9.2774,1.23981,-0.6489,0.0931766,-0.0621162,0.0854368,-8.82124,1.15916,-0.815701,0.0267104,-0.0835703,0.0118939,-8.85169,1.1914,-0.812661,0.0180776,-0.07568,0.0092736,-8.78612,1.06828,-0.698759,0.0925242,-0.0835897,0.181314,-8.47497,0.655726,-0.0637368,0.397227,-0.130395,0.0686562,-8.63406,0.990242,-0.070246,0.377238,-0.110469,0.0801377,-8.64365,0.985191,-0.0713802,0.383043,-0.11277,0.082068,-8.64559,0.991255,-0.0748857,0.37606,-0.109763
green_allergy_pill_jar_1,0.194756,-9.37154,1.31292,-0.695652,0.103929,-0.0396694,0.202479,-9.21642,1.24276,-0.666735,0.11518,-0.0494526,0.204629,-9.37384,1.26502,-0.662639,0.100651,-0.0444766,0.216688,-9.30396,1.27265,-0.639731,0.0950426,-0.0446365,0.218422,-9.29772,1.25187,-0.648844,0.0923363,-0.0445137,0.214493,-9.313,1.2605,-0.646714,0.0968455,-0.0398458,0.196315,-9.31593,1.25511,-0.641772,0.0915835,-0.0532494,0.206355,-9.29663,1.27562,-0.640613,0.0968831,-0.0429154,0.218782,-9.30919,1.26556,-0.649566,0.0994689,-0.0439479,0.202024,-9.30644,1.26323,-0.646503,0.0925641,-0.0467185
green_allergy_pill_jar_2,0.0775317,-9.37772,1.35351,-0.716735,0.0823046,-0.0635308,0.0849723,-9.34116,1.34207,-0.705387,0.091114,-0.0675254,0.0686362,-9.18531,1.27936,-0.669358,0.0746426,-0.0682455,0.0944975,-9.27277,1.30174,-0.665058,0.0797998,-0.0634002,0.0986674,-9.26593,1.30644,-0.675137,0.0779443,-0.0647121,0.0976655,-9.26659,1.32179,-0.673395,0.0781955,-0.0615768,0.0989601,-9.2219,1.32792,-0.665599,0.0720683,-0.0665278,0.104151,-9.25776,1.32735,-0.668717,0.0800341,-0.0730878,0.0967844,-9.26393,1.32199,-0.673914,0.0756352,-0.0667404,0.0907577,-9.24521,1.29384,-0.66525,0.0822703,-0.0653894
green_allergy_pill_jar_3,0.090178,-9.39336,1.36443,-0.709051,0.0845079,-0.0673987,0.0878545,-9.19167,1.31381,-0.682528,0.0788185,-0.0715132,0.134746,-9.32089,1.31524,-0.662916,0.0763147,-0.0697043,0.115515,-9.24259,1.32608,-0.658694,0.0731886,-0.052941,0.115896,-9.2714,1.32352,-0.663563,0.0730999,-0.0577393,0.116975,-9.28342,1.31909,-0.6518,0.071319,-0.0660845,0.107476,-9.25877,1.32664,-0.656072,0.0718112,-0.0654223,0.126537,-9.26875,1.29724,-0.653845,0.0742529,-0.0698266,0.127055,-9.27968,1.3169,-0.659289,0.0715627,-0.0661459,0.124739,-9.27705,1.31552,-0.660042,0.0687292,-0.0574934
green_allergy_pill_jar_4,0.079879,-9.27172,1.23238,-0.682284,0.125434,-0.0575487,0.102758,-9.29223,1.2363,-0.683577,0.122002,-0.0670515,0.163807,-9.17211,1.20014,-0.641991,0.107509,-0.0662285,0.0937767,-9.15846,1.18508,-0.627126,0.108356,-0.0593093,0.0874494,-9.18142,1.19335,-0.622947,0.102443,-0.0632985,0.106041,-9.17187,1.19001,-0.62681,0.104232,-0.0614776,0.0998221,-9.17917,1.20229,-0.628477,0.106924,-0.0698726,0.1207,-9.1791,1.18745,-0.630815,0.101243,-0.0619737,0.126535,-9.18199,1.18284,-0.629905,0.108198,-0.0658262,0.11373,-9.19218,1.19443,-0.629391,0.114297,-0.0671468
green_allergy_pill_jar_5,0.117931,-9.37384,1.36259,-0.727737,0.0895172,-0.0550185,0.102803,-9.19939,1.28602,-0.676454,0.100833,-0.0551884,0.128032,-9.25581,1.2854,-0.688411,0.0842247,-0.0614201,0.132679,-9.21392,1.2935,-0.664471,0.0824701,-0.056925,0.158948,-9.23681,1.29515,-0.665187,0.0821457,-0.0600736,0.144463,-9.25768,1.31798,-0.668872,0.0797708,-0.0594795,0.161487,-9.23877,1.29312,-0.661653,0.0836361,-0.0626092,0.148046,-9.25811,1.30839,-0.662499,0.0802359,-0.0656412,0.134524,-9.24142,1.30378,-0.658586,0.0831224,-0.0573657,0.15706,-9.24215,1.30973,-0.664538,0.0800896,-0.0574132
big_orange_bug_repellent_1,0.190449,-9.80134,1.30732,-0.853279,0.196546,-0.0374401,0.199444,-9.8296,1.28096,-0.862124,0.198209,-0.0435162,0.185315,-9.36858,1.28135,-0.688757,0.107935,-0.0383798,0.207425,-9.32943,1.24864,-0.64663,0.0990839,-0.0426055,0.206421,-9.29283,1.2413,-0.644677,0.101477,-0.0454742,0.210569,-9.27474,1.25603,-0.643886,0.109426,-0.0366592,0.212432,-9.29369,1.24604,-0.63808,0.100881,-0.0405154,0.210059,-9.27634,1.24023,-0.638531,0.102215,-0.0485984,0.19896,-9.28849,1.24081,-0.642432,0.107461,-0.0391401,0.208597,-9.28799,1.25655,-0.632635,0.103075,-0.0460169
big_orange_bug_repellent_2,0.0825517,-9.75119,1.30952,-0.840746,0.166975,-0.0644977,0.0921121,-9.51215,1.22073,-0.800361,0.185443,-0.0736925,0.0984753,-9.58617,1.24235,-0.737029,0.158676,-0.0535497,0.0889048,-9.24119,1.25641,-0.644685,0.0920017,-0.068108,0.0696106,-9.25102,1.28268,-0.663631,0.087995,-0.0542215,0.12649,-9.2256,1.2375,-0.652554,0.0939416,-0.0602578,0.102824,-9.25567,1.25844,-0.660286,0.100689,-0.0590513,0.102927,-9.23283,1.24414,-0.650582,0.0903034,-0.051204,0.121421,-9.23677,1.25479,-0.656462,0.0915489,-0.0528103,0.121241,-9.23197,1.2496,-0.652335,0.0963244,-0.0611746
big_orange_bug_repellent_3,0.125296,-9.62657,1.39757,-0.796443,0.104002,-0.058619,0.134301,-9.32726,1.38544,-0.677361,0.0561271,-0.0628341,0.205451,-9.36177,1.39618,-0.701811,0.0547665,-0.0724488,0.0246346,-8.7829,1.11103,-0.793899,0.0182972,-0.0864556,0.00848747,-8.86936,1.16378,-0.801395,0.0179956,-0.0794054,0.0735314,-8.76536,0.900417,-0.516143,0.197397,-0.111846,0.0621866,-8.45822,0.796756,-0.0195874,0.400149,-0.116839,0.0698731,-8.64755,0.978979,-0.0641703,0.380566,-0.112832,0.0683912,-8.64981,0.975436,-0.0652427,0.376219,-0.112585,0.0669701,-8.65102,0.979868,-0.068863,0.377114,-0.113335
big_orange_bug_repellent_4,0.104663,-9.52084,1.31799,-0.773905,0.112374,-0.0547766,0.0725287,-9.2317,1.28554,-0.670172,0.0764693,-0.062586,0.176459,-9.25207,1.25591,-0.694979,0.0648099,-0.070234,0.0173195,-8.8546,1.18099,-0.814325,0.0169922,-0.0860492,-0.0213708,-8.8579,1.18145,-0.810092,0.0152491,-0.0818472,0.135258,-8.61975,0.737233,-0.288085,0.302653,-0.109542,0.0570895,-8.58094,0.943443,-0.0446538,0.38378,-0.116345,0.0609045,-8.63504,1.00755,-0.0753046,0.380847,-0.112279,0.0712752,-8.6379,1.00657,-0.0721013,0.378397,-0.113722,0.0638213,-8.63373,0.995359,-0.0734455,0.379494,-0.114375
big_orange_bug_repellent_5,0.129738,-9.80533,1.3857,-0.866413,0.147466,-0.050188,0.116487,-9.64175,1.32987,-0.828425,0.155687,-0.0449238,0.146726,-9.63178,1.42667,-0.816653,0.069019,-0.0478492,0.163972,-9.28758,1.31671,-0.65435,0.082745,-0.0577721,0.115204,-9.26309,1.31968,-0.670034,0.0789153,-0.0603334,0.13312,-9.29549,1.33319,-0.673326,0.0700146,-0.0609856,0.144733,-9.29084,1.30335,-0.672117,0.0743204,-0.055624,0.14205,-9.28097,1.31161,-0.66784,0.0781196,-0.0598813,0.132304,-9.28089,1.32165,-0.665164,0.0747031,-0.0591225,0.11944,-9.29233,1.31486,-0.666881,0.0724221,-0.0625948
coffee_mate_container_1,0.130825,-9.57123,1.24432,-0.753404,0.167838,-0.0331598,0.14013,-9.63022,1.26482,-0.75832,0.163072,-0.0427143,0.15836,-9.43057,1.19317,-0.694217,0.17356,-0.0392816,0.198917,-9.22783,1.20559,-0.616401,0.100897,-0.0542322,0.159997,-9.21733,1.18718,-0.61707,0.105494,-0.0569339,0.169164,-9.22257,1.21367,-0.619815,0.104365,-0.0582441,0.149631,-9.21752,1.19636,-0.614826,0.108102,-0.0553979,0.153729,-9.233,1.20138,-0.614879,0.100558,-0.0604517,0.156359,-9.23377,1.21104,-0.618406,0.103574,-0.0547977,0.163395,-9.24212,1.2083,-0.613605,0.102893,-0.055084
coffee_mate_container_2,0.0811904,-9.45726,1.22802,-0.747664,0.158475,-0.0437781,0.062895,-9.32881,1.18246,-0.720552,0.1684,-0.049834,0.0596789,-9.47942,1.2038,-0.767224,0.162282,-0.0536587,0.0210939,-9.28936,1.19516,-0.6672,0.105913,-0.0756638,0.0890383,-9.12857,1.18476,-0.629188,0.0920837,-0.0727268,0.0731547,-9.10834,1.16535,-0.616902,0.10649,-0.0695596,0.0641257,-9.15488,1.19477,-0.628498,0.0957498,-0.0703176,0.0726182,-9.13118,1.17489,-0.620838,0.100823,-0.0729148,0.0687277,-9.13075,1.19303,-0.614883,0.0919034,-0.0737807,0.0851984,-9.12126,1.17494,-0.622231,0.0966296,-0.0711167
coffee_mate_container_3,0.143146,-9.54372,1.32703,-0.767617,0.154024,-0.0360772,0.155413,-9.56084,1.30903,-0.762102,0.157391,-0.0517166,0.142263,-9.45544,1.24456,-0.728652,0.151219,-0.0381233,0.171229,-9.28195,1.29262,-0.645476,0.0911549,-0.0488647,0.15549,-9.22572,1.25432,-0.631653,0.0896104,-0.0529485,0.147331,-9.2167,1.26986,-0.635647,0.0843876,-0.0543716,0.151405,-9.22267,1.26863,-0.641915,0.0957578,-0.0502944,0.158932,-9.23037,1.24039,-0.641789,0.0865131,-0.054768,0.160628,-9.21694,1.25514,-0.632999,0.0951428,-0.0559607,0.153097,-9.23029,1.27787,-0.636331,0.0965767,-0.0482225
coffee_mate_container_4,0.0775854,-9.51526,1.29473,-0.772463,0.141991,-0.0569576,0.101915,-9.43267,1.2448,-0.767184,0.150152,-0.0627301,0.0580647,-9.49118,1.26544,-0.766568,0.136689,-0.0603569,0.108908,-9.09174,1.22729,-0.627606,0.0904981,-0.0757139,0.0837066,-9.14191,1.23376,-0.629656,0.0848405,-0.0736792,0.099791,-9.16691,1.23118,-0.634221,0.0894283,-0.0726517,0.0932061,-9.14789,1.23436,-0.637089,0.0828926,-0.0670317,0.0900426,-9.15768,1.24064,-0.635949,0.0862314,-0.0794894,0.0976711,-9.16652,1.24632,-0.641186,0.0787011,-0.0722919,0.0977789,-9.15259,1.24616,-0.637647,0.080646,-0.0739109
coffee_mate_container_5,0.108945,-9.55374,1.33301,-0.786732,0.133872,-0.0419182,0.104899,-9.44776,1.29548,-0.769465,0.145855,-0.0516837,0.124562,-9.50381,1.29645,-0.755152,0.140308,-0.0617827,0.0419011,-9.35706,1.28033,-0.638955,0.093923,-0.0654652,0.13059,-9.26093,1.28365,-0.653585,0.0823184,-0.0569499,0.127106,-9.23354,1.2971,-0.654656,0.0859505,-0.056924,0.117486,-9.24292,1.29057,-0.662023,0.0826227,-0.0589142,0.132081,-9.24061,1.27052,-0.654917,0.0884773,-0.0662631,0.143237,-9.22848,1.28531,-0.652032,0.0827581,-0.0641717,0.130391,-9.23695,1.29478,-0.653421,0.0792533,-0.0610151
green_oeange_water_bottle_1,0.153626,-9.99672,1.35664,-0.916422,0.194256,-0.0471463,0.135972,-9.87076,1.32878,-0.897453,0.189072,-0.0495307,0.115685,-9.89998,1.2916,-0.890122,0.218084,-0.0471837,0.161556,-9.27833,1.29229,-0.65198,0.0804878,-0.049908,0.147396,-9.26106,1.31282,-0.64879,0.0812231,-0.0590703,0.164686,-9.2963,1.31679,-0.645991,0.082944,-0.0516403,0.166193,-9.30509,1.321,-0.653312,0.0803253,-0.0539651,0.156606,-9.27159,1.3204,-0.646582,0.0767927,-0.0543778,0.154548,-9.29904,1.3219,-0.641386,0.0814236,-0.0614481,0.161808,-9.28554,1.31559,-0.647543,0.0768723,-0.0619446
green_oeange_water_bottle_2,0.0687654,-9.86016,1.32793,-0.923329,0.19786,-0.0650873,0.0610612,-9.89833,1.35344,-0.91962,0.186503,-0.068395,0.0747647,-9.66615,1.24328,-0.838828,0.206411,-0.0656433,0.0975365,-9.25715,1.28442,-0.665082,0.0794778,-0.0740487,0.0650181,-9.2359,1.27112,-0.659422,0.0766979,-0.0725121,0.0894061,-9.20947,1.2925,-0.659929,0.0822617,-0.0757782,0.0889103,-9.22204,1.28319,-0.6578,0.0798512,-0.072533,0.0776082,-9.23108,1.2912,-0.6618,0.0819563,-0.0809902,0.0851239,-9.22212,1.28165,-0.657994,0.0840112,-0.0722637,0.0794181,-9.2034,1.28531,-0.653393,0.0820792,-0.0716234
green_oeange_water_bottle_3,0.123935,-9.95172,1.36842,-0.9207,0.203344,-0.0402874,0.132818,-9.98006,1.38314,-0.92996,0.197254,-0.043796,0.125061,-9.67694,1.31964,-0.828012,0.202382,-0.0487397,0.152147,-9.29544,1.35375,-0.664751,0.0909153,-0.0575254,0.154927,-9.23914,1.32474,-0.657684,0.0908863,-0.0522953,0.150751,-9.22371,1.3195,-0.64886,0.0777095,-0.0592561,0.149068,-9.23508,1.31535,-0.651996,0.093012,-0.0528474,0.161728,-9.23637,1.30292,-0.644326,0.0847678,-0.0571382,0.159047,-9.24911,1.33361,-0.65445,0.0858803,-0.0556405,0.165186,-9.24465,1.3197,-0.647626,0.08596,-0.0575768
green_oeange_water_bottle_4,0.0814051,-9.9338,1.43643,-0.958057,0.161515,-0.0599252,0.065981,-9.78892,1.37177,-0.921454,0.159946,-0.0720946,0.0175369,-9.78498,1.37126,-0.884928,0.169174,-0.0608805,0.0710618,-9.25035,1.35824,-0.67502,0.0637032,-0.0707127,0.0914896,-9.28397,1.3745,-0.673351,0.0615772,-0.0767415,0.0920404,-9.29446,1.37039,-0.674594,0.0603015,-0.0725993,0.0962983,-9.27365,1.36299,-0.670549,0.0555187,-0.0675376,0.101881,-9.27002,1.37891,-0.670184,0.0521194,-0.0721966,0.0970059,-9.29076,1.36589,-0.677647,0.0586143,-0.0705426,0.106209,-9.27551,1.38356,-0.668418,0.0580942,-0.0709912
green_oeange_water_bottle_5,0.113684,-9.95063,1.38612,-0.946602,0.185502,-0.0535394,0.133934,-9.93617,1.38418,-0.936224,0.182495,-0.0617498,0.116448,-9.77917,1.31192,-0.861567,0.195318,-0.0599348,0.154163,-9.32718,1.34111,-0.6856,0.0723816,-0.0626233,0.130655,-9.28897,1.34051,-0.666236,0.0742614,-0.0661462,0.125384,-9.28576,1.33927,-0.665875,0.0746469,-0.0622541,0.130344,-9.29483,1.35661,-0.664822,0.0788016,-0.0650765,0.129774,-9.2887,1.34966,-0.667439,0.0791526,-0.0616772,0.139706,-9.29207,1.34827,-0.66059,0.074111,-0.0548802,0.138994,-9.27635,1.32539,-0.65967,0.0736397,-0.0686195
blue_red_avengers_water_bottle_full_1,0.152931,-10.9349,1.4456,-1.2599,0.359097,-0.00786737,0.146866,-10.8784,1.43076,-1.25554,0.353383,-0.00591639,0.142693,-10.2488,1.53324,-1.09651,0.167331,-0.0118849,0.22381,-9.45899,1.42164,-0.700741,0.0728209,-0.0491374,0.176191,-9.39648,1.34709,-0.668674,0.0817793,-0.0601596,0.18499,-9.32391,1.35852,-0.657316,0.0801978,-0.052004,0.187123,-9.32921,1.33266,-0.658911,0.0799726,-0.0583968,0.163458,-9.31306,1.34841,-0.660548,0.0823617,-0.0558943,0.167121,-9.33581,1.34858,-0.660848,0.0749671,-0.0602678,0.195851,-9.33434,1.33985,-0.661342,0.0705392,-0.0583029
blue_red_avengers_water_bottle_full_2,0.0799249,-10.7064,1.34303,-1.22738,0.368046,-0.0317265,0.0547588,-10.6725,1.3156,-1.20702,0.368997,-0.0405759,-0.0191509,-10.042,1.19531,-0.927771,0.33015,-0.0498313,0.097713,-9.18026,1.25129,-0.6505,0.0894788,-0.0710265,0.112329,-9.16382,1.26053,-0.647403,0.0813866,-0.0787981,0.119312,-9.17173,1.24132,-0.637238,0.0860032,-0.0698648,0.106054,-9.17865,1.24737,-0.642805,0.0848722,-0.073931,0.102808,-9.18501,1.23546,-0.641239,0.0858639,-0.0722222,0.0887835,-9.17551,1.24482,-0.653988,0.0897802,-0.0807117,0.1141,-9.20451,1.24623,-0.647924,0.0786514,-0.0698831
blue_red_avengers_water_bottle_full_3,0.13352,-10.7062,1.27905,-1.18663,0.419225,0.00270535,0.183418,-10.7563,1.26836,-1.19441,0.416294,0.00053851,0.208939,-10.0957,1.18984,-0.978756,0.323928,-0.0196137,0.18204,-9.15145,1.18152,-0.600844,0.112155,-0.0440497,0.159294,-9.20322,1.19153,-0.627988,0.112573,-0.0545831,0.165364,-9.19635,1.20379,-0.622024,0.109905,-0.0461509,0.165084,-9.20512,1.19389,-0.618431,0.100676,-0.0526895,0.163658,-9.20165,1.1874,-0.621691,0.103281,-0.0537292,0.172841,-9.191,1.19981,-0.623435,0.116558,-0.0509648,0.16075,-9.19349,1.18019,-0.625209,0.106081,-0.0582794
blue_red_avengers_water_bottle_full_4,0.120046,-10.7466,1.38951,-1.23723,0.353561,-0.0219446,0.0696913,-10.7034,1.36,-1.21387,0.358376,-0.0434518,0.14341,-10.2521,1.31814,-1.04105,0.272859,-0.0424756,0.149312,-9.30966,1.32551,-0.702937,0.0837041,-0.0694614,0.128306,-9.25396,1.28695,-0.654057,0.0858204,-0.0740361,0.105669,-9.21668,1.2731,-0.646764,0.07786,-0.0716764,0.111845,-9.23791,1.28632,-0.656459,0.0738205,-0.0759661,0.117891,-9.21803,1.30667,-0.665503,0.0819397,-0.0772673,0.106426,-9.22518,1.28015,-0.658238,0.0879106,-0.0766132,0.110961,-9.23971,1.29914,-0.657007,0.081058,-0.0768511
blue_red_avengers_water_bottle_full_5,0.127893,-10.8628,1.43805,-1.25175,0.366699,-0.0168783,0.132436,-10.7655,1.37769,-1.24,0.360273,-0.0274464,0.112705,-10.4504,1.34181,-1.09587,0.279987,-0.0159164,0.188289,-9.17466,1.31858,-0.706078,0.0574243,-0.0700037,0.143148,-9.24684,1.31426,-0.65914,0.0894975,-0.0578603,0.180374,-9.26084,1.31318,-0.663452,0.0745449,-0.0609774,0.137082,-9.25903,1.32485,-0.664037,0.0864723,-0.0659855,0.130344,-9.25735,1.30653,-0.667085,0.0860682,-0.0649609,0.138137,-9.25915,1.31346,-0.664431,0.0840502,-0.0577508,0.147409,-9.24517,1.31758,-0.664585,0.0784408,-0.0604216
yellow_lysol_wipes_container_1,0.182313,-9.50358,1.2821,-0.719538,0.141607,-0.0326263,0.175342,-9.27063,1.25695,-0.633882,0.0876581,-0.0529472,0.200512,-9.31456,1.25766,-0.637523,0.0931835,-0.0557638,0.184229,-8.97973,1.16752,-0.798621,0.0283866,-0.0785114,0.0861129,-8.87404,1.1687,-0.790962,0.0277958,-0.0766159,-0.0348842,-8.84005,1.15832,-0.791742,0.0281998,-0.0719754,0.298364,-8.65411,0.61386,-0.130299,0.385145,-0.129686,0.109323,-8.65003,0.929908,-0.0489935,0.386335,-0.103211,0.112425,-8.69165,0.965283,-0.0575041,0.384717,-0.10132,0.120879,-8.69024,0.975496,-0.0602834,0.386489,-0.10678
yellow_lysol_wipes_container_2,0.065458,-9.4576,1.30243,-0.757316,0.134381,-0.0475974,0.0651151,-9.19335,1.21981,-0.712949,0.15144,-0.0502743,0.0918418,-9.42429,1.24166,-0.746597,0.159111,-0.0515931,0.0961609,-9.19562,1.25446,-0.657526,0.0900034,-0.0594657,0.0989801,-9.1799,1.25789,-0.646928,0.0833864,-0.0685466,0.103489,-9.17986,1.24958,-0.641447,0.074637,-0.0714125,0.0866931,-9.19851,1.23985,-0.646065,0.084021,-0.0747214,0.0878159,-9.17905,1.24231,-0.651263,0.0839061,-0.0752103,0.105013,-9.1823,1.24526,-0.653179,0.0897233,-0.0756149,0.0920705,-9.19256,1.2349,-0.646244,0.092204,-0.0730043
yellow_lysol_wipes_container_3,0.143651,-9.53141,1.36498,-0.779645,0.147249,-0.0242766,0.145699,-9.6226,1.34458,-0.774467,0.147736,-0.0355735,0.147335,-9.40338,1.28482,-0.703903,0.13012,-0.0407955,0.164145,-9.28214,1.32036,-0.653193,0.088715,-0.0408023,0.160998,-9.29041,1.2876,-0.653777,0.087871,-0.0569427,0.166224,-9.27375,1.31098,-0.648757,0.0924063,-0.0464674,0.163455,-9.26801,1.28953,-0.649081,0.0858866,-0.05448,0.178131,-9.2798,1.30204,-0.658997,0.0884106,-0.0540319,0.150049,-9.26882,1.29979,-0.649451,0.0867334,-0.052931,0.174028,-9.27929,1.27926,-0.649919,0.0877089,-0.054679
yellow_lysol_wipes_container_4,0.103848,-9.51186,1.35815,-0.784412,0.123138,-0.0504733,0.0867252,-9.33437,1.30092,-0.75272,0.129934,-0.0489477,0.0533488,-9.4524,1.30268,-0.735756,0.123429,-0.0549707,0.118986,-9.22623,1.28358,-0.653007,0.081857,-0.0665678,0.118726,-9.2511,1.28987,-0.656039,0.0719782,-0.0682276,0.126217,-9.24912,1.28448,-0.655111,0.0785121,-0.0702379,0.132871,-9.26403,1.28377,-0.660535,0.0791224,-0.070697,0.120138,-9.24319,1.29654,-0.649164,0.0771891,-0.069424,0.132153,-9.24543,1.28372,-0.652638,0.0871796,-0.0721174,0.107855,-9.25435,1.2985,-0.661372,0.0717626,-0.0680094
yellow_lysol_wipes_container_5,0.124601,-9.51388,1.29791,-0.766938,0.148264,-0.0361874,0.16683,-9.55694,1.31336,-0.775177,0.138519,-0.0465766,0.127729,-9.36399,1.25561,-0.730533,0.134684,-0.0536599,0.12605,-9.23399,1.24482,-0.64292,0.09428,-0.053608,0.14045,-9.19251,1.25974,-0.643476,0.0842079,-0.0565095,0.155885,-9.20626,1.2581,-0.645013,0.0918862,-0.0546201,0.13374,-9.21232,1.22439,-0.645972,0.0907418,-0.0620475,0.143389,-9.20241,1.25666,-0.640987,0.0989122,-0.0614287,0.132214,-9.20562,1.25144,-0.641067,0.0873442,-0.0572996,0.16863,-9.20813,1.2247,-0.648795,0.094226,-0.0643843
pink_noodle_h5_1,0.164362,-9.38393,1.34221,-0.678159,0.0853031,-0.0481176,0.148952,-9.42829,1.34322,-0.681837,0.0953775,-0.0461517,0.184135,-9.29388,1.27534,-0.663535,0.107086,-0.0495995,0.187427,-9.30519,1.27354,-0.645719,0.0897558,-0.0512761,0.164138,-9.35093,1.31729,-0.648105,0.0876608,-0.0587912,0.185641,-9.31019,1.29196,-0.648485,0.085555,-0.0506015,0.194245,-9.34411,1.28843,-0.641659,0.08152,-0.052367,0.168494,-9.35001,1.30075,-0.649259,0.0889029,-0.0481173,0.163208,-9.3241,1.31038,-0.654829,0.0842137,-0.0608804,0.175248,-9.30905,1.29324,-0.643621,0.0838952,-0.0509843
pink_noodle_h5_2,0.0879365,-9.18164,1.17801,-0.645904,0.12292,-0.0665088,0.0794202,-9.23286,1.18922,-0.639962,0.121793,-0.0621165,0.142565,-9.13721,1.12688,-0.637223,0.120713,-0.0711158,0.120278,-9.07636,1.13135,-0.611065,0.115477,-0.0688852,0.0832969,-9.10435,1.12967,-0.615555,0.117343,-0.0674956,0.0880624,-9.11312,1.14583,-0.623393,0.115483,-0.0679727,0.0879765,-9.11143,1.12462,-0.608929,0.123952,-0.0747353,0.0870859,-9.09039,1.12341,-0.610344,0.114631,-0.0673889,0.0992811,-9.099,1.12777,-0.605568,0.114654,-0.0726619,0.110299,-9.11874,1.14059,-0.61809,0.111597,-0.0729219
pink_noodle_h5_3,0.149494,-9.41903,1.45038,-0.716031,0.0702198,-0.0417117,0.135223,-9.43525,1.46321,-0.712264,0.0625706,-0.0530804,0.18359,-9.38395,1.39903,-0.697902,0.0730925,-0.0431967,0.183341,-9.32056,1.39892,-0.683898,0.0586627,-0.0496055,0.137964,-9.37562,1.4025,-0.685443,0.0578544,-0.0535079,0.161975,-9.3411,1.41834,-0.68617,0.072605,-0.0431502,0.181994,-9.3404,1.40733,-0.679555,0.0586749,-0.054295,0.178516,-9.34267,1.40155,-0.68343,0.0520765,-0.0555293,0.167205,-9.33787,1.41943,-0.684156,0.0621433,-0.0546689,0.163163,-9.34113,1.41042,-0.688547,0.0587496,-0.0499407
pink_noodle_h5_4,0.116679,-9.29844,1.29999,-0.675537,0.0826774,-0.0551045,0.0951238,-9.10441,1.22537,-0.64776,0.10157,-0.0647333,0.139449,-9.17596,1.22594,-0.647181,0.0958773,-0.0713622,0.122318,-9.22697,1.27101,-0.65059,0.0840169,-0.0586548,0.102376,-9.19595,1.25547,-0.64756,0.0869442,-0.0613384,0.104895,-9.224,1.2582,-0.652725,0.0862222,-0.0577099,0.11627,-9.21172,1.26749,-0.644838,0.0849975,-0.0657341,0.110576,-9.21081,1.25042,-0.641186,0.0817175,-0.0633719,0.10469,-9.21696,1.24317,-0.647775,0.0832708,-0.0679528,0.112496,-9.18721,1.27393,-0.646548,0.0786881,-0.0667761
pink_noodle_h5_5,0.139584,-9.30962,1.34191,-0.696689,0.0908666,-0.0415762,0.14977,-9.37088,1.35394,-0.693769,0.0938117,-0.0512837,0.168743,-9.28447,1.27251,-0.676233,0.0986768,-0.0541063,0.186548,-9.25018,1.28928,-0.65976,0.0875523,-0.0463276,0.146805,-9.27467,1.30438,-0.655175,0.0764512,-0.0458034,0.130488,-9.28042,1.297,-0.658389,0.0807794,-0.0582469,0.140869,-9.27192,1.31315,-0.663256,0.0839036,-0.0549506,0.160198,-9.27476,1.29887,-0.655448,0.0802891,-0.0554658,0.134227,-9.2831,1.29693,-0.664438,0.0858248,-0.0589605,0.141955,-9.29042,1.30747,-0.660681,0.0852257,-0.0555603
white_water_bottle_full_1,0.175425,-11.3502,1.44433,-1.39429,0.453009,0.0379314,0.154129,-11.3643,1.45249,-1.39599,0.449812,0.0273894,0.087051,-10.4797,1.24613,-1.11104,0.455677,0.0559588,0.27795,-9.59541,1.40301,-0.734834,0.0609264,-0.0484888,0.187449,-9.33526,1.27713,-0.640715,0.0850405,-0.0575318,0.198013,-9.31407,1.28557,-0.636572,0.0819125,-0.0611422,0.192094,-9.3358,1.28372,-0.647965,0.0902507,-0.0624574,0.19344,-9.3322,1.26985,-0.650028,0.0909879,-0.0522633,0.191631,-9.33345,1.29053,-0.639808,0.0901105,-0.0566496,0.18525,-9.33178,1.29203,-0.649948,0.0854926,-0.0483784
white_water_bottle_full_2,0.0946886,-11.2443,1.42282,-1.45704,0.491933,0.038821,0.0824993,-11.2762,1.44178,-1.47218,0.448349,0.021072,-0.150303,-10.1548,1.30756,-0.99492,0.38408,0.0343284,0.0669907,-9.25658,1.28489,-0.676296,0.0734689,-0.0700289,0.125517,-9.23821,1.27409,-0.658804,0.0867006,-0.0657274,0.124521,-9.24295,1.27962,-0.657814,0.0772086,-0.0688755,0.106367,-9.23969,1.28304,-0.656784,0.0880469,-0.069412,0.103225,-9.24382,1.26815,-0.665602,0.0809373,-0.0670367,0.127509,-9.24185,1.28495,-0.65988,0.0870371,-0.0641412,0.125895,-9.22718,1.29024,-0.662082,0.0792639,-0.0717014
white_water_bottle_full_3,0.160937,-11.2205,1.33295,-1.34276,0.498584,0.0454569,0.159814,-11.3955,1.3804,-1.39358,0.490461,0.029441,-0.0150579,-10.1032,1.10206,-0.92188,0.477899,0.0554193,0.174369,-9.36483,1.23955,-0.656234,0.100825,-0.0488886,0.168295,-9.23812,1.22059,-0.622887,0.0988601,-0.0559619,0.178965,-9.18244,1.20929,-0.628665,0.100478,-0.0542731,0.17755,-9.19804,1.20934,-0.618808,0.0967903,-0.0459521,0.18625,-9.21063,1.21991,-0.626063,0.105885,-0.0520536,0.185221,-9.20321,1.22843,-0.618745,0.102432,-0.0443483,0.174526,-9.191,1.20695,-0.622902,0.101328,-0.0528139
white_water_bottle_full_4,0.119567,-11.2462,1.41023,-1.36619,0.465708,0.0329756,0.123923,-11.2733,1.3765,-1.37287,0.472309,0.0168345,-0.0132426,-10.5749,1.26272,-1.08921,0.488115,0.0528355,0.235867,-9.40096,1.39731,-0.721296,0.0246879,-0.0754552,0.132524,-9.23756,1.25902,-0.655974,0.0875449,-0.0732704,0.130609,-9.23586,1.24161,-0.641343,0.0904281,-0.0728262,0.125453,-9.18635,1.23613,-0.634203,0.0816572,-0.0720507,0.146722,-9.20066,1.24091,-0.640237,0.0842832,-0.0672953,0.111758,-9.18781,1.22365,-0.638789,0.0788955,-0.0750365,0.12097,-9.18092,1.22518,-0.638827,0.0848328,-0.0694869
white_water_bottle_full_5,0.134445,-11.2564,1.37387,-1.37655,0.488713,0.0390267,0.112972,-11.0621,1.31958,-1.32687,0.483206,0.0315548,-0.0425513,-10.7242,1.23266,-1.04604,0.506843,0.0678017,0.193799,-9.21327,1.26563,-0.650648,0.0811926,-0.0548493,0.146174,-9.26794,1.2425,-0.6446,0.100178,-0.0666801,0.180195,-9.23394,1.24792,-0.645673,0.0933034,-0.0683166,0.171,-9.20542,1.22138,-0.645662,0.0888245,-0.0639075,0.162546,-9.21705,1.23609,-0.647923,0.0950568,-0.0638967,0.161904,-9.24048,1.21398,-0.639514,0.0911102,-0.0597983,0.167288,-9.21596,1.23608,-0.644631,0.100484,-0.0580131
plastic_jar_with_beans_1,0.143999,-10.1868,1.34362,-0.993799,0.24443,-0.0517948,0.156299,-10.2097,1.31999,-0.997047,0.232157,-0.0537879,0.147678,-10.0427,1.27332,-0.932486,0.252065,-0.0472678,0.154799,-9.34795,1.30814,-0.693072,0.0613687,-0.0524747,0.198636,-9.33603,1.28588,-0.649529,0.0864089,-0.0550733,0.162632,-9.34171,1.30121,-0.646555,0.0842609,-0.0583033,0.181811,-9.33812,1.30149,-0.651704,0.0891054,-0.0592985,0.192037,-9.33583,1.31853,-0.650938,0.0951105,-0.0585694,0.198361,-9.32573,1.29124,-0.649981,0.079942,-0.0446861,0.191138,-9.32747,1.31388,-0.648586,0.0891376,-0.0404182
plastic_jar_with_beans_2,0.0977195,-10.0795,1.28573,-1.00059,0.238232,-0.0530352,0.114892,-10.0844,1.29671,-1.00383,0.247626,-0.0531857,0.128481,-10.1627,1.28521,-1.02175,0.24935,-0.0476405,0.0969432,-9.25327,1.20592,-0.647967,0.127522,-0.0577435,0.113863,-9.25552,1.24826,-0.659601,0.084881,-0.0640564,0.123343,-9.236,1.24782,-0.649451,0.103239,-0.0633159,0.129913,-9.23582,1.26321,-0.649334,0.0861042,-0.0662167,0.122068,-9.23351,1.24748,-0.650102,0.0905532,-0.0640273,0.114783,-9.25482,1.25212,-0.658554,0.0850109,-0.0629668,0.126088,-9.24728,1.26953,-0.650824,0.0830254,-0.059374
plastic_jar_with_beans_3,0.170262,-10.0666,1.24571,-0.971937,0.287577,-0.0341727,0.142961,-9.92949,1.19086,-0.924114,0.294608,-0.0398386,0.153832,-9.74349,1.25489,-0.83977,0.219637,-0.0269024,0.192898,-9.19716,1.19174,-0.618825,0.117203,-0.0406861,0.157306,-9.20986,1.20532,-0.626175,0.108022,-0.0541775,0.179281,-9.21529,1.20086,-0.621346,0.114377,-0.0422543,0.184761,-9.18436,1.19865,-0.626024,0.11043,-0.0517794,0.156278,-9.21199,1.20486,-0.616582,0.115798,-0.0494155,0.175422,-9.19392,1.21149,-0.621772,0.103918,-0.0474696,0.179757,-9.2163,1.21929,-0.623143,0.104004,-0.0494292
plastic_jar_with_beans_4,0.121245,-10.1562,1.36561,-1.00904,0.243225,-0.0379089,0.108612,-10.0264,1.30158,-0.983295,0.250334,-0.0521322,0.0877058,-9.81175,1.31737,-0.855361,0.204788,-0.0383898,0.110008,-9.2488,1.27109,-0.640695,0.0959926,-0.0589205,0.119442,-9.26426,1.29368,-0.655193,0.0760583,-0.0579924,0.121649,-9.26214,1.28823,-0.657798,0.0885388,-0.0585092,0.141544,-9.2781,1.29244,-0.653284,0.0810764,-0.0641342,0.127474,-9.27401,1.28474,-0.658889,0.0759381,-0.0585826,0.126473,-9.28196,1.30077,-0.649752,0.0859216,-0.0634417,0.121764,-9.27661,1.29804,-0.660339,0.0859827,-0.0629654
plastic_jar_with_beans_5,0.146338,-10.0851,1.25515,-0.987472,0.277904,-0.0327657,0.162306,-10.0183,1.20075,-0.957765,0.277391,-0.0412271,0.0895065,-9.62022,1.24518,-0.775349,0.190383,-0.0403912,0.11389,-9.17862,1.18986,-0.636094,0.107228,-0.0536914,0.173259,-9.21217,1.20687,-0.634922,0.102303,-0.0555101,0.174522,-9.21353,1.20102,-0.635669,0.103112,-0.0554452,0.16703,-9.23408,1.21701,-0.629917,0.0917418,-0.0530245,0.169133,-9.22999,1.21185,-0.638673,0.100897,-0.0543834,0.157497,-9.22671,1.21622,-0.640781,0.109327,-0.0597029,0.169182,-9.228,1.20699,-0.63973,0.104126,-0.0558681
yellow_ketchup_bottle_full_1,0.196163,-9.92458,1.31161,-0.87929,0.190371,-0.0447015,0.187654,-9.32605,1.27955,-0.644873,0.0928067,-0.0494395,0.33209,-9.18225,1.22156,-0.716081,0.0595311,-0.064913,0.0337462,-8.91586,1.16974,-0.802103,0.0216217,-0.0655772,0.0588692,-8.85175,1.09723,-0.739265,0.0756142,-0.0857462,0.219395,-8.5493,0.679875,-0.050102,0.404679,-0.110484,0.137147,-8.71878,0.97605,-0.0627149,0.383175,-0.100106,0.139848,-8.71092,0.978204,-0.0565087,0.384179,-0.103386,0.137428,-8.71512,0.980514,-0.0592606,0.383765,-0.101662,0.139759,-8.70665,0.974613,-0.0539947,0.385907,-0.102196
yellow_ketchup_bottle_full_2,0.119715,-10.2672,1.31542,-1.03425,0.272853,-0.0478803,0.098967,-10.1266,1.25597,-1.00954,0.277776,-0.0509954,0.103395,-9.92277,1.32837,-0.953648,0.173578,-0.0535864,0.0698905,-9.19013,1.22897,-0.649941,0.0972697,-0.0613497,0.140124,-9.14599,1.23084,-0.648317,0.0867055,-0.0674108,0.119971,-9.20251,1.2381,-0.639305,0.0810201,-0.0607713,0.136048,-9.18089,1.22859,-0.647641,0.0861222,-0.0651318,0.123968,-9.18164,1.24683,-0.644043,0.0920828,-0.0727332,0.131895,-9.1761,1.2366,-0.638243,0.0842262,-0.06783,0.128074,-9.20222,1.22381,-0.643353,0.0816223,-0.0684101
yellow_ketchup_bottle_full_3,0.137246,-10.362,1.32918,-1.04568,0.272927,-0.031682,0.143734,-10.19,1.26476,-1.0017,0.283951,-0.0380438,0.160171,-9.98945,1.34758,-0.884763,0.209494,-0.0311279,0.178927,-9.25868,1.27122,-0.632728,0.0993164,-0.0516809,0.17849,-9.27287,1.27653,-0.644592,0.099997,-0.0438401,0.163103,-9.26873,1.26747,-0.642352,0.107502,-0.0473162,0.17738,-9.26585,1.27438,-0.64426,0.0996735,-0.0428261,0.168629,-9.25809,1.27182,-0.645126,0.0962264,-0.0443487,0.160553,-9.27786,1.28258,-0.64629,0.0948283,-0.0492443,0.174542,-9.25016,1.27572,-0.646764,0.0961938,-0.0466068
yellow_ketchup_bottle_full_4,0.142656,-10.3706,1.38544,-1.06808,0.252282,-0.0381722,0.11264,-10.3155,1.36294,-1.0692,0.257701,-0.0404492,0.192554,-9.92081,1.4053,-0.960435,0.120185,-0.0413829,0.190306,-9.32327,1.35119,-0.723028,0.0159203,-0.0618915,0.0864448,-9.33411,1.31706,-0.715812,0.0406337,-0.07085,0.100077,-9.33625,1.32579,-0.733215,0.0273107,-0.0665532,0.089455,-9.33945,1.32515,-0.728365,0.0389285,-0.0737064,0.100281,-9.34132,1.33988,-0.732506,0.0380717,-0.0718299,0.0907391,-9.35169,1.32955,-0.737328,0.0293566,-0.0641645,0.0878101,-9.34007,1.35641,-0.73753,0.0349819,-0.0676738
yellow_ketchup_bottle_full_5,0.15877,-10.2282,1.231,-1.00625,0.319772,-0.0389573,0.123491,-10.067,1.17219,-0.964273,0.321657,-0.0393505,0.170977,-9.89017,1.2634,-0.876686,0.188158,-0.03974,0.199145,-9.30087,1.25297,-0.73929,0.0491407,-0.0781704,0.165988,-9.26546,1.22737,-0.686183,0.0751376,-0.0625149,0.174572,-9.2438,1.20338,-0.679297,0.0746507,-0.0769797,0.165392,-9.24636,1.21724,-0.677377,0.0705071,-0.0637988,0.175177,-9.25647,1.19354,-0.692094,0.069526,-0.0646263,0.166136,-9.26047,1.22685,-0.682592,0.0672673,-0.0670583,0.179108,-9.25933,1.211,-0.691777,0.0654829,-0.0686735
lime_green_purple_water_bottle_1,0.181021,-10.5641,1.3256,-1.13766,0.332736,-0.02688,0.174725,-10.5945,1.31066,-1.14044,0.327009,-0.0302917,0.208136,-10.2927,1.30004,-0.986,0.248812,-0.0351398,0.134853,-9.33265,1.30137,-0.677925,0.064467,-0.0359708,0.177981,-9.34312,1.25361,-0.640999,0.100771,-0.044515,0.194046,-9.34423,1.25408,-0.636286,0.0968444,-0.0525319,0.201601,-9.32825,1.24147,-0.642666,0.0940935,-0.057265,0.186882,-9.32407,1.25225,-0.638206,0.0959749,-0.0520702,0.164282,-9.33943,1.25903,-0.640097,0.0958304,-0.0510408,0.19522,-9.32904,1.25798,-0.634218,0.0862353,-0.0576437
lime_green_purple_water_bottle_2,0.126031,-10.5642,1.36499,-1.15945,0.303099,-0.0449337,0.178028,-10.6532,1.42521,-1.20958,0.279851,-0.0454111,0.0385121,-10.0369,1.31132,-1.01427,0.189327,-0.0568668,0.177483,-9.20467,1.31427,-0.65369,0.071998,-0.0598034,0.127993,-9.26104,1.3035,-0.655808,0.071986,-0.0573564,0.115983,-9.27223,1.2841,-0.665363,0.079002,-0.0712198,0.143052,-9.26235,1.30899,-0.656213,0.0795089,-0.0689069,0.14018,-9.24091,1.30948,-0.657919,0.0783763,-0.0671325,0.125805,-9.26241,1.30577,-0.65663,0.0826976,-0.062172,0.133333,-9.26688,1.295,-0.668087,0.0743864,-0.0686286
lime_green_purple_water_bottle_3,0.162546,-10.5798,1.40303,-1.17972,0.309135,-0.0196149,0.173265,-10.5211,1.33131,-1.17298,0.32097,-0.0308126,0.110887,-9.78946,1.30231,-0.860325,0.218192,-0.0349231,0.17901,-9.39226,1.34832,-0.659301,0.0784425,-0.059987,0.178328,-9.33821,1.32729,-0.663591,0.0838368,-0.0537791,0.17954,-9.34375,1.34395,-0.662438,0.076628,-0.055939,0.17205,-9.3019,1.32533,-0.665444,0.0819825,-0.05018,0.19346,-9.327,1.31392,-0.662464,0.0817371,-0.0506914,0.194673,-9.31882,1.32797,-0.658161,0.0790641,-0.0570308,0.168791,-9.32611,1.31642,-0.663231,0.0791954,-0.0517871
lime_green_purple_water_bottle_4,0.115846,-10.5596,1.39009,-1.15866,0.304633,-0.0314556,0.126157,-10.4834,1.33579,-1.14129,0.292544,-0.0462415,0.10532,-9.87817,1.26739,-0.92261,0.20352,-0.0384781,0.105711,-9.46582,1.37508,-0.727398,0.0525871,-0.0562728,0.103787,-9.3071,1.30271,-0.656646,0.0826174,-0.060253,0.144468,-9.27943,1.27783,-0.652026,0.0880859,-0.0532854,0.14215,-9.26897,1.27214,-0.654263,0.0777038,-0.0669504,0.151403,-9.28895,1.29368,-0.656278,0.0849812,-0.0654575,0.129144,-9.3157,1.29301,-0.657559,0.0882174,-0.0626749,0.138348,-9.30066,1.28718,-0.651055,0.0757451,-0.0635816
lime_green_purple_water_bottle_5,0.143856,-10.5637,1.34814,-1.16825,0.3329,-0.0370476,0.160509,-10.5491,1.33658,-1.17938,0.333086,-0.0312169,0.138295,-9.80112,1.30857,-0.84794,0.207558,-0.0497813,0.183496,-9.30197,1.29193,-0.659369,0.0908378,-0.0522226,0.18883,-9.30409,1.32352,-0.657381,0.0864903,-0.0595546,0.189199,-9.30329,1.29876,-0.657977,0.0864129,-0.0516323,0.17062,-9.30825,1.30463,-0.662396,0.0832802,-0.056152,0.18233,-9.29774,1.29643,-0.658592,0.0908882,-0.0588583,0.170634,-9.31052,1.28188,-0.653512,0.0793007,-0.0550562,0.164983,-9.3108,1.29153,-0.658782,0.0855862,-0.0535208
tones_pepper_plastic_container_1,0.190499,-9.50243,1.38247,-0.727752,0.0955723,-0.052086,0.180048,-9.64968,1.41037,-0.74645,0.0931576,-0.05114,0.240626,-9.34136,1.3147,-0.661516,0.0696593,-0.0479021,0.222266,-9.39607,1.33712,-0.666335,0.070435,-0.0536901,0.173039,-9.38919,1.32537,-0.65537,0.0789709,-0.0475959,0.182673,-9.36932,1.31667,-0.655061,0.0776813,-0.0419525,0.197424,-9.37078,1.32137,-0.665028,0.0790882,-0.0519959,0.206164,-9.37297,1.34386,-0.657805,0.0681497,-0.0463696,0.200663,-9.3936,1.348,-0.65456,0.0746979,-0.0436879,0.192184,-9.35855,1.33043,-0.662729,0.0754629,-0.0465761
tones_pepper_plastic_container_2,0.111963,-9.37927,1.31085,-0.724327,0.110073,-0.0614244,0.109909,-9.44026,1.31142,-0.730669,0.10137,-0.0701014,0.161074,-9.25847,1.2903,-0.667644,0.0815623,-0.0594665,0.132826,-9.25934,1.25595,-0.648137,0.0821854,-0.0558913,0.102164,-9.24631,1.23679,-0.651996,0.0815433,-0.0631561,0.127085,-9.24613,1.27073,-0.650943,0.0858549,-0.061551,0.119526,-9.23125,1.27053,-0.642799,0.0870585,-0.0622847,0.134739,-9.24847,1.25577,-0.651263,0.0823439,-0.0640418,0.136029,-9.26464,1.27265,-0.649338,0.0777535,-0.0600326,0.116639,-9.25369,1.26228,-0.654892,0.0865935,-0.0624282
tones_pepper_plastic_container_3,0.180296,-9.46853,1.33785,-0.736373,0.113735,-0.0456556,0.165467,-9.47662,1.33956,-0.713367,0.1108,-0.0539313,0.218097,-9.28831,1.2845,-0.656368,0.0938451,-0.048554,0.191582,-9.29538,1.31795,-0.650209,0.0893959,-0.0413678,0.165698,-9.32261,1.31616,-0.651606,0.0833355,-0.0537528,0.172409,-9.30645,1.30347,-0.654003,0.0954474,-0.0531116,0.184122,-9.30136,1.30329,-0.645996,0.07635,-0.051858,0.172673,-9.312,1.31108,-0.652922,0.089973,-0.0437197,0.183171,-9.30952,1.30074,-0.652244,0.090607,-0.0422114,0.163772,-9.32052,1.2862,-0.646684,0.0869621,-0.0514294
tones_pepper_plastic_container_4,0.12922,-9.49006,1.38777,-0.740847,0.0900571,-0.0431868,0.122973,-9.56817,1.39236,-0.752947,0.0829809,-0.0556304,0.171479,-9.32577,1.3585,-0.673018,0.0776074,-0.049507,0.161755,-9.34201,1.34926,-0.669383,0.0703008,-0.0660268,0.154979,-9.36172,1.37237,-0.669776,0.0703098,-0.0624905,0.149572,-9.33445,1.36938,-0.669591,0.0714363,-0.0535289,0.147336,-9.33104,1.33533,-0.675914,0.0731335,-0.0609581,0.146774,-9.34406,1.34282,-0.664468,0.0640837,-0.0550525,0.143014,-9.3572,1.34503,-0.672366,0.0713181,-0.0580421,0.152175,-9.34169,1.33598,-0.677101,0.067136,-0.0558133
tones_pepper_plastic_container_5,0.16987,-9.50196,1.39133,-0.748757,0.0909511,-0.0432963,0.167857,-9.59948,1.39694,-0.773846,0.0868671,-0.0492664,0.185929,-9.29128,1.33776,-0.675552,0.0704587,-0.0556447,0.169108,-9.36735,1.3505,-0.689114,0.0695809,-0.0477343,0.165472,-9.36666,1.33902,-0.681909,0.0755281,-0.0499338,0.191039,-9.34469,1.35078,-0.667878,0.0701661,-0.0525829,0.174191,-9.3481,1.35502,-0.674381,0.0722885,-0.0459025,0.165087,-9.36185,1.34524,-0.671867,0.0671311,-0.0515499,0.1591,-9.34923,1.34043,-0.667656,0.0716163,-0.0476564,0.160508,-9.33887,1.34676,-0.682744,0.0741652,-0.0531524
small_heb_cola_can_1,0.178986,-9.35369,1.27445,-0.660137,0.0941885,-0.0397708,0.182366,-9.22156,1.22353,-0.640084,0.102332,-0.0483092,0.175558,-9.2926,1.22711,-0.646841,0.104976,-0.0455895,0.200435,-9.25151,1.24689,-0.631227,0.0962859,-0.0494442,0.199362,-9.28051,1.24721,-0.637414,0.0960079,-0.0479774,0.190516,-9.30206,1.25243,-0.641672,0.102422,-0.0440189,0.200219,-9.27595,1.23403,-0.624045,0.0919955,-0.0469878,0.203243,-9.25837,1.22657,-0.633966,0.0872762,-0.0493941,0.184779,-9.2528,1.244,-0.631109,0.0929515,-0.0413606,0.193939,-9.28054,1.23933,-0.633975,0.0905661,-0.0372821
small_heb_cola_can_2,0.117635,-9.34031,1.35933,-0.689845,0.0785152,-0.0577634,0.146314,-9.19965,1.30534,-0.667094,0.0855228,-0.0724265,0.102248,-9.26407,1.32715,-0.687334,0.0766184,-0.0655914,0.138525,-9.23855,1.31011,-0.659014,0.0880256,-0.070769,0.15017,-9.23236,1.32709,-0.661768,0.0783511,-0.0587729,0.122231,-9.26997,1.31445,-0.663371,0.0849521,-0.0593769,0.148241,-9.25566,1.3356,-0.668651,0.0839724,-0.0586131,0.128676,-9.26204,1.32327,-0.665371,0.0769733,-0.0659642,0.121671,-9.25427,1.30345,-0.673624,0.0792896,-0.0672056,0.129074,-9.28248,1.3102,-0.666224,0.0790756,-0.0679173
small_heb_cola_can_3,0.155906,-9.3764,1.35414,-0.682976,0.087699,-0.0411967,0.156024,-9.20921,1.28036,-0.657992,0.103001,-0.0483312,0.171806,-9.34312,1.31241,-0.673574,0.086693,-0.0524454,0.205278,-9.25617,1.32012,-0.658384,0.084755,-0.0394439,0.181807,-9.28818,1.29578,-0.664228,0.0908087,-0.0444569,0.173935,-9.30333,1.31503,-0.654878,0.0919483,-0.049389,0.180557,-9.29586,1.30059,-0.650632,0.0924255,-0.0519457,0.171387,-9.28002,1.3155,-0.652967,0.0921583,-0.0507464,0.184892,-9.30308,1.32498,-0.657227,0.0813882,-0.0463445,0.17383,-9.30207,1.32235,-0.657888,0.0895106,-0.0524214
small_heb_cola_can_4,0.121238,-9.33464,1.32316,-0.673197,0.0745287,-0.0567376,0.138313,-9.3236,1.2949,-0.65883,0.0709314,-0.0581872,0.222097,-9.34921,1.30196,-0.692241,0.0638817,-0.0612655,0.0239718,-8.87897,1.18274,-0.816555,0.0140764,-0.0804331,0.024031,-8.89829,1.17894,-0.811515,0.0112119,-0.0766893,0.106583,-8.62433,0.787574,-0.419605,0.219812,-0.105182,0.0839873,-8.58513,0.891689,-0.0498374,0.386991,-0.12124,0.0927311,-8.69664,0.994433,-0.0663399,0.376389,-0.111687,0.0938739,-8.6972,0.996426,-0.0712767,0.377629,-0.111261,0.0907805,-8.69539,1.00231,-0.0711111,0.380313,-0.112123
small_heb_cola_can_5,0.176862,-9.3812,1.34677,-0.693178,0.0729724,-0.0528524,0.152689,-9.28675,1.30534,-0.674437,0.0871567,-0.0486329,0.168051,-9.34273,1.33225,-0.685909,0.0795532,-0.0494483,0.160868,-9.33678,1.30673,-0.666969,0.0859079,-0.0507565,0.173673,-9.32275,1.31042,-0.664154,0.0753675,-0.0530616,0.1896,-9.32345,1.30885,-0.661108,0.0919204,-0.0522192,0.17999,-9.34337,1.31585,-0.655597,0.0809274,-0.0494586,0.167918,-9.33214,1.31295,-0.657144,0.0747751,-0.052243,0.172213,-9.32541,1.30301,-0.666855,0.0833801,-0.0536742,0.184057,-9.32674,1.31255,-0.666332,0.0792551,-0.0544229
orange_plastic_ball_1,0.183761,-9.40517,1.33862,-0.687111,0.094069,-0.0393646,0.186812,-9.29458,1.28144,-0.669722,0.104644,-0.0400154,0.190396,-9.48339,1.26928,-0.672766,0.117503,-0.04461,0.190538,-9.36534,1.30379,-0.642702,0.0835918,-0.0358131,0.205996,-9.3388,1.27738,-0.644695,0.0901423,-0.0381597,0.205671,-9.34382,1.30763,-0.646223,0.0898442,-0.0485082,0.197203,-9.34845,1.30494,-0.649595,0.0975615,-0.0450533,0.186073,-9.35824,1.29362,-0.635005,0.0936051,-0.0456751,0.186635,-9.35544,1.30252,-0.648583,0.0969171,-0.0334492,0.19572,-9.33903,1.29649,-0.64358,0.0938452,-0.0462986
orange_plastic_ball_2,0.110657,-9.39908,1.35722,-0.707457,0.0882678,-0.0548436,0.123055,-9.20637,1.30551,-0.677352,0.0864863,-0.062117,0.153575,-9.39168,1.32108,-0.705775,0.0947889,-0.0628488,0.153123,-9.25324,1.30515,-0.666388,0.0797889,-0.0690787,0.106621,-9.30958,1.32789,-0.663967,0.0720651,-0.0636538,0.129675,-9.31262,1.3275,-0.667503,0.0698594,-0.0619998,0.140943,-9.29373,1.33201,-0.665569,0.0707963,-0.0619339,0.142713,-9.30046,1.31991,-0.662204,0.0826324,-0.0703017,0.147619,-9.29881,1.35449,-0.670831,0.0720429,-0.0594072,0.127243,-9.28823,1.32124,-0.665204,0.0686283,-0.0606872
orange_plastic_ball_3,0.155224,-9.42784,1.37749,-0.702245,0.081484,-0.0376821,0.173479,-9.36976,1.34421,-0.691731,0.0876628,-0.0517535,0.164653,-9.43218,1.33325,-0.706502,0.0956627,-0.0524474,0.148631,-9.37211,1.37127,-0.668683,0.0749817,-0.0412017,0.188977,-9.3628,1.3217,-0.657367,0.0707318,-0.0470939,0.189043,-9.36912,1.32495,-0.6609,0.0787372,-0.0459974,0.208099,-9.37323,1.32794,-0.659124,0.0841341,-0.0491108,0.176059,-9.36682,1.34251,-0.666719,0.082446,-0.0463585,0.181477,-9.36326,1.3451,-0.653964,0.0887567,-0.0456958,0.169318,-9.36008,1.33858,-0.652368,0.0737311,-0.0497643
orange_plastic_ball_4,0.135891,-9.3902,1.33812,-0.70074,0.0955973,-0.049164,0.150069,-9.43184,1.34271,-0.701925,0.0840432,-0.0472985,0.143409,-9.31871,1.29428,-0.676245,0.101654,-0.0506171,0.149399,-9.33911,1.30094,-0.667309,0.0877279,-0.0430851,0.147112,-9.31258,1.29664,-0.646518,0.0877135,-0.0562644,0.155126,-9.308,1.28308,-0.655973,0.0804914,-0.0499788,0.137016,-9.32497,1.28519,-0.656597,0.0900758,-0.0545492,0.158313,-9.3238,1.30311,-0.666861,0.0784016,-0.0502195,0.156925,-9.3374,1.30429,-0.652172,0.0786996,-0.0565553,0.153407,-9.30815,1.28377,-0.656519,0.084518,-0.0598434
orange_plastic_ball_5,0.157253,-9.40023,1.30629,-0.694701,0.0977562,-0.0482707,0.160614,-9.45696,1.32249,-0.701704,0.0901268,-0.0555447,0.234772,-9.34543,1.25255,-0.675446,0.108819,-0.0537023,0.183979,-9.30532,1.25631,-0.652536,0.0996948,-0.0489398,0.162843,-9.33254,1.26211,-0.651894,0.0906026,-0.0539046,0.185553,-9.2995,1.26521,-0.643315,0.0942314,-0.0507869,0.182676,-9.30414,1.25708,-0.648762,0.0902981,-0.0556096,0.167424,-9.31562,1.25621,-0.649186,0.091548,-0.0583953,0.165391,-9.31507,1.27031,-0.645564,0.0851544,-0.056775,0.17705,-9.29754,1.27519,-0.654447,0.0820933,-0.0527705
white_styrofoam_square_block_1,0.192929,-9.37195,1.30039,-0.668567,0.104167,-0.0341975,0.207874,-9.29469,1.27667,-0.654126,0.0971837,-0.0310279,0.206553,-9.35775,1.27018,-0.667886,0.0927705,-0.0350039,0.224876,-9.34481,1.27863,-0.637847,0.0970634,-0.0398635,0.204642,-9.34599,1.26057,-0.636529,0.0939106,-0.0433209,0.216723,-9.3364,1.26999,-0.633674,0.0948352,-0.0459218,0.216774,-9.33283,1.29055,-0.636215,0.0927736,-0.0448452,0.211454,-9.33339,1.25327,-0.638818,0.0944025,-0.0408688,0.200867,-9.32429,1.2653,-0.630594,0.0946768,-0.043709,0.210093,-9.33817,1.27926,-0.633174,0.0894917,-0.0446574
white_styrofoam_square_block_2,0.144917,-9.32015,1.28147,-0.666234,0.0882454,-0.052582,0.156457,-9.41032,1.27537,-0.694116,0.0920464,-0.0565194,0.17579,-9.19409,1.21812,-0.648243,0.0927562,-0.0592464,0.160793,-9.22566,1.24022,-0.646927,0.0894743,-0.0521924,0.139786,-9.23852,1.23484,-0.644405,0.08388,-0.0538338,0.130711,-9.2344,1.25374,-0.653243,0.0934067,-0.0614346,0.14896,-9.21883,1.24111,-0.645506,0.0927513,-0.0638321,0.141445,-9.23858,1.24463,-0.650079,0.0917354,-0.0510451,0.14981,-9.22418,1.241,-0.644276,0.0847143,-0.0578787,0.143463,-9.21388,1.22944,-0.642148,0.0909699,-0.0593285
white_styrofoam_square_block_3,0.174159,-9.39176,1.36631,-0.679137,0.0891989,-0.042557,0.177304,-9.44817,1.3651,-0.693653,0.0767094,-0.0485428,0.204103,-9.28691,1.30366,-0.659379,0.087239,-0.0432593,0.174871,-9.3212,1.31296,-0.648233,0.0892753,-0.0517588,0.172267,-9.33872,1.30591,-0.646704,0.0836602,-0.0456625,0.174263,-9.34506,1.32154,-0.653915,0.0766501,-0.0499245,0.182361,-9.34163,1.29845,-0.65545,0.0895686,-0.0540962,0.181744,-9.34689,1.31384,-0.659368,0.0816812,-0.0438905,0.197736,-9.35794,1.32702,-0.653455,0.0867248,-0.0465392,0.179632,-9.34454,1.34192,-0.655829,0.0818975,-0.0423136
white_styrofoam_square_block_4,0.134019,-9.39021,1.38234,-0.68684,0.0763555,-0.053275,0.143722,-9.41519,1.3744,-0.686037,0.0785368,-0.0689333,0.183748,-9.34278,1.30862,-0.667202,0.0919503,-0.0560923,0.160093,-9.32977,1.3131,-0.658909,0.0797195,-0.0482666,0.141067,-9.33676,1.33072,-0.66449,0.0732612,-0.0600655,0.158844,-9.3437,1.33649,-0.666185,0.0834363,-0.058157,0.150537,-9.34584,1.34244,-0.66227,0.0762621,-0.0571743,0.175167,-9.32539,1.32849,-0.662752,0.0753797,-0.0583951,0.160484,-9.35018,1.33726,-0.663162,0.0742705,-0.0521069,0.178041,-9.36222,1.30858,-0.657084,0.0757348,-0.0577853
white_styrofoam_square_block_5,0.180642,-9.33792,1.29807,-0.674784,0.0923657,-0.0443932,0.188307,-9.35323,1.31357,-0.679613,0.0855083,-0.0575206,0.225068,-9.28655,1.24634,-0.657952,0.102656,-0.0510157,0.194802,-9.27087,1.24382,-0.652865,0.0977049,-0.0488025,0.18084,-9.31008,1.26949,-0.652529,0.0916823,-0.0546471,0.183528,-9.27872,1.25079,-0.646269,0.0929177,-0.0491769,0.171249,-9.29645,1.26018,-0.652077,0.0918606,-0.053145,0.16416,-9.30643,1.2535,-0.653562,0.0969153,-0.055844,0.163672,-9.28513,1.26732,-0.646523,0.0835131,-0.053588,0.167679,-9.27003,1.25798,-0.649423,0.102821,-0.0469151
yogurt_container_with_beans_1,0.203771,-10.5621,1.31799,-1.15305,0.333292,-0.0281358,0.170743,-10.4919,1.29911,-1.12696,0.33297,-0.0234148,0.0779615,-10.0142,1.19668,-0.968947,0.276225,-0.031809,0.190343,-9.378,1.26981,-0.657377,0.093079,-0.0333411,0.201442,-9.31699,1.2643,-0.643214,0.0961665,-0.0456454,0.218031,-9.32275,1.27276,-0.642941,0.0955773,-0.0439607,0.225659,-9.34935,1.28859,-0.634949,0.0942813,-0.0441608,0.255022,-9.3451,1.26573,-0.639497,0.0969104,-0.0485743,0.212583,-9.36437,1.29427,-0.6372,0.096867,-0.0421646,0.18964,-9.33813,1.26062,-0.639326,0.0988217,-0.0442008
yogurt_container_with_beans_2,0.136893,-10.4234,1.24369,-1.12725,0.345346,-0.0419799,0.130525,-10.4255,1.24182,-1.11864,0.341933,-0.0513494,0.137375,-10.154,1.20485,-0.969035,0.315688,-0.0407614,0.136613,-9.13242,1.19231,-0.618623,0.101528,-0.0566318,0.137683,-9.22226,1.20828,-0.634221,0.104139,-0.0593591,0.162153,-9.23154,1.21159,-0.638026,0.100206,-0.0603008,0.167824,-9.2331,1.20024,-0.63574,0.100807,-0.0623684,0.159692,-9.22372,1.19624,-0.633509,0.0984331,-0.0642502,0.138202,-9.24558,1.21075,-0.632218,0.0990767,-0.0591561,0.15407,-9.22518,1.20797,-0.639391,0.0969078,-0.0609531
yogurt_container_with_beans_3,0.175362,-10.5361,1.30519,-1.17768,0.345329,-0.0126827,0.181781,-10.4822,1.28156,-1.15413,0.354432,-0.0209107,0.203639,-9.76575,1.20816,-0.810799,0.23035,-0.0330274,0.221157,-9.32837,1.28855,-0.659353,0.0903145,-0.0429922,0.204088,-9.30418,1.25772,-0.646894,0.101433,-0.049066,0.193922,-9.29589,1.25951,-0.648197,0.0944968,-0.0441915,0.202903,-9.3061,1.28811,-0.646367,0.0984365,-0.0418669,0.205728,-9.30675,1.27746,-0.64658,0.0986423,-0.0340441,0.191776,-9.29288,1.25581,-0.649979,0.095392,-0.043828,0.203284,-9.30205,1.25667,-0.639078,0.10313,-0.047718
yogurt_container_with_beans_4,0.138398,-10.4993,1.27855,-1.16359,0.340277,-0.0336278,0.153488,-10.3333,1.20323,-1.13537,0.357439,-0.0355942,0.148638,-9.80159,1.17678,-0.869614,0.251657,-0.040855,0.155543,-9.30048,1.27569,-0.641389,0.0901512,-0.054469,0.156168,-9.28607,1.24634,-0.655528,0.0880508,-0.0511267,0.162107,-9.26887,1.24154,-0.645473,0.0893745,-0.0503935,0.159665,-9.26534,1.26688,-0.654094,0.0903207,-0.0552033,0.156822,-9.27712,1.25179,-0.643367,0.0984764,-0.0522997,0.16492,-9.28106,1.25386,-0.645473,0.0927609,-0.0489398,0.162503,-9.274,1.27138,-0.641931,0.0909626,-0.0499468
yogurt_container_with_beans_5,0.174357,-10.5982,1.35214,-1.18732,0.321756,-0.0254164,0.189178,-10.6765,1.38331,-1.20307,0.306861,-0.04263,0.132995,-10.1603,1.37773,-1.02656,0.208999,-0.045701,0.185645,-9.31654,1.30747,-0.659295,0.0826767,-0.0509383,0.184293,-9.31342,1.31234,-0.661757,0.0877217,-0.0563584,0.196793,-9.28878,1.30254,-0.660291,0.0836089,-0.0585759,0.189475,-9.31286,1.29985,-0.671291,0.0831321,-0.0538799,0.191149,-9.29534,1.30346,-0.669752,0.0767721,-0.054145,0.15746,-9.31099,1.29818,-0.666184,0.0755448,-0.0584325,0.194866,-9.32228,1.29917,-0.670695,0.0745695,-0.052096
red_water_bottle_1,0.208315,-11.1575,1.34301,-1.33856,0.424331,-0.0199306,0.189312,-11.0966,1.30161,-1.31755,0.429283,-0.0316487,0.236988,-10.0498,1.25287,-0.947489,0.254787,-0.0516911,0.201977,-9.37798,1.27046,-0.630605,0.104012,-0.0452436,0.239427,-9.36367,1.27217,-0.642391,0.098681,-0.0419739,0.22423,-9.32874,1.24791,-0.639068,0.0944772,-0.0388215,0.233943,-9.33499,1.27322,-0.640885,0.0910026,-0.043586,0.223657,-9.32807,1.2614,-0.639345,0.094246,-0.0494177,0.232177,-9.34666,1.26242,-0.639306,0.0988851,-0.0417465,0.236922,-9.34408,1.24145,-0.63353,0.0916946,-0.0487902
red_water_bottle_2,0.162359,-11.0579,1.28577,-1.32227,0.432925,-0.0515951,0.169588,-11.1395,1.31547,-1.3455,0.41629,-0.0525434,0.0201009,-10.2688,1.17968,-0.977583,0.315853,-0.0712709,0.00859661,-9.13612,1.13216,-0.699174,0.118587,-0.0585623,0.20495,-9.32227,1.27081,-0.661015,0.0880854,-0.0608513,0.146577,-9.22048,1.23302,-0.647674,0.0858512,-0.0606202,0.132184,-9.24745,1.24711,-0.640761,0.0919537,-0.0640473,0.149362,-9.23102,1.24815,-0.650523,0.0927736,-0.0699782,0.135065,-9.23144,1.22122,-0.649863,0.0836227,-0.0642443,0.127248,-9.24992,1.21741,-0.647828,0.0907268,-0.0620945
red_water_bottle_3,0.179217,-11.0332,1.24371,-1.28259,0.464511,-0.0170396,0.16329,-10.8789,1.21667,-1.23548,0.465653,-0.0239845,0.100597,-10.1925,1.14746,-0.926599,0.326601,-0.0557599,0.214143,-9.26421,1.19749,-0.619078,0.107978,-0.0489658,0.188477,-9.2807,1.18869,-0.622379,0.102491,-0.0472031,0.187825,-9.27413,1.18928,-0.615983,0.112632,-0.0505486,0.207278,-9.25695,1.19746,-0.620314,0.106471,-0.044805,0.208573,-9.27469,1.19614,-0.619623,0.104891,-0.0459236,0.198169,-9.25652,1.19304,-0.621127,0.112952,-0.0494387,0.187552,-9.26906,1.19273,-0.619097,0.108112,-0.0473095
red_water_bottle_4,0.132616,-11.1362,1.35325,-1.34016,0.423729,-0.0101512,0.129919,-11.115,1.34424,-1.33674,0.411125,-0.0134152,0.0455519,-10.5129,1.31754,-1.05112,0.293729,-0.0373185,0.198348,-9.52431,1.33709,-0.835073,0.00437182,-0.0847143,0.161005,-9.37346,1.28464,-0.676411,0.0787649,-0.0560833,0.16622,-9.35768,1.27857,-0.671301,0.0872443,-0.0618944,0.146739,-9.3481,1.27664,-0.665756,0.0841365,-0.0631909,0.167558,-9.34218,1.26243,-0.670886,0.0815672,-0.053552,0.166507,-9.3722,1.27111,-0.672114,0.0795504,-0.0567177,0.155602,-9.33717,1.2584,-0.66876,0.0767034,-0.0589404
red_water_bottle_5,0.17032,-11.1655,1.41168,-1.37451,0.389174,-0.0370985,0.131104,-11.2658,1.42217,-1.36024,0.389429,-0.0436792,0.216314,-9.97654,1.25894,-1.01838,0.279128,-0.0568833,0.0430922,-9.25255,1.32957,-0.697587,0.0696428,-0.0594909,-0.112629,-9.43486,1.28797,-0.724374,0.0904512,-0.0572189,-0.00873694,-9.34073,1.25841,-0.71561,0.110077,-0.0574938,-0.0361873,-9.34375,1.27097,-0.727094,0.0983509,-0.0520874,-0.0341121,-9.34375,1.259,-0.732143,0.097285,-0.061515,-0.0560225,-9.35191,1.25453,-0.735232,0.103868,-0.06019,-0.0364738,-9.34117,1.24748,-0.730033,0.100529,-0.057302
butter_container_with_coffee_1,0.20354,-9.99354,1.32546,-0.92099,0.205811,-0.0379735,0.211364,-9.8901,1.30889,-0.900975,0.217761,-0.0387946,0.200345,-9.81974,1.38535,-0.844625,0.144339,-0.0368315,0.235351,-9.39073,1.28664,-0.638708,0.0861348,-0.0484735,0.215283,-9.40217,1.29165,-0.643345,0.097035,-0.0417119,0.234161,-9.38967,1.29104,-0.643213,0.0888891,-0.049147,0.223771,-9.37516,1.28333,-0.649833,0.100461,-0.0535691,0.22737,-9.38794,1.28156,-0.648692,0.0830923,-0.0482968,0.224295,-9.35483,1.31131,-0.641381,0.0982001,-0.0435755,0.221644,-9.38391,1.30032,-0.642876,0.0900872,-0.0433594
butter_container_with_coffee_2,0.162146,-9.94803,1.36728,-0.947054,0.189182,-0.0465074,0.104762,-9.87154,1.35335,-0.934227,0.190822,-0.0553315,0.131537,-9.78874,1.25213,-0.872467,0.226781,-0.0625578,0.134098,-9.36813,1.34209,-0.681258,0.0875702,-0.0551367,0.147944,-9.34891,1.33619,-0.670353,0.0849872,-0.0653162,0.132043,-9.32918,1.30715,-0.655004,0.082435,-0.0605008,0.150761,-9.32355,1.32717,-0.666135,0.0824289,-0.0556996,0.159947,-9.34146,1.31751,-0.673491,0.0751508,-0.0534184,0.157225,-9.32715,1.32256,-0.667524,0.0821144,-0.059559,0.158586,-9.32729,1.32283,-0.663234,0.0875508,-0.0587625
butter_container_with_coffee_3,0.151943,-9.93983,1.33259,-0.928487,0.218151,-0.0301401,0.181261,-9.82953,1.26863,-0.904451,0.22075,-0.0417809,0.219094,-9.7016,1.22457,-0.770082,0.190552,-0.0425008,0.23326,-9.34127,1.29183,-0.654019,0.092138,-0.0506255,0.197532,-9.34798,1.28124,-0.65195,0.0939921,-0.0358453,0.202495,-9.33695,1.29233,-0.643363,0.0900296,-0.0455347,0.188531,-9.35224,1.29937,-0.647738,0.0966524,-0.0483344,0.186993,-9.34369,1.28974,-0.646745,0.0895344,-0.0411779,0.199739,-9.33303,1.26032,-0.649839,0.0955523,-0.0462051,0.181722,-9.32468,1.27963,-0.64811,0.097925,-0.0496995
butter_container_with_coffee_4,0.143287,-9.9587,1.31979,-0.920988,0.215304,-0.0236339,0.150302,-9.99554,1.30627,-0.927197,0.200695,-0.0376844,0.127653,-9.53894,1.236,-0.778367,0.178059,-0.0460523,0.156364,-9.42404,1.26686,-0.668162,0.0886999,-0.0483362,0.172217,-9.35557,1.29332,-0.651072,0.0922135,-0.0530514,0.155419,-9.34189,1.26837,-0.652066,0.0864345,-0.0525992,0.175212,-9.33724,1.27467,-0.653273,0.0919911,-0.0553832,0.180791,-9.35148,1.26249,-0.648029,0.083473,-0.0496662,0.174267,-9.33897,1.27042,-0.651432,0.0840383,-0.0517879,0.160564,-9.35443,1.27433,-0.654473,0.0887245,-0.0499893
butter_container_with_coffee_5,0.171027,-9.99826,1.37819,-0.951832,0.202523,-0.0295212,0.186472,-9.90922,1.32895,-0.938085,0.183612,-0.0449781,0.202689,-9.42931,1.33557,-0.690296,0.0819703,-0.0544807,0.185708,-9.37507,1.33286,-0.668023,0.0828863,-0.0536965,0.190318,-9.38747,1.33108,-0.666617,0.0739236,-0.0486412,0.191586,-9.3879,1.33396,-0.661901,0.0709551,-0.0459518,0.192756,-9.36763,1.33731,-0.6676,0.0751942,-0.0548785,0.183608,-9.38905,1.34444,-0.664378,0.0729698,-0.0520491,0.190888,-9.40237,1.33736,-0.669328,0.069741,-0.0552072,0.191749,-9.38287,1.33774,-0.666356,0.0761698,-0.0577758
