diced_tomatoes_can_full_1,0.0922239,-9.95363,3.8798,-2.63015,-1.29396,-0.0796155,0.109145,-9.93557,3.88097,-2.62419,-1.29137,-0.0739388,0.113776,-9.94666,3.88463,-2.62567,-1.29431,-0.0776472,0.101496,-9.93547,3.89328,-2.61758,-1.28956,-0.0689532,0.0978671,-9.9369,3.87443,-2.61491,-1.28386,-0.0745264,0.10389,-9.94771,3.87471,-2.62343,-1.29089,-0.0753439,0.110544,-9.94672,3.8893,-2.63061,-1.29896,-0.0754045,0.0825511,-9.93278,3.88286,-2.62714,-1.29269,-0.0726764,0.103842,-9.937,3.87993,-2.62263,-1.29004,-0.0707978,0.1076,-9.93593,3.88465,-2.6181,-1.28849,-0.0649512
diced_tomatoes_can_full_2,-0.00417495,-10.094,3.83359,-2.53044,-1.24033,-0.104893,-0.0141391,-10.09,3.8312,-2.53411,-1.22188,-0.101732,-0.0146097,-10.0916,3.84653,-2.53581,-1.24108,-0.101672,0.00589545,-10.1144,3.82363,-2.52813,-1.22821,-0.0958454,-0.00646203,-10.0996,3.83177,-2.54006,-1.23247,-0.102895,-0.00581108,-10.0899,3.85386,-2.52837,-1.24379,-0.113544,-0.0093544,-10.0832,3.85905,-2.53358,-1.23404,-0.101922,-0.0114396,-10.0964,3.83072,-2.53596,-1.23643,-0.106494,-0.00538259,-10.0999,3.84988,-2.5274,-1.23448,-0.108174,-0.0134952,-10.0762,3.8339,-2.53039,-1.23626,-0.107365
diced_tomatoes_can_full_3,0.00476768,-9.86684,3.9227,-2.54536,-1.27764,-0.105745,0.0137058,-9.88627,3.88749,-2.54558,-1.28046,-0.111888,0.0198749,-9.87183,3.90703,-2.54692,-1.28511,-0.104987,0.0188719,-9.8471,3.90205,-2.54633,-1.28086,-0.109899,0.030893,-9.86895,3.89123,-2.54628,-1.27917,-0.118933,0.0171198,-9.8682,3.89906,-2.54362,-1.28022,-0.111015,0.0197389,-9.86868,3.89965,-2.54587,-1.28502,-0.108924,-0.00301996,-9.85448,3.91363,-2.54745,-1.2862,-0.115169,0.0252164,-9.87822,3.94096,-2.54678,-1.27831,-0.104222,0.0185182,-9.8892,3.92281,-2.54776,-1.26873,-0.115741
diced_tomatoes_can_full_4,-0.0214063,-10.0777,3.86978,-2.55669,-1.24298,-0.116866,-0.0232976,-10.0708,3.88568,-2.55282,-1.24536,-0.121059,-0.00875399,-10.0657,3.85944,-2.55686,-1.24833,-0.113863,-0.0279817,-10.0817,3.8731,-2.55925,-1.2428,-0.109327,-0.00399686,-10.0717,3.86548,-2.55306,-1.24715,-0.108097,-0.000258045,-10.0714,3.87572,-2.55007,-1.25351,-0.111943,-0.0138762,-10.0709,3.8545,-2.55366,-1.2416,-0.118508,-0.021839,-10.0992,3.86243,-2.54811,-1.24991,-0.107252,-0.00683409,-10.0855,3.86433,-2.54975,-1.24993,-0.110798,-0.0124225,-10.091,3.851,-2.55124,-1.24038,-0.109459
diced_tomatoes_can_full_5,0.0318655,-10.1625,3.87086,-2.55011,-1.23396,-0.0950962,0.0108545,-10.1566,3.86479,-2.54847,-1.23507,-0.0959999,0.0118349,-10.1682,3.87682,-2.55525,-1.22891,-0.0862125,0.00923143,-10.1472,3.85733,-2.55459,-1.23789,-0.0953192,0.0184897,-10.1574,3.85754,-2.55764,-1.23784,-0.102142,0.000345258,-10.1518,3.86907,-2.55522,-1.24762,-0.0910278,0.0286461,-10.1563,3.85636,-2.54833,-1.2351,-0.0985788,0.0079236,-10.1694,3.84751,-2.55122,-1.23965,-0.0933347,0.0128891,-10.1611,3.86022,-2.55538,-1.23383,-0.0924349,0.0146022,-10.1635,3.85549,-2.55046,-1.23639,-0.0917023
small_orange_bug_repellent_1,0.163226,-9.0307,3.453,-1.8193,-0.845203,-0.0891213,0.152128,-9.02539,3.45171,-1.81677,-0.841552,-0.0769141,0.143902,-9.02538,3.45897,-1.81412,-0.838694,-0.0785902,0.156938,-9.04351,3.46084,-1.81813,-0.840644,-0.0838075,0.148641,-9.03609,3.43557,-1.82113,-0.836277,-0.0743186,0.161859,-9.03728,3.43403,-1.82176,-0.841044,-0.0806009,0.138569,-9.05108,3.4383,-1.82089,-0.841235,-0.0798784,0.162272,-9.05393,3.46864,-1.81777,-0.842377,-0.0731563,0.137809,-9.03048,3.46451,-1.81569,-0.834871,-0.0829305,0.138274,-9.05708,3.45154,-1.8139,-0.836859,-0.0814648
small_orange_bug_repellent_2,-0.01514,-8.93064,3.41965,-1.81403,-0.853504,-0.122815,-0.025228,-8.92396,3.4092,-1.81526,-0.853546,-0.123562,-0.00846625,-8.90944,3.43971,-1.79937,-0.851018,-0.125585,-0.0237775,-8.91802,3.42649,-1.81728,-0.855564,-0.122118,-0.00268896,-8.92142,3.41651,-1.81295,-0.858357,-0.128789,-0.00210987,-8.91648,3.40473,-1.81488,-0.857558,-0.124638,-0.0086047,-8.91387,3.40721,-1.80861,-0.856843,-0.122593,-0.0278414,-8.92483,3.41643,-1.80665,-0.854752,-0.125185,-0.0180614,-8.91191,3.42034,-1.8137,-0.857682,-0.124238,-0.0181488,-8.91599,3.40874,-1.80518,-0.856429,-0.121673
small_orange_bug_repellent_3,0.0188362,-8.81842,3.4621,-1.75703,-0.854287,-0.128778,0.020067,-8.84259,3.43451,-1.76311,-0.853681,-0.130746,0.0256279,-8.84828,3.4571,-1.76456,-0.848312,-0.125904,0.0263298,-8.85916,3.4371,-1.75944,-0.859002,-0.126927,0.00346169,-8.83238,3.46295,-1.76456,-0.855866,-0.121978,0.0040437,-8.83997,3.45358,-1.7696,-0.85054,-0.121548,0.00656981,-8.84507,3.44079,-1.76305,-0.852689,-0.129971,0.02689,-8.8666,3.43998,-1.76142,-0.857004,-0.120475,0.0217779,-8.84557,3.43936,-1.76303,-0.84974,-0.118135,0.0142871,-8.8345,3.43914,-1.75541,-0.849222,-0.120027
small_orange_bug_repellent_4,-0.0280946,-8.92059,3.41498,-1.76581,-0.839245,-0.138908,0.000820461,-8.90652,3.45423,-1.76463,-0.839866,-0.129492,-0.00789531,-8.923,3.43521,-1.76848,-0.842852,-0.145662,-0.0125761,-8.92733,3.43058,-1.76494,-0.845521,-0.136675,-0.0126356,-8.91293,3.42751,-1.76827,-0.843221,-0.139278,-0.00692139,-8.93222,3.43568,-1.77564,-0.84605,-0.131108,-0.0135841,-8.92014,3.43467,-1.76327,-0.836252,-0.136262,-0.0276791,-8.91511,3.42855,-1.76446,-0.847881,-0.129139,-0.0145987,-8.92403,3.44897,-1.77225,-0.840469,-0.137352,-0.00181309,-8.93904,3.44619,-1.76658,-0.836914,-0.130057
small_orange_bug_repellent_5,0.0172725,-8.99824,3.45606,-1.76427,-0.818451,-0.123076,0.0134203,-8.98828,3.44736,-1.7661,-0.828931,-0.11963,0.015425,-8.97612,3.429,-1.76082,-0.836392,-0.122996,0.0276929,-8.98063,3.45573,-1.7712,-0.823402,-0.122193,0.0220423,-8.9763,3.45682,-1.76053,-0.825685,-0.128149,0.0108004,-8.98963,3.447,-1.77098,-0.83247,-0.127801,0.00441352,-8.98449,3.435,-1.76406,-0.827604,-0.12169,0.0229865,-8.98644,3.44173,-1.76644,-0.827386,-0.115698,0.034353,-8.99524,3.44769,-1.76711,-0.837901,-0.117611,0.0127707,-8.99137,3.45237,-1.76662,-0.830294,-0.121701
heb_coffee_container_1,0.154818,-9.46736,3.59345,-2.08629,-0.968659,-0.0622029,0.155992,-9.47227,3.59284,-2.08459,-0.97726,-0.0676288,0.154092,-9.45284,3.59163,-2.08095,-0.976256,-0.0684023,0.14313,-9.48415,3.57639,-2.08517,-0.970226,-0.06308,0.16036,-9.45512,3.58584,-2.09222,-0.973478,-0.0583851,0.14688,-9.45343,3.59709,-2.08076,-0.972244,-0.0663287,0.165412,-9.46188,3.60092,-2.08422,-0.973117,-0.0682531,0.172696,-9.47488,3.60166,-2.08608,-0.966139,-0.0655672,0.156886,-9.46258,3.58338,-2.09167,-0.978691,-0.0628091,0.146586,-9.46101,3.60203,-2.08718,-0.964216,-0.0592675
heb_coffee_container_2,0.000901145,-9.33943,3.5676,-2.08629,-1.00284,-0.111038,0.000992199,-9.37125,3.60247,-2.088,-0.997856,-0.105364,0.000302484,-9.34473,3.58263,-2.08382,-0.985677,-0.108373,-0.0101277,-9.32177,3.59257,-2.08606,-0.99585,-0.107086,0.000283513,-9.34212,3.58829,-2.08129,-1.00095,-0.103028,-0.00479594,-9.35466,3.56778,-2.08946,-0.992632,-0.104892,-0.016633,-9.33882,3.59148,-2.08413,-0.996306,-0.0992762,0.00108181,-9.34548,3.58084,-2.08411,-0.999603,-0.109296,-0.0057998,-9.34428,3.59634,-2.08777,-0.991467,-0.100227,0.00654952,-9.34896,3.57326,-2.08204,-1.00172,-0.109936
heb_coffee_container_3,0.022292,-9.26937,3.60184,-2.07316,-1.0133,-0.0978656,0.0223337,-9.26317,3.59146,-2.08553,-1.01664,-0.108518,0.0542522,-9.27825,3.59692,-2.08156,-1.01849,-0.097439,0.0176043,-9.25292,3.59708,-2.08183,-1.01318,-0.0949906,0.0199901,-9.27605,3.60076,-2.08745,-1.01703,-0.0965466,0.0288102,-9.26785,3.60399,-2.07813,-1.01556,-0.0955975,0.0378344,-9.2716,3.58401,-2.07992,-1.00223,-0.0929946,0.032554,-9.28318,3.59725,-2.08214,-1.01392,-0.0936657,0.0326673,-9.26374,3.58806,-2.08659,-1.01724,-0.098916,0.0337876,-9.28204,3.58104,-2.07862,-1.0044,-0.0965846
heb_coffee_container_4,0.00294444,-9.45359,3.55668,-2.07233,-0.98802,-0.0983907,0.0111545,-9.45876,3.57916,-2.07407,-0.98101,-0.0926242,0.00475573,-9.42305,3.5573,-2.07797,-0.993358,-0.101369,0.0196109,-9.44626,3.56773,-2.08204,-0.993219,-0.0916511,0.00763169,-9.46429,3.57941,-2.08188,-0.984214,-0.0944207,0.00700085,-9.44977,3.56103,-2.0741,-0.988032,-0.0987164,0.0268821,-9.45764,3.55815,-2.08031,-0.994309,-0.0999268,0.0139116,-9.44378,3.55935,-2.08139,-0.982495,-0.0996294,0.0203921,-9.44515,3.56481,-2.07527,-0.99595,-0.0976587,0.0193792,-9.46653,3.5714,-2.06792,-0.98733,-0.101267
heb_coffee_container_5,0.047753,-9.33164,3.60154,-2.10794,-1.01129,-0.107844,0.0388385,-9.34477,3.59867,-2.11201,-1.01238,-0.10761,0.0321526,-9.35368,3.58104,-2.11226,-1.01228,-0.105137,0.0339205,-9.33526,3.5872,-2.10666,-1.01899,-0.0977512,0.0255438,-9.35197,3.5636,-2.10755,-1.0097,-0.105418,0.0220731,-9.34341,3.58034,-2.10992,-1.01421,-0.101021,0.0378945,-9.34776,3.59034,-2.11016,-1.00735,-0.102691,0.02461,-9.37405,3.58745,-2.11061,-1.00672,-0.107193,0.0290641,-9.36208,3.59031,-2.11681,-1.00955,-0.0983493,0.0340507,-9.3386,3.58996,-2.10922,-1.00784,-0.100602
long_paper_roll_tube_1,0.135464,-8.73846,3.29482,-1.53162,-0.675223,-0.0768391,0.148305,-8.73039,3.32138,-1.52892,-0.674367,-0.083202,0.147673,-8.73883,3.30686,-1.52712,-0.682448,-0.0851312,0.151838,-8.73219,3.30993,-1.53045,-0.68137,-0.0809677,0.156214,-8.73812,3.31688,-1.52717,-0.68366,-0.0759493,0.149671,-8.724,3.28356,-1.52522,-0.674331,-0.0716284,0.144942,-8.71118,3.29937,-1.53531,-0.672863,-0.0746946,0.135258,-8.73862,3.32199,-1.53426,-0.679949,-0.075777,0.14287,-8.72779,3.31767,-1.52906,-0.671837,-0.0755486,0.130406,-8.72651,3.32483,-1.53059,-0.684849,-0.078378
long_paper_roll_tube_2,-0.00706861,-8.66497,3.29571,-1.53934,-0.696225,-0.115041,0.0155304,-8.64474,3.2765,-1.53934,-0.695862,-0.11253,0.00829218,-8.65858,3.28402,-1.54128,-0.696836,-0.108574,0.0094161,-8.65533,3.29006,-1.5344,-0.697965,-0.118385,0.0124039,-8.66246,3.29264,-1.53398,-0.690726,-0.112354,0.00903707,-8.65102,3.29401,-1.53966,-0.692902,-0.111684,0.000375871,-8.6642,3.29521,-1.53849,-0.696343,-0.11579,0.0131849,-8.66151,3.28438,-1.54514,-0.69569,-0.112611,0.0122786,-8.65177,3.29314,-1.53923,-0.700307,-0.108485,0.0185509,-8.66618,3.29968,-1.53505,-0.698679,-0.114583
long_paper_roll_tube_3,0.0298747,-8.69543,3.28729,-1.52107,-0.696054,-0.112161,0.0265273,-8.70055,3.30848,-1.52131,-0.6981,-0.111881,0.0172996,-8.71933,3.28974,-1.51503,-0.706677,-0.110768,0.0199375,-8.69324,3.29277,-1.52387,-0.694127,-0.107294,0.0213978,-8.69926,3.28972,-1.5207,-0.702962,-0.107372,0.0194049,-8.71431,3.28521,-1.52516,-0.69541,-0.112484,0.0107428,-8.70228,3.29585,-1.52332,-0.695674,-0.1035,0.0499466,-8.70235,3.28285,-1.5204,-0.699966,-0.104807,0.043492,-8.71063,3.29547,-1.51439,-0.698745,-0.108021,0.0183662,-8.71357,3.28391,-1.51559,-0.704753,-0.110997
long_paper_roll_tube_4,0.008566,-8.55332,3.31812,-1.53483,-0.699231,-0.112913,0.00672978,-8.55043,3.31433,-1.52867,-0.704553,-0.11403,0.0224291,-8.54503,3.30244,-1.53693,-0.704688,-0.128813,-0.0150773,-8.55945,3.30291,-1.53312,-0.706196,-0.115908,0.000280699,-8.56267,3.30405,-1.53619,-0.704367,-0.113487,0.0117859,-8.55953,3.32526,-1.53546,-0.709344,-0.123321,0.0276361,-8.56814,3.30446,-1.52923,-0.708979,-0.116201,0.0003381,-8.57531,3.3126,-1.53033,-0.710565,-0.120989,0.00960648,-8.56785,3.31914,-1.53847,-0.709099,-0.113793,-0.00781645,-8.56564,3.30099,-1.53919,-0.7081,-0.115857
long_paper_roll_tube_5,0.0235973,-8.68924,3.28462,-1.53769,-0.703629,-0.113183,0.0323001,-8.70311,3.30325,-1.53863,-0.698305,-0.106952,0.0358059,-8.6916,3.28427,-1.53626,-0.702924,-0.106761,0.0417993,-8.68351,3.2874,-1.53982,-0.699314,-0.108402,0.0382472,-8.66533,3.3064,-1.53423,-0.698087,-0.106689,0.0421355,-8.68737,3.27906,-1.53854,-0.694563,-0.107281,0.0267761,-8.68892,3.28615,-1.541,-0.697389,-0.108353,0.0280107,-8.68233,3.29856,-1.54262,-0.699722,-0.109842,0.0368853,-8.68127,3.29291,-1.53248,-0.696247,-0.110321,0.0371756,-8.69301,3.30929,-1.53939,-0.69517,-0.110667
pineapple_cup_1,0.141324,-9.18521,3.50274,-1.86802,-0.855678,-0.0645395,0.14222,-9.21825,3.49913,-1.8681,-0.857313,-0.0605007,0.143655,-9.19743,3.50799,-1.87919,-0.855755,-0.064092,0.147753,-9.20487,3.49351,-1.86709,-0.848932,-0.0616216,0.155785,-9.19536,3.50274,-1.88044,-0.851829,-0.054946,0.179112,-9.17042,3.50526,-1.87462,-0.855584,-0.0580401,0.160885,-9.21103,3.50659,-1.86126,-0.855168,-0.0647119,0.150268,-9.19597,3.51572,-1.87049,-0.85333,-0.0571156,0.155684,-9.18454,3.5216,-1.87481,-0.863067,-0.0575755,0.168463,-9.18866,3.50562,-1.86597,-0.853276,-0.0638039
pineapple_cup_2,0.0218819,-8.99445,3.48943,-1.87382,-0.881034,-0.0985572,-0.00178424,-8.97945,3.48269,-1.88319,-0.876564,-0.106738,0.0327292,-8.97538,3.48297,-1.88289,-0.884939,-0.10656,0.0348301,-9.00012,3.48077,-1.87148,-0.88873,-0.0964108,0.0214145,-8.98943,3.4699,-1.8767,-0.889505,-0.101482,0.0325782,-8.99213,3.48327,-1.88026,-0.886964,-0.106431,0.031782,-8.99249,3.4657,-1.87254,-0.894686,-0.102806,0.00910324,-8.99051,3.49629,-1.87767,-0.881792,-0.100206,0.0254114,-8.99149,3.49891,-1.87846,-0.887644,-0.108595,0.00952185,-8.98719,3.48552,-1.87203,-0.892633,-0.103855
pineapple_cup_3,0.0435572,-9.15445,3.47672,-1.85282,-0.85984,-0.0925664,0.0348699,-9.1637,3.4672,-1.85615,-0.867451,-0.0916013,0.0293649,-9.15428,3.46382,-1.85413,-0.866709,-0.0894464,0.0434076,-9.17525,3.46879,-1.85685,-0.864523,-0.0913244,0.0441455,-9.17897,3.45883,-1.84943,-0.858763,-0.0992199,0.0294069,-9.17479,3.44964,-1.85447,-0.861561,-0.0920432,0.0350812,-9.16137,3.47287,-1.84921,-0.871683,-0.0904147,0.0284715,-9.16473,3.46877,-1.85326,-0.86514,-0.0922834,0.0308159,-9.16609,3.46302,-1.85423,-0.865593,-0.0909291,0.0370232,-9.16996,3.46001,-1.85461,-0.864525,-0.0941889
pineapple_cup_4,0.0191561,-9.26785,3.45906,-1.84571,-0.862864,-0.103033,0.0312079,-9.26151,3.45108,-1.84968,-0.861353,-0.102131,0.0296577,-9.25472,3.44983,-1.84837,-0.856715,-0.10596,0.0286102,-9.24807,3.44672,-1.85169,-0.863569,-0.101352,0.0325916,-9.24873,3.46261,-1.85309,-0.849494,-0.105784,0.0210343,-9.24513,3.44923,-1.84945,-0.854186,-0.100056,0.0205764,-9.27583,3.48202,-1.84467,-0.859147,-0.10314,0.0205664,-9.25872,3.45078,-1.84952,-0.861488,-0.106006,0.00792534,-9.26003,3.44742,-1.8538,-0.849014,-0.10366,0.0313668,-9.26465,3.4614,-1.84224,-0.851257,-0.104549
pineapple_cup_5,0.0498272,-9.02269,3.50884,-1.89157,-0.892147,-0.0967931,0.063377,-9.02816,3.48875,-1.8761,-0.879812,-0.0870039,0.0334261,-9.03081,3.49234,-1.88876,-0.881912,-0.0946433,0.0417376,-9.02842,3.4799,-1.89185,-0.888533,-0.0871522,0.0657041,-9.03767,3.4952,-1.88736,-0.887387,-0.0858086,0.0609375,-9.03427,3.47701,-1.88836,-0.889914,-0.0936675,0.060758,-9.0242,3.49188,-1.8876,-0.898868,-0.0899361,0.0645272,-9.02875,3.49023,-1.88972,-0.889459,-0.0872598,0.0413417,-9.0277,3.48006,-1.88987,-0.892377,-0.0831574,0.0721401,-9.0414,3.4969,-1.88766,-0.886503,-0.0817508
yellow_butter_cooking_spray_1,0.160705,-9.37449,3.54733,-2.07715,-0.967371,-0.0589394,0.165213,-9.3632,3.55982,-2.06959,-0.975845,-0.0611419,0.177573,-9.36674,3.53683,-2.07338,-0.975698,-0.0647273,0.164195,-9.38681,3.55788,-2.06889,-0.967095,-0.060554,0.167237,-9.3866,3.54345,-2.07059,-0.974113,-0.0658802,0.162707,-9.3685,3.54536,-2.06883,-0.977226,-0.0632158,0.177812,-9.37445,3.54917,-2.08055,-0.980247,-0.0590205,0.17431,-9.37551,3.54571,-2.08182,-0.973717,-0.0600928,0.1707,-9.36869,3.54826,-2.06949,-0.975864,-0.0686468,0.161757,-9.36686,3.55039,-2.07418,-0.980847,-0.0675672
yellow_butter_cooking_spray_2,0.030006,-9.14786,3.57286,-1.97779,-0.937748,-0.10258,0.0194367,-9.17994,3.57124,-1.98356,-0.944772,-0.104666,0.0221836,-9.17204,3.59036,-1.97413,-0.946395,-0.109201,0.034207,-9.15462,3.56741,-1.97026,-0.933856,-0.0996345,0.0266807,-9.16604,3.54034,-1.98196,-0.943455,-0.102708,0.0223019,-9.15992,3.55621,-1.9831,-0.937234,-0.106823,0.0306031,-9.16538,3.57529,-1.97296,-0.949728,-0.0973958,0.0120789,-9.17874,3.56593,-1.97722,-0.941214,-0.0988251,0.0167455,-9.18061,3.57561,-1.97941,-0.947207,-0.100723,0.027219,-9.16314,3.57839,-1.97686,-0.93493,-0.100669
yellow_butter_cooking_spray_3,0.0454367,-9.36396,3.55782,-1.95679,-0.919106,-0.100164,0.0395202,-9.34516,3.5438,-1.95423,-0.929982,-0.104017,0.0341245,-9.38627,3.55038,-1.95779,-0.927415,-0.0988843,0.0515848,-9.36145,3.55724,-1.95429,-0.924962,-0.11519,0.0461059,-9.34884,3.54203,-1.96652,-0.928923,-0.104631,0.0608317,-9.39515,3.53256,-1.96543,-0.928022,-0.0928714,0.0405792,-9.36828,3.54421,-1.95689,-0.932398,-0.103904,0.0588172,-9.35666,3.5481,-1.95302,-0.926529,-0.108396,0.0530789,-9.3612,3.52398,-1.96589,-0.917926,-0.10507,0.0454418,-9.36712,3.54377,-1.95898,-0.926474,-0.102097
yellow_butter_cooking_spray_4,0.0280176,-9.35818,3.55661,-1.96451,-0.926617,-0.103155,0.0372269,-9.35097,3.56793,-1.96088,-0.922661,-0.109359,0.0307409,-9.35286,3.56061,-1.97408,-0.919275,-0.0982386,0.0355146,-9.3584,3.5557,-1.97474,-0.918938,-0.108351,0.0286994,-9.37291,3.55403,-1.96538,-0.917188,-0.105504,0.0293961,-9.35117,3.55542,-1.9613,-0.9196,-0.115087,0.0331245,-9.36644,3.54196,-1.96744,-0.922015,-0.106552,0.0259352,-9.35597,3.54877,-1.95435,-0.919053,-0.10851,0.0304413,-9.34648,3.55814,-1.96537,-0.92632,-0.102939,0.0411227,-9.35314,3.54413,-1.9723,-0.924428,-0.101593
yellow_butter_cooking_spray_5,0.0643673,-9.26036,3.59573,-1.97966,-0.938589,-0.095445,0.0627193,-9.26012,3.59353,-1.97948,-0.933362,-0.08845,0.0711356,-9.25525,3.59131,-1.97943,-0.935196,-0.0939268,0.0691917,-9.26984,3.577,-1.97524,-0.932838,-0.0944057,0.0625746,-9.25932,3.58593,-1.97214,-0.934543,-0.091816,0.0597074,-9.2666,3.57965,-1.97304,-0.935462,-0.0981753,0.059929,-9.25776,3.57168,-1.97721,-0.93391,-0.0916779,0.037206,-9.24965,3.58156,-1.96862,-0.945562,-0.0997849,0.0549596,-9.24099,3.57591,-1.97516,-0.926024,-0.0945413,0.0706089,-9.28088,3.56874,-1.98219,-0.935995,-0.0924688
zinc_pill_jar_1,0.170353,-8.86018,3.36785,-1.63131,-0.740871,-0.0839914,0.150725,-8.86252,3.36849,-1.63213,-0.733151,-0.0754016,0.162482,-8.87679,3.35852,-1.63646,-0.735093,-0.0807727,0.169041,-8.85614,3.347,-1.6299,-0.739017,-0.0753554,0.148471,-8.86635,3.3457,-1.62638,-0.736793,-0.0804404,0.174419,-8.87143,3.37044,-1.62967,-0.732778,-0.076061,0.153772,-8.85185,3.36767,-1.6275,-0.734258,-0.082816,0.172553,-8.8675,3.37599,-1.63353,-0.728727,-0.0802014,0.170898,-8.85997,3.36102,-1.63288,-0.740558,-0.0782246,0.182765,-8.88117,3.35197,-1.62395,-0.73774,-0.0780851
zinc_pill_jar_2,0.0234087,-8.73782,3.35312,-1.63629,-0.750631,-0.117689,0.0143563,-8.72528,3.33505,-1.64494,-0.760001,-0.112527,0.0208297,-8.72452,3.34018,-1.63881,-0.752156,-0.120413,0.0313512,-8.73481,3.33444,-1.63546,-0.762313,-0.113616,0.0340325,-8.73251,3.34392,-1.63447,-0.75387,-0.121188,0.0053338,-8.72408,3.32206,-1.6453,-0.759033,-0.116677,0.0216751,-8.72849,3.34548,-1.64281,-0.757185,-0.121123,0.0189776,-8.73199,3.33776,-1.64029,-0.754474,-0.118359,0.0310625,-8.74305,3.33354,-1.63412,-0.7585,-0.112448,0.0301196,-8.73785,3.34162,-1.63903,-0.751597,-0.111985
zinc_pill_jar_3,0.0442416,-8.6411,3.37748,-1.63812,-0.770536,-0.105217,0.0279965,-8.62888,3.35761,-1.63033,-0.767008,-0.108721,0.0441801,-8.63341,3.36987,-1.62741,-0.773594,-0.104818,0.0551519,-8.629,3.36526,-1.64154,-0.764974,-0.110718,0.039563,-8.61323,3.36563,-1.63556,-0.77761,-0.115271,0.0543599,-8.62522,3.35718,-1.64522,-0.77451,-0.107292,0.0571662,-8.64681,3.37156,-1.6355,-0.771622,-0.109602,0.0649971,-8.63322,3.35775,-1.63214,-0.775043,-0.110523,0.0626241,-8.6342,3.37421,-1.63571,-0.771271,-0.114376,0.0581004,-8.62939,3.38521,-1.63891,-0.768454,-0.104141
zinc_pill_jar_4,0.0537503,-8.77796,3.36055,-1.63337,-0.759947,-0.113308,0.0285806,-8.78196,3.34889,-1.63441,-0.750457,-0.115193,0.0519043,-8.80575,3.34734,-1.63267,-0.75803,-0.120624,0.0302495,-8.78456,3.33536,-1.63157,-0.751824,-0.12097,0.0343257,-8.78131,3.34313,-1.63281,-0.751673,-0.114917,0.0234645,-8.7913,3.36297,-1.62892,-0.753657,-0.123505,0.0303811,-8.79721,3.33835,-1.62807,-0.746868,-0.118102,0.0378922,-8.7899,3.3321,-1.62921,-0.745199,-0.114171,0.0406187,-8.77774,3.33319,-1.62513,-0.755529,-0.113721,0.0417966,-8.79784,3.33863,-1.62891,-0.755068,-0.110258
zinc_pill_jar_5,0.0787534,-8.83302,3.34884,-1.63793,-0.737999,-0.106113,0.0693797,-8.85792,3.35182,-1.63447,-0.747788,-0.107515,0.0658598,-8.84925,3.34758,-1.63219,-0.749864,-0.101012,0.0498354,-8.83252,3.34601,-1.6303,-0.745012,-0.10722,0.0833367,-8.85126,3.3444,-1.6355,-0.74734,-0.104721,0.0743548,-8.84589,3.34744,-1.63631,-0.745692,-0.10174,0.0686129,-8.85504,3.35621,-1.64432,-0.742825,-0.103228,0.0630069,-8.86646,3.36517,-1.63811,-0.754563,-0.10275,0.0720621,-8.84864,3.34295,-1.62561,-0.739349,-0.104494,0.0655074,-8.86629,3.33906,-1.63939,-0.748352,-0.104849
Pink_crayon_bank_1,0.171972,-9.06452,3.53941,-1.8748,-0.848817,-0.0521972,0.148514,-9.05343,3.52564,-1.87602,-0.858055,-0.0459808,0.176715,-9.06554,3.53162,-1.86587,-0.855491,-0.0458173,0.160556,-9.05206,3.52776,-1.8725,-0.856651,-0.0423511,0.170448,-9.04497,3.54139,-1.86582,-0.855913,-0.0449517,0.174158,-9.0469,3.5287,-1.87433,-0.863032,-0.0521472,0.178308,-9.05544,3.53425,-1.87042,-0.853587,-0.0480513,0.174213,-9.05195,3.55499,-1.86942,-0.865917,-0.0512428,0.170145,-9.0506,3.52436,-1.87376,-0.856624,-0.0425511,0.168842,-9.06113,3.53621,-1.87665,-0.86134,-0.0486842
Pink_crayon_bank_2,0.0416753,-9.18552,3.48877,-1.84983,-0.8434,-0.0725303,0.0529439,-9.20081,3.48447,-1.85538,-0.846002,-0.0757734,0.0471045,-9.20496,3.48116,-1.84955,-0.848644,-0.0714639,0.0403589,-9.19,3.48433,-1.85386,-0.848575,-0.0689673,0.0522303,-9.18692,3.46949,-1.85537,-0.845282,-0.0788129,0.0477093,-9.21128,3.48442,-1.85197,-0.842583,-0.0792786,0.0290825,-9.20337,3.48053,-1.8573,-0.848719,-0.0763133,0.040144,-9.19716,3.47714,-1.8527,-0.849983,-0.0707353,0.0417728,-9.1931,3.48037,-1.8515,-0.837924,-0.0696381,0.050411,-9.19504,3.47307,-1.85783,-0.845916,-0.0841427
Pink_crayon_bank_3,0.0686633,-9.09141,3.50673,-1.85463,-0.86667,-0.0726616,0.0625667,-9.07391,3.50164,-1.85613,-0.863924,-0.0723379,0.0780841,-9.09684,3.50677,-1.8609,-0.8657,-0.0657807,0.0619273,-9.0887,3.51323,-1.85849,-0.863364,-0.0720705,0.0707438,-9.08881,3.50346,-1.85343,-0.869996,-0.0755465,0.0565476,-9.07703,3.49665,-1.86547,-0.862932,-0.0748309,0.0619284,-9.09306,3.50628,-1.86743,-0.870524,-0.0715644,0.080632,-9.08693,3.50118,-1.85547,-0.867787,-0.0883594,0.0578572,-9.09294,3.48224,-1.85817,-0.864009,-0.0787469,0.0593498,-9.11131,3.50883,-1.85691,-0.86552,-0.0788134
Pink_crayon_bank_4,0.0473804,-9.20054,3.47527,-1.85541,-0.85674,-0.0718801,0.044136,-9.19506,3.49794,-1.85621,-0.849891,-0.0831191,0.0384074,-9.17739,3.47158,-1.85655,-0.843552,-0.0787592,0.0395382,-9.21748,3.49669,-1.85424,-0.847784,-0.0796981,0.0491582,-9.19803,3.48418,-1.85546,-0.854352,-0.0721616,0.0424704,-9.18879,3.48731,-1.84644,-0.843195,-0.0825848,0.0515067,-9.20573,3.49691,-1.85263,-0.848836,-0.081563,0.040732,-9.19345,3.4778,-1.86105,-0.846357,-0.0725896,0.0435789,-9.21377,3.47697,-1.84324,-0.842073,-0.0771289,0.0593198,-9.18424,3.48215,-1.85951,-0.854792,-0.0727289
Pink_crayon_bank_5,0.0725084,-9.05464,3.51527,-1.88107,-0.872995,-0.0653574,0.0844341,-9.05734,3.5191,-1.87982,-0.862166,-0.0736401,0.0779854,-9.07322,3.4919,-1.88102,-0.866279,-0.0796155,0.0580819,-9.06968,3.51659,-1.87308,-0.868794,-0.0706732,0.0811299,-9.04833,3.52303,-1.8759,-0.867682,-0.074066,0.0747368,-9.06385,3.50788,-1.87722,-0.879,-0.0679944,0.0602978,-9.07525,3.49998,-1.87398,-0.865211,-0.0630511,0.0631369,-9.07942,3.50828,-1.87027,-0.864166,-0.075025,0.0795158,-9.07454,3.49798,-1.88617,-0.87079,-0.065506,0.0579186,-9.04698,3.51061,-1.87316,-0.866594,-0.0666454
big_open_metal_jar_1,0.178635,-9.02212,3.41594,-1.69205,-0.755381,-0.0653877,0.154057,-8.99344,3.41047,-1.68812,-0.763905,-0.0739996,0.176399,-9.03116,3.41034,-1.68718,-0.760583,-0.0692821,0.16459,-9.02812,3.39756,-1.6888,-0.760577,-0.0685719,0.167293,-9.01153,3.4045,-1.68151,-0.755495,-0.0678025,0.164795,-9.02744,3.39227,-1.69412,-0.759414,-0.072975,0.167404,-9.00305,3.39268,-1.68644,-0.760099,-0.0712105,0.170376,-9.0175,3.41644,-1.69051,-0.763838,-0.0689517,0.168604,-9.02994,3.40612,-1.68817,-0.757253,-0.06294,0.161832,-9.03472,3.39428,-1.68608,-0.756009,-0.0646294
big_open_metal_jar_2,0.0506033,-8.93183,3.38818,-1.69892,-0.773154,-0.0978665,0.0604631,-8.93084,3.38584,-1.68942,-0.765989,-0.103323,0.0512125,-8.94734,3.3793,-1.68777,-0.773024,-0.0950499,0.0490942,-8.93586,3.37089,-1.70147,-0.768239,-0.0971473,0.0352219,-8.93522,3.37064,-1.69317,-0.771872,-0.097446,0.0338712,-8.92892,3.38204,-1.69809,-0.77063,-0.0941224,0.0332374,-8.94327,3.39801,-1.69389,-0.771307,-0.0946906,0.037679,-8.94182,3.3815,-1.684,-0.772371,-0.0939168,0.0393764,-8.95039,3.38542,-1.69445,-0.775857,-0.0996545,0.0414828,-8.96351,3.37459,-1.68614,-0.781301,-0.0921968
big_open_metal_jar_3,0.0521236,-8.97692,3.37672,-1.68225,-0.772889,-0.0976489,0.0621943,-8.992,3.36185,-1.68968,-0.781383,-0.0956145,0.0664152,-8.97445,3.38847,-1.68229,-0.779071,-0.0970722,0.049075,-8.98018,3.39131,-1.684,-0.77291,-0.100348,0.0615348,-8.96583,3.38649,-1.68563,-0.775642,-0.094213,0.0412354,-8.98033,3.37216,-1.68199,-0.771129,-0.101326,0.0649815,-8.97864,3.37194,-1.6833,-0.776907,-0.099055,0.0607526,-8.96998,3.38033,-1.68357,-0.780932,-0.0922216,0.0646613,-8.96322,3.36903,-1.67768,-0.766786,-0.099392,0.0530177,-8.96889,3.37796,-1.67416,-0.772472,-0.09365
big_open_metal_jar_4,0.0527673,-8.97475,3.39282,-1.70172,-0.783118,-0.0952455,0.0310841,-8.96497,3.38022,-1.70091,-0.783969,-0.0907946,0.0617599,-8.98529,3.3818,-1.69715,-0.780039,-0.104944,0.0602842,-8.98552,3.40017,-1.69839,-0.779784,-0.0997212,0.0576893,-8.96985,3.38624,-1.69984,-0.771945,-0.093123,0.082002,-8.97458,3.37706,-1.69595,-0.780428,-0.0902578,0.0515193,-8.99029,3.38685,-1.70478,-0.777512,-0.0933023,0.0459609,-8.97367,3.38895,-1.7042,-0.778399,-0.0984573,0.0649707,-8.9807,3.36981,-1.69729,-0.774069,-0.100364,0.0718573,-8.97747,3.40032,-1.69832,-0.775422,-0.0965306
big_open_metal_jar_5,0.0873116,-8.98993,3.39091,-1.70072,-0.778863,-0.0835449,0.0833617,-8.97327,3.37879,-1.70495,-0.770195,-0.0958589,0.0657052,-8.97768,3.38551,-1.70471,-0.77388,-0.0917183,0.0964553,-8.96652,3.38372,-1.69725,-0.776502,-0.089288,0.0785088,-8.96692,3.37256,-1.70067,-0.776377,-0.0938868,0.0646402,-8.98239,3.38201,-1.70054,-0.778409,-0.0939198,0.0892696,-8.99496,3.4034,-1.70729,-0.778632,-0.0963412,0.082778,-8.99495,3.40326,-1.69796,-0.778832,-0.0922366,0.0903249,-8.96752,3.39102,-1.69526,-0.781883,-0.0971912,0.0688449,-8.97253,3.38333,-1.70235,-0.779431,-0.0975908
red_folders_coffee_jar_1,0.178719,-9.95558,3.76023,-2.37547,-1.12459,-0.0409199,0.19097,-9.9792,3.74914,-2.37669,-1.12688,-0.0357958,0.18351,-9.95515,3.77031,-2.36563,-1.12449,-0.0424022,0.198491,-9.96514,3.75066,-2.37882,-1.12804,-0.0380004,0.181926,-9.97632,3.76267,-2.37446,-1.1243,-0.040981,0.166256,-9.98949,3.75324,-2.37455,-1.11995,-0.0426139,0.182845,-9.98489,3.76375,-2.36997,-1.12274,-0.0341077,0.18865,-9.96649,3.7678,-2.37615,-1.12804,-0.0305666,0.169068,-9.95776,3.73833,-2.37832,-1.12572,-0.0270024,0.198168,-9.97867,3.75667,-2.37745,-1.12219,-0.0353377
red_folders_coffee_jar_2,0.0490799,-9.60211,3.78449,-2.41355,-1.17932,-0.0804011,0.058685,-9.60606,3.78495,-2.40723,-1.17764,-0.0911442,0.0535677,-9.61838,3.79097,-2.41204,-1.19211,-0.0791529,0.0698578,-9.62677,3.78042,-2.40422,-1.17713,-0.0764529,0.0527699,-9.62236,3.77339,-2.407,-1.18558,-0.0733335,0.0820771,-9.60226,3.77719,-2.40212,-1.18446,-0.0799803,0.0795136,-9.61435,3.79583,-2.40615,-1.18442,-0.0787072,0.0666931,-9.62456,3.78834,-2.40751,-1.18645,-0.0860282,0.0626407,-9.60734,3.79654,-2.40824,-1.18895,-0.0816962,0.0816588,-9.60507,3.78286,-2.40195,-1.17936,-0.0782165
red_folders_coffee_jar_3,0.0666286,-9.87095,3.74718,-2.37619,-1.14153,-0.0706096,0.0799195,-9.88145,3.7459,-2.38205,-1.15574,-0.0724294,0.0817914,-9.88762,3.75326,-2.38338,-1.14162,-0.0741722,0.0916994,-9.87451,3.72621,-2.38698,-1.14924,-0.076341,0.0771283,-9.87727,3.74195,-2.37783,-1.13898,-0.0747342,0.0731564,-9.87843,3.72837,-2.37739,-1.14305,-0.0778941,0.0783634,-9.89061,3.73817,-2.38429,-1.14264,-0.0772002,0.0917684,-9.90718,3.75415,-2.37417,-1.14702,-0.072965,0.0703431,-9.8812,3.74498,-2.37245,-1.14102,-0.0762483,0.0768778,-9.86061,3.72571,-2.38121,-1.14806,-0.072427
red_folders_coffee_jar_4,0.0705696,-9.97194,3.69807,-2.40553,-1.16602,-0.0805806,0.0831832,-9.97703,3.70594,-2.40486,-1.16594,-0.0878258,0.0642584,-9.96774,3.69397,-2.40388,-1.16413,-0.0796905,0.0517512,-9.98932,3.71292,-2.40975,-1.16497,-0.080976,0.0529626,-9.98409,3.67821,-2.41149,-1.16763,-0.0772304,0.0712757,-9.96438,3.69029,-2.40938,-1.15796,-0.083555,0.0774919,-9.96633,3.70261,-2.4053,-1.16753,-0.0811161,0.0671397,-9.97909,3.70112,-2.40657,-1.16494,-0.0770814,0.0656971,-9.96764,3.68734,-2.40856,-1.17107,-0.072004,0.0684006,-9.95761,3.70119,-2.41392,-1.16247,-0.0794368
red_folders_coffee_jar_5,0.118778,-9.96351,3.71418,-2.41157,-1.14947,-0.0654342,0.102422,-9.93035,3.718,-2.41106,-1.15289,-0.0707443,0.102168,-9.96608,3.71794,-2.40418,-1.1549,-0.0668456,0.11056,-9.95496,3.71447,-2.4147,-1.15224,-0.0676635,0.108219,-9.9288,3.73168,-2.41228,-1.15425,-0.0673845,0.115718,-9.95303,3.71512,-2.41195,-1.1479,-0.0648347,0.104618,-9.95394,3.71726,-2.40755,-1.15415,-0.0713703,0.108897,-9.94453,3.69228,-2.40972,-1.15113,-0.0653569,0.0916529,-9.95111,3.70885,-2.40489,-1.15362,-0.0653294,0.0991875,-9.95566,3.72398,-2.40855,-1.15394,-0.0729169
campbells_noodle_soup_1,0.194745,-9.93462,3.70539,-2.24048,-1.04336,-0.0679379,0.198182,-9.93621,3.71129,-2.23599,-1.04277,-0.0670665,0.212869,-9.94261,3.69548,-2.24077,-1.04883,-0.0673719,0.188724,-9.94608,3.70992,-2.24223,-1.04511,-0.0705692,0.202637,-9.95475,3.70745,-2.23738,-1.05177,-0.0679835,0.201587,-9.93904,3.69533,-2.2434,-1.05292,-0.0650893,0.182318,-9.93923,3.6868,-2.23736,-1.05235,-0.0699025,0.193778,-9.94093,3.70291,-2.24384,-1.04775,-0.0658893,0.189856,-9.94497,3.71595,-2.24543,-1.05319,-0.0697227,0.193356,-9.94848,3.70512,-2.23424,-1.04676,-0.0669238
campbells_noodle_soup_2,0.0664536,-9.7486,3.71138,-2.25209,-1.07066,-0.0959428,0.0761727,-9.75428,3.71162,-2.26146,-1.06569,-0.093492,0.0880588,-9.74497,3.70248,-2.25603,-1.07336,-0.103719,0.0776033,-9.75672,3.70942,-2.25662,-1.06949,-0.0956149,0.0698057,-9.76496,3.69116,-2.2518,-1.07617,-0.0892483,0.095929,-9.76192,3.73661,-2.26284,-1.07023,-0.0922565,0.0759176,-9.73891,3.70386,-2.2602,-1.06973,-0.0964274,0.0752205,-9.74492,3.71992,-2.25083,-1.08084,-0.0925868,0.0718387,-9.7698,3.72249,-2.25254,-1.07359,-0.0898617,0.0620509,-9.73754,3.73719,-2.25493,-1.06725,-0.0957432
campbells_noodle_soup_3,0.0927313,-9.79741,3.71644,-2.24545,-1.07209,-0.0955705,0.0909758,-9.7885,3.69958,-2.24208,-1.0782,-0.0942682,0.0731003,-9.79577,3.68322,-2.24576,-1.07217,-0.0963377,0.103916,-9.78947,3.71241,-2.24387,-1.0754,-0.0897297,0.0826818,-9.79514,3.70733,-2.25562,-1.0717,-0.0944876,0.0660943,-9.78058,3.70483,-2.23749,-1.07014,-0.0944962,0.0882301,-9.78901,3.71627,-2.24723,-1.07752,-0.0976965,0.100132,-9.78114,3.67839,-2.24494,-1.07667,-0.0926881,0.0764507,-9.78651,3.69965,-2.24354,-1.07138,-0.0888073,0.0906155,-9.77151,3.72008,-2.24539,-1.07571,-0.0925187
campbells_noodle_soup_4,0.0766072,-9.64991,3.71436,-2.26373,-1.08506,-0.0938558,0.0843196,-9.65649,3.73321,-2.25593,-1.08743,-0.0894377,0.0648636,-9.66953,3.72942,-2.25397,-1.08664,-0.0907868,0.0809932,-9.64492,3.73607,-2.25728,-1.08458,-0.0932483,0.0840943,-9.65447,3.72608,-2.2518,-1.09431,-0.091201,0.0847839,-9.64397,3.74263,-2.25395,-1.09003,-0.0933789,0.0826584,-9.64938,3.72308,-2.25605,-1.08553,-0.085165,0.0697748,-9.66334,3.72611,-2.25442,-1.09144,-0.082241,0.0954467,-9.64808,3.7375,-2.2564,-1.09107,-0.0882803,0.0798409,-9.64774,3.72309,-2.2633,-1.08936,-0.0916232
campbells_noodle_soup_5,0.101902,-9.78414,3.72177,-2.2571,-1.07454,-0.0929245,0.106413,-9.77279,3.73054,-2.26548,-1.07467,-0.0914587,0.0891656,-9.76632,3.72102,-2.26316,-1.07351,-0.0865573,0.104844,-9.77614,3.71005,-2.26015,-1.07776,-0.0979638,0.10335,-9.7653,3.73395,-2.26303,-1.08117,-0.089321,0.107136,-9.76262,3.7116,-2.26161,-1.0781,-0.0882563,0.100532,-9.75136,3.73039,-2.2531,-1.08391,-0.0880023,0.0994778,-9.76078,3.72927,-2.26201,-1.07364,-0.096006,0.113071,-9.75263,3.71162,-2.25694,-1.074,-0.0911637,0.0956779,-9.77629,3.72928,-2.26448,-1.07895,-0.0832451
wide_open_metal_can_1,0.204163,-8.96823,3.39287,-1.69377,-0.766449,-0.066969,0.189008,-8.97327,3.39627,-1.69896,-0.767089,-0.0741361,0.18802,-8.96043,3.41207,-1.69538,-0.764864,-0.0704051,0.192777,-8.99059,3.42034,-1.70183,-0.771653,-0.0770019,0.201052,-8.97194,3.39694,-1.70078,-0.769388,-0.0766176,0.200879,-8.98104,3.41676,-1.69104,-0.767458,-0.0683869,0.197071,-8.9788,3.38915,-1.6973,-0.771044,-0.0766322,0.193922,-8.97073,3.43267,-1.70505,-0.763378,-0.0743403,0.191831,-8.98526,3.40869,-1.69906,-0.765957,-0.0826461,0.223631,-8.99191,3.40419,-1.69406,-0.768204,-0.070809
wide_open_metal_can_2,0.0592129,-8.88817,3.40688,-1.69815,-0.783599,-0.0925622,0.0825734,-8.91895,3.39759,-1.70716,-0.778088,-0.101311,0.0654808,-8.8943,3.40815,-1.69678,-0.781636,-0.0998714,0.0538975,-8.90621,3.39824,-1.70568,-0.785123,-0.0972602,0.0535536,-8.92288,3.38862,-1.69937,-0.789109,-0.10183,0.0651555,-8.91656,3.40466,-1.70278,-0.781986,-0.0959458,0.0543881,-8.91576,3.38525,-1.70059,-0.781497,-0.096468,0.0635897,-8.89513,3.38267,-1.70302,-0.781124,-0.0984868,0.0662625,-8.90422,3.40052,-1.7048,-0.778975,-0.0955374,0.0732482,-8.91376,3.39021,-1.6908,-0.77947,-0.10201
wide_open_metal_can_3,0.0790806,-8.95139,3.39066,-1.69331,-0.779976,-0.105573,0.0989092,-8.95471,3.37533,-1.68995,-0.782035,-0.0983238,0.0627112,-8.9564,3.40738,-1.68876,-0.773977,-0.0940238,0.0887121,-8.97045,3.39004,-1.69339,-0.783217,-0.105748,0.0834268,-8.95904,3.39253,-1.69698,-0.789087,-0.0976136,0.0839247,-8.95892,3.37306,-1.68977,-0.789508,-0.0957848,0.104211,-8.96146,3.40954,-1.69635,-0.784245,-0.0950094,0.0792174,-8.95854,3.37295,-1.69902,-0.78693,-0.0958545,0.0853501,-8.95734,3.3802,-1.6936,-0.790352,-0.10553,0.0941936,-8.96286,3.37807,-1.69224,-0.782477,-0.102509
wide_open_metal_can_4,0.0973003,-8.97317,3.39657,-1.69762,-0.786645,-0.100498,0.0747294,-8.94823,3.38386,-1.69785,-0.781501,-0.0997947,0.0750337,-8.94295,3.40364,-1.70093,-0.779022,-0.103217,0.0830453,-8.93299,3.38201,-1.69964,-0.773236,-0.107044,0.0736122,-8.9465,3.38493,-1.69834,-0.777487,-0.106088,0.0710004,-8.96013,3.3779,-1.69397,-0.782759,-0.10675,0.0763976,-8.95505,3.38512,-1.69829,-0.775484,-0.0967178,0.0858606,-8.95214,3.40027,-1.69702,-0.77908,-0.103849,0.0729514,-8.93215,3.38479,-1.69375,-0.780488,-0.106722,0.0864252,-8.967,3.3977,-1.69753,-0.782296,-0.0999926
wide_open_metal_can_5,0.109747,-8.95505,3.40409,-1.70419,-0.775477,-0.0895259,0.106012,-8.99045,3.39151,-1.7079,-0.772025,-0.0961049,0.122055,-8.98847,3.39851,-1.70441,-0.777741,-0.0936203,0.100675,-8.96324,3.38419,-1.70513,-0.781024,-0.0908704,0.11656,-8.98004,3.41895,-1.70052,-0.780992,-0.0829548,0.102429,-8.97814,3.41701,-1.7059,-0.784471,-0.0896955,0.098661,-8.9817,3.39858,-1.71215,-0.773161,-0.0948744,0.0969656,-8.97236,3.37845,-1.70389,-0.774292,-0.0986418,0.116225,-8.96019,3.3939,-1.70348,-0.782553,-0.0982174,0.106073,-8.97728,3.40189,-1.69766,-0.76944,-0.0916514
wet_ones_container_1,0.185718,-9.18381,3.47637,-1.81025,-0.822175,-0.0633672,0.176594,-9.18864,3.47249,-1.80986,-0.819869,-0.0676749,0.216447,-9.18271,3.46494,-1.80425,-0.823317,-0.0590726,0.203322,-9.1985,3.46174,-1.80242,-0.820134,-0.0675049,0.201061,-9.19624,3.47379,-1.80631,-0.819239,-0.0667563,0.209644,-9.20142,3.4732,-1.80798,-0.820184,-0.0570638,0.201414,-9.16811,3.4666,-1.80487,-0.817586,-0.0607091,0.203906,-9.1865,3.48769,-1.80371,-0.820876,-0.0695314,0.19328,-9.193,3.46384,-1.80504,-0.813281,-0.0635805,0.211121,-9.20049,3.50109,-1.81247,-0.813677,-0.0552169
wet_ones_container_2,0.0875431,-9.04062,3.48361,-1.81249,-0.835208,-0.080454,0.0798487,-9.05737,3.46463,-1.81987,-0.837747,-0.0919105,0.0622005,-9.05551,3.46633,-1.81004,-0.833913,-0.0842244,0.0616833,-9.04054,3.45271,-1.81544,-0.838199,-0.0904022,0.0880897,-9.05382,3.46644,-1.81034,-0.834013,-0.0930075,0.0764894,-9.05596,3.47768,-1.8158,-0.834944,-0.0797695,0.0896667,-9.05953,3.46211,-1.81527,-0.830221,-0.0917915,0.0692112,-9.04297,3.44979,-1.8089,-0.829964,-0.0817185,0.0620872,-9.04759,3.45693,-1.81497,-0.833999,-0.0972201,0.0841791,-9.02599,3.47353,-1.81314,-0.836343,-0.0846819
wet_ones_container_3,0.0883671,-9.19022,3.43308,-1.78408,-0.818209,-0.0752671,0.0904879,-9.19219,3.46057,-1.78812,-0.823091,-0.0821153,0.0801259,-9.17119,3.43283,-1.77694,-0.821646,-0.0832026,0.0856262,-9.17447,3.44936,-1.77832,-0.829777,-0.089686,0.0796081,-9.18077,3.4614,-1.77941,-0.827353,-0.0793116,0.0834285,-9.17284,3.45802,-1.78352,-0.82395,-0.076873,0.10219,-9.17391,3.44442,-1.78564,-0.830013,-0.0787851,0.0714187,-9.17478,3.45003,-1.78288,-0.830848,-0.0771705,0.0874552,-9.1896,3.44581,-1.78905,-0.825427,-0.0872019,0.0921694,-9.16231,3.45349,-1.79247,-0.826023,-0.0725985
wet_ones_container_4,0.0879875,-9.17305,3.46622,-1.79869,-0.823015,-0.0800835,0.0863443,-9.17938,3.45647,-1.79677,-0.828227,-0.0799019,0.0739146,-9.17712,3.44138,-1.80044,-0.822452,-0.0816337,0.0722236,-9.18575,3.46674,-1.80534,-0.821057,-0.0825181,0.0742628,-9.20267,3.44507,-1.79599,-0.830417,-0.0809551,0.0886006,-9.19153,3.43401,-1.80367,-0.830032,-0.0846188,0.0796791,-9.1784,3.44883,-1.80246,-0.82409,-0.0789837,0.0903372,-9.19086,3.42725,-1.78944,-0.826281,-0.0791399,0.0724328,-9.16917,3.44865,-1.7986,-0.828448,-0.0839086,0.0807095,-9.18361,3.44211,-1.79912,-0.826253,-0.0826274
wet_ones_container_5,0.101949,-9.15423,3.44983,-1.81653,-0.836641,-0.0832105,0.107577,-9.1517,3.47138,-1.81565,-0.834884,-0.0752202,0.106304,-9.15224,3.46779,-1.81864,-0.829738,-0.0776431,0.111978,-9.13523,3.4761,-1.81806,-0.835871,-0.0881971,0.0973413,-9.14035,3.44798,-1.81165,-0.831436,-0.0834891,0.0963541,-9.15747,3.46619,-1.81968,-0.828546,-0.0831053,0.111092,-9.14318,3.46944,-1.80267,-0.833153,-0.08918,0.0959398,-9.15381,3.45528,-1.81257,-0.82282,-0.0815089,0.108959,-9.14045,3.47545,-1.81648,-0.830944,-0.0841084,0.105986,-9.1544,3.46892,-1.81612,-0.827833,-0.0781657
tall_blue_pringles_1,0.194892,-8.93698,3.34725,-1.59458,-0.708214,-0.0662648,0.207732,-8.91733,3.35008,-1.59034,-0.70625,-0.0658938,0.195165,-8.94153,3.3381,-1.59056,-0.705348,-0.0610185,0.186171,-8.92045,3.36538,-1.59646,-0.701019,-0.0724238,0.180724,-8.93567,3.34324,-1.59707,-0.707944,-0.0656613,0.198451,-8.94149,3.36652,-1.59626,-0.701936,-0.0663812,0.203769,-8.94258,3.34907,-1.59653,-0.700986,-0.0656253,0.204676,-8.92208,3.34061,-1.59509,-0.708946,-0.0620223,0.198349,-8.93799,3.3499,-1.59738,-0.706385,-0.0658589,0.202946,-8.92489,3.35753,-1.59005,-0.704562,-0.0704958
tall_blue_pringles_2,0.0745358,-8.73219,3.37176,-1.61256,-0.733742,-0.10992,0.0773918,-8.72049,3.3517,-1.60613,-0.734654,-0.0954442,0.0555955,-8.75816,3.36164,-1.60773,-0.733915,-0.0949044,0.0838988,-8.75133,3.36441,-1.61354,-0.731586,-0.101244,0.0960584,-8.75186,3.35467,-1.61854,-0.729271,-0.0970113,0.0652202,-8.74916,3.36364,-1.60879,-0.738345,-0.089977,0.0956466,-8.73735,3.34305,-1.60979,-0.730458,-0.0938881,0.0690851,-8.73799,3.34646,-1.60566,-0.73111,-0.0940534,0.0798671,-8.74211,3.36558,-1.61142,-0.725627,-0.0922572,0.0797492,-8.75639,3.37067,-1.60924,-0.729057,-0.0883211
tall_blue_pringles_3,0.0898938,-8.79346,3.3598,-1.59624,-0.733772,-0.0958489,0.0838078,-8.81946,3.35746,-1.59305,-0.730035,-0.0932426,0.0874389,-8.80389,3.36553,-1.60011,-0.731648,-0.101341,0.0704942,-8.80994,3.37159,-1.59721,-0.724686,-0.0920727,0.0834257,-8.81961,3.34823,-1.60049,-0.728345,-0.0960142,0.0956567,-8.80269,3.36257,-1.59362,-0.732142,-0.096549,0.0879882,-8.81117,3.35573,-1.59784,-0.725264,-0.0885792,0.0836418,-8.79662,3.34673,-1.59598,-0.730317,-0.0943217,0.0840382,-8.81991,3.36126,-1.60417,-0.736006,-0.0977044,0.091784,-8.81158,3.3582,-1.59914,-0.731817,-0.0914863
tall_blue_pringles_4,0.0836338,-8.7267,3.36968,-1.61007,-0.733265,-0.0873351,0.0844973,-8.73496,3.35461,-1.61733,-0.732362,-0.0943767,0.0937541,-8.74546,3.35969,-1.60533,-0.732729,-0.0895811,0.0993773,-8.72553,3.37428,-1.61566,-0.736562,-0.0880762,0.107578,-8.71688,3.37423,-1.62159,-0.739976,-0.0852103,0.0904879,-8.74953,3.35779,-1.61901,-0.730949,-0.0919282,0.0739555,-8.73742,3.37137,-1.61213,-0.736962,-0.0930223,0.0983045,-8.73526,3.36023,-1.60498,-0.736213,-0.0940458,0.0787635,-8.72518,3.35625,-1.60559,-0.737243,-0.0965332,0.103563,-8.73296,3.36876,-1.60899,-0.732723,-0.0938332
tall_blue_pringles_5,0.113102,-8.85441,3.34568,-1.61974,-0.732813,-0.0928884,0.120753,-8.86403,3.36109,-1.61387,-0.738693,-0.0842292,0.12554,-8.8506,3.3439,-1.60718,-0.731206,-0.0909001,0.124879,-8.85251,3.35265,-1.62115,-0.730167,-0.0863196,0.120784,-8.85083,3.35343,-1.61814,-0.724463,-0.0932922,0.130469,-8.86347,3.35439,-1.61635,-0.726436,-0.0910413,0.137977,-8.85502,3.35752,-1.61709,-0.722239,-0.0976328,0.122919,-8.84259,3.34612,-1.62018,-0.728626,-0.0906509,0.0987208,-8.84673,3.3581,-1.6068,-0.732132,-0.0945759,0.119422,-8.86484,3.34825,-1.62004,-0.729308,-0.092006
green_allergy_pill_jar_1,0.210578,-8.66757,3.35643,-1.58462,-0.720588,-0.0780418,0.191604,-8.66684,3.38973,-1.57204,-0.712491,-0.0811453,0.213989,-8.65946,3.37799,-1.57459,-0.718846,-0.0763545,0.190697,-8.65514,3.3772,-1.58103,-0.722417,-0.0740353,0.19602,-8.66619,3.37649,-1.57943,-0.711708,-0.0774225,0.179465,-8.66304,3.36564,-1.57363,-0.721636,-0.0769898,0.186602,-8.65082,3.37208,-1.58732,-0.718844,-0.0791183,0.202595,-8.65924,3.37636,-1.57987,-0.722741,-0.0736417,0.197808,-8.65832,3.36947,-1.58152,-0.726551,-0.069152,0.204697,-8.66622,3.35851,-1.58438,-0.719232,-0.0761757
green_allergy_pill_jar_2,0.0961733,-8.77038,3.33546,-1.57765,-0.718885,-0.106954,0.080004,-8.77678,3.33623,-1.57801,-0.717976,-0.104562,0.0714837,-8.76314,3.32374,-1.57366,-0.71718,-0.100247,0.0795359,-8.7699,3.33128,-1.58018,-0.714339,-0.100829,0.0759202,-8.78207,3.3179,-1.57816,-0.719904,-0.101422,0.0789509,-8.76945,3.33553,-1.58378,-0.718517,-0.103506,0.0884665,-8.7833,3.33288,-1.57761,-0.718665,-0.101524,0.0834005,-8.75799,3.32186,-1.58221,-0.722779,-0.103131,0.060342,-8.77155,3.32327,-1.57667,-0.711671,-0.103408,0.0781636,-8.78588,3.3224,-1.58119,-0.712438,-0.0971904
green_allergy_pill_jar_3,0.0975185,-8.81878,3.30921,-1.56859,-0.716084,-0.0964832,0.107328,-8.8183,3.31116,-1.5677,-0.716646,-0.105265,0.109171,-8.81186,3.33899,-1.57173,-0.719315,-0.102117,0.0990374,-8.81401,3.32796,-1.57389,-0.715456,-0.0973031,0.088242,-8.81018,3.30846,-1.57301,-0.724158,-0.109701,0.104535,-8.81858,3.31467,-1.56788,-0.71431,-0.104103,0.0906657,-8.80941,3.32208,-1.56922,-0.715645,-0.108241,0.0895744,-8.8277,3.32331,-1.5716,-0.717501,-0.103303,0.0912011,-8.80218,3.31145,-1.56668,-0.715303,-0.0980366,0.0937186,-8.80814,3.31415,-1.57025,-0.708912,-0.0949762
green_allergy_pill_jar_4,0.0929526,-8.74978,3.34729,-1.57372,-0.727632,-0.0948938,0.0916002,-8.75999,3.33627,-1.58332,-0.715256,-0.099798,0.0925262,-8.74663,3.33469,-1.58819,-0.720873,-0.0979525,0.0914264,-8.75979,3.33277,-1.5823,-0.720252,-0.0991232,0.0820967,-8.7567,3.33733,-1.58489,-0.715402,-0.101227,0.0828651,-8.7717,3.31919,-1.57584,-0.733107,-0.102361,0.107195,-8.76771,3.33844,-1.57749,-0.726726,-0.0977511,0.0880522,-8.74661,3.35008,-1.57518,-0.729715,-0.0987805,0.0917791,-8.75461,3.32769,-1.58319,-0.726919,-0.106072,0.0944736,-8.7544,3.32697,-1.57376,-0.718625,-0.105489
green_allergy_pill_jar_5,0.116796,-8.87017,3.31458,-1.57403,-0.707528,-0.0914505,0.114679,-8.86719,3.31338,-1.58385,-0.7156,-0.101909,0.107276,-8.84651,3.31042,-1.59431,-0.712655,-0.102335,0.119083,-8.86508,3.31144,-1.5856,-0.710523,-0.0934853,0.126191,-8.85564,3.3215,-1.59043,-0.715041,-0.100908,0.127035,-8.85723,3.31729,-1.57998,-0.713423,-0.101964,0.119308,-8.8587,3.30623,-1.5814,-0.718933,-0.0975621,0.138368,-8.85837,3.30835,-1.58206,-0.718001,-0.0886163,0.126587,-8.86105,3.3234,-1.57808,-0.715491,-0.086156,0.132941,-8.86513,3.32644,-1.58569,-0.708826,-0.095879
big_orange_bug_repellent_1,0.201324,-9.1455,3.52165,-1.91752,-0.904454,-0.0695776,0.202847,-9.15319,3.51347,-1.92327,-0.90858,-0.0693229,0.207197,-9.15798,3.52203,-1.91521,-0.912076,-0.0668514,0.197432,-9.17236,3.52524,-1.93229,-0.901181,-0.075903,0.216302,-9.14939,3.52954,-1.91874,-0.909803,-0.0704852,0.192889,-9.17365,3.5255,-1.92679,-0.903354,-0.0656501,0.199861,-9.16911,3.52221,-1.91957,-0.901965,-0.0752866,0.193303,-9.16053,3.52468,-1.92409,-0.906721,-0.0678217,0.213198,-9.17445,3.52891,-1.92273,-0.905182,-0.0684128,0.220873,-9.15124,3.52488,-1.91844,-0.906635,-0.0690054
big_orange_bug_repellent_2,0.113664,-9.357,3.47323,-1.85393,-0.861807,-0.113997,0.089664,-9.37142,3.45784,-1.84655,-0.864698,-0.10978,0.109167,-9.36642,3.47711,-1.84934,-0.862653,-0.116549,0.107968,-9.35017,3.48017,-1.84748,-0.858872,-0.109677,0.105767,-9.37014,3.45471,-1.85274,-0.861283,-0.113652,0.11155,-9.35161,3.46925,-1.8552,-0.856297,-0.11369,0.107242,-9.36868,3.47536,-1.86021,-0.859414,-0.110968,0.0898445,-9.36592,3.47665,-1.85598,-0.866132,-0.108314,0.0917111,-9.36059,3.45977,-1.85895,-0.870098,-0.105619,0.0860357,-9.37288,3.47107,-1.85199,-0.866713,-0.102975
big_orange_bug_repellent_3,0.10656,-9.29406,3.49821,-1.86326,-0.866303,-0.0994723,0.107345,-9.29634,3.49849,-1.86309,-0.861131,-0.0946626,0.115778,-9.31048,3.50633,-1.863,-0.869366,-0.094817,0.0851048,-9.28998,3.49316,-1.86551,-0.866553,-0.0949242,0.0977599,-9.28874,3.51893,-1.86659,-0.864867,-0.0960403,0.102939,-9.30934,3.49667,-1.86214,-0.862986,-0.0957269,0.0972721,-9.31383,3.50861,-1.8667,-0.868872,-0.0888695,0.100782,-9.31293,3.51392,-1.86733,-0.873979,-0.0882511,0.106582,-9.29607,3.51544,-1.86542,-0.863936,-0.0930522,0.0967722,-9.31573,3.51171,-1.8663,-0.866693,-0.096765
big_orange_bug_repellent_4,0.0992751,-9.33554,3.52002,-1.86262,-0.87056,-0.0903129,0.0937458,-9.33317,3.48504,-1.86868,-0.862359,-0.0902871,0.103643,-9.30993,3.52923,-1.86825,-0.860435,-0.0916671,0.0993371,-9.32124,3.49784,-1.86496,-0.863876,-0.0927357,0.118711,-9.32216,3.52846,-1.86754,-0.854364,-0.0886105,0.0811008,-9.33975,3.51914,-1.86722,-0.867617,-0.0880083,0.0981815,-9.30206,3.51341,-1.86881,-0.857878,-0.0795734,0.112929,-9.3329,3.53477,-1.86543,-0.860987,-0.0880272,0.102263,-9.34003,3.5269,-1.869,-0.854806,-0.0953153,0.106607,-9.3089,3.51432,-1.8604,-0.857139,-0.0873953
big_orange_bug_repellent_5,0.117464,-9.364,3.5137,-1.87221,-0.848193,-0.0775696,0.127334,-9.35057,3.52439,-1.87489,-0.853763,-0.0836137,0.133418,-9.35865,3.51783,-1.87985,-0.853615,-0.0845686,0.129549,-9.34489,3.51322,-1.86955,-0.856223,-0.0859066,0.117898,-9.37075,3.52374,-1.86156,-0.856792,-0.0808547,0.130893,-9.35524,3.52845,-1.8747,-0.868822,-0.0776854,0.12891,-9.3476,3.53576,-1.87497,-0.863474,-0.0835715,0.129733,-9.33256,3.51665,-1.86912,-0.855148,-0.0807372,0.127397,-9.34253,3.49212,-1.87043,-0.858401,-0.0849465,0.0993365,-9.3664,3.51528,-1.87092,-0.860781,-0.0827271
coffee_mate_container_1,0.148549,-8.99494,3.44016,-1.74723,-0.809909,-0.0770178,0.14546,-8.9961,3.45194,-1.74552,-0.81409,-0.0751129,0.161417,-8.99721,3.43239,-1.75237,-0.804689,-0.0776542,0.14123,-8.9846,3.44325,-1.75025,-0.812213,-0.0822003,0.132886,-9.00616,3.42865,-1.74852,-0.804293,-0.0708126,0.146634,-8.97944,3.43083,-1.75198,-0.806099,-0.0668655,0.145314,-8.99949,3.44483,-1.75244,-0.808496,-0.0711773,0.150116,-9.011,3.45087,-1.75657,-0.808834,-0.0679979,0.145167,-8.98803,3.43801,-1.75092,-0.809596,-0.0793609,0.137868,-8.9992,3.44831,-1.74831,-0.803267,-0.0776301
coffee_mate_container_2,0.0782365,-9.12148,3.38923,-1.72077,-0.78633,-0.101427,0.0627336,-9.13079,3.37638,-1.72153,-0.782783,-0.100681,0.0665454,-9.1315,3.38032,-1.71755,-0.782651,-0.0975748,0.0558055,-9.10239,3.39058,-1.71381,-0.782084,-0.102594,0.0513499,-9.12221,3.36658,-1.72276,-0.781907,-0.100089,0.0561658,-9.11985,3.38577,-1.71387,-0.780287,-0.0914178,0.0580772,-9.11816,3.38821,-1.71963,-0.77943,-0.104163,0.0618387,-9.13429,3.39456,-1.72144,-0.78419,-0.101248,0.050758,-9.1216,3.38356,-1.72767,-0.782284,-0.102965,0.0527762,-9.15653,3.38297,-1.72504,-0.7885,-0.102498
coffee_mate_container_3,0.134093,-8.88537,3.4486,-1.75661,-0.809211,-0.0670593,0.116807,-8.90313,3.44082,-1.75448,-0.810554,-0.0656322,0.116528,-8.90015,3.46605,-1.74491,-0.815639,-0.0733368,0.129334,-8.88232,3.46801,-1.74341,-0.815462,-0.0734546,0.125989,-8.90823,3.45492,-1.7501,-0.815902,-0.0767968,0.123933,-8.88144,3.46021,-1.74446,-0.820771,-0.0799195,0.1379,-8.88571,3.4404,-1.75031,-0.815343,-0.0670969,0.127065,-8.89687,3.45667,-1.74901,-0.806623,-0.0764718,0.126704,-8.88632,3.44527,-1.74801,-0.820877,-0.0744993,0.136342,-8.89395,3.44294,-1.75022,-0.807215,-0.0736311
coffee_mate_container_4,0.0737815,-8.99154,3.43744,-1.74751,-0.807212,-0.0959741,0.0634575,-8.99312,3.4184,-1.75314,-0.815631,-0.103015,0.0570113,-8.99558,3.43251,-1.75154,-0.814663,-0.101862,0.0774574,-8.98767,3.43527,-1.74162,-0.813319,-0.10075,0.0503403,-8.9934,3.4235,-1.75618,-0.809677,-0.0916443,0.0630377,-8.99691,3.43357,-1.75976,-0.810697,-0.102454,0.067213,-8.9997,3.41479,-1.7526,-0.804661,-0.0989844,0.0726456,-8.99034,3.4423,-1.7441,-0.811089,-0.0967965,0.060608,-8.99492,3.42721,-1.74769,-0.811077,-0.0980772,0.065326,-9.00081,3.42769,-1.74769,-0.814077,-0.0840744
coffee_mate_container_5,0.109608,-9.12893,3.42416,-1.75886,-0.806365,-0.0870293,0.118501,-9.10363,3.41996,-1.75489,-0.796082,-0.0855233,0.103315,-9.11683,3.4069,-1.75796,-0.806489,-0.0799042,0.130625,-9.1438,3.41331,-1.75903,-0.804567,-0.0824198,0.0946871,-9.11143,3.41268,-1.75327,-0.805596,-0.080847,0.107404,-9.10604,3.42151,-1.75163,-0.805798,-0.0908478,0.108804,-9.11226,3.41766,-1.75223,-0.813227,-0.0869627,0.116308,-9.11934,3.4144,-1.75162,-0.805813,-0.0875515,0.114743,-9.12471,3.40186,-1.75425,-0.80255,-0.0850804,0.0990745,-9.1174,3.41308,-1.75964,-0.807,-0.0783946
green_oeange_water_bottle_1,0.159798,-9.46021,3.58467,-1.9991,-0.93362,-0.0784119,0.18095,-9.46715,3.57249,-1.99928,-0.933747,-0.0857137,0.16207,-9.45206,3.56893,-2.00256,-0.926761,-0.0796537,0.155931,-9.46057,3.56333,-1.99828,-0.92722,-0.076672,0.157042,-9.46863,3.56844,-2.00939,-0.937529,-0.0818524,0.166257,-9.4544,3.571,-2.00442,-0.932428,-0.084758,0.160205,-9.4576,3.55343,-2.0031,-0.93881,-0.0788554,0.163978,-9.46472,3.58078,-2.00837,-0.947801,-0.0843122,0.147133,-9.45466,3.58258,-1.9983,-0.936367,-0.0890773,0.161637,-9.46478,3.57364,-2.00165,-0.939769,-0.0798745
green_oeange_water_bottle_2,0.0924378,-9.39768,3.56243,-2.022,-0.944397,-0.104134,0.0856687,-9.39728,3.55346,-2.01737,-0.950584,-0.0997838,0.0671781,-9.39334,3.56412,-2.00847,-0.94957,-0.0989217,0.0916575,-9.41378,3.55572,-2.01694,-0.948887,-0.101573,0.0888873,-9.40064,3.55676,-2.01175,-0.952172,-0.0989337,0.0729591,-9.40544,3.54631,-2.01852,-0.958164,-0.0971019,0.074087,-9.39431,3.56586,-2.01956,-0.949511,-0.100408,0.107032,-9.40377,3.56173,-2.01916,-0.951276,-0.0998085,0.0639256,-9.38956,3.56044,-2.01649,-0.956432,-0.0996793,0.0788065,-9.40393,3.56482,-2.01536,-0.946284,-0.103223
green_oeange_water_bottle_3,0.131021,-9.46301,3.5811,-2.01705,-0.946501,-0.084649,0.142917,-9.46421,3.57639,-2.00955,-0.954625,-0.0745974,0.135866,-9.4268,3.57755,-2.01797,-0.943767,-0.0810516,0.142723,-9.4475,3.56775,-2.01524,-0.937851,-0.0779053,0.142596,-9.43841,3.57858,-2.01736,-0.950627,-0.0696622,0.141842,-9.45993,3.58265,-2.01723,-0.956732,-0.0786043,0.119671,-9.44242,3.58051,-2.01562,-0.939835,-0.0826031,0.137908,-9.43588,3.5842,-2.01261,-0.941738,-0.0767147,0.146398,-9.45689,3.5778,-2.02073,-0.939547,-0.0781886,0.152166,-9.43964,3.58168,-2.01474,-0.947031,-0.0716542
green_oeange_water_bottle_4,0.077804,-9.39177,3.59146,-2.02164,-0.95777,-0.0947211,0.093324,-9.37027,3.55303,-2.02208,-0.96246,-0.097704,0.0851082,-9.37315,3.5779,-2.01438,-0.95441,-0.0957317,0.0803884,-9.39306,3.59559,-2.01064,-0.958334,-0.0993137,0.0548704,-9.36587,3.57539,-2.01806,-0.959997,-0.0979468,0.0746428,-9.38868,3.57231,-2.02127,-0.961979,-0.10227,0.0664991,-9.38999,3.58431,-2.00708,-0.959038,-0.0960292,0.071749,-9.38205,3.57,-2.02146,-0.960918,-0.0993325,0.0669313,-9.39239,3.57794,-2.0179,-0.957855,-0.0929619,0.094243,-9.38737,3.56773,-2.01304,-0.954453,-0.098614
green_oeange_water_bottle_5,0.109424,-9.31036,3.60522,-2.03406,-0.97404,-0.0912838,0.102258,-9.30455,3.57933,-2.02665,-0.975417,-0.0894313,0.117066,-9.29276,3.59736,-2.02837,-0.974667,-0.0901339,0.126247,-9.30467,3.61452,-2.03156,-0.977288,-0.0928988,0.116233,-9.29661,3.59782,-2.02828,-0.962879,-0.0857982,0.109217,-9.30008,3.60497,-2.0314,-0.966677,-0.0877494,0.114261,-9.31335,3.60534,-2.02983,-0.968039,-0.0898913,0.116725,-9.29853,3.59924,-2.03707,-0.970013,-0.0890747,0.120689,-9.30231,3.59554,-2.03127,-0.97284,-0.0910041,0.0996976,-9.3264,3.61566,-2.02422,-0.977265,-0.0835405
blue_red_avengers_water_bottle_full_1,0.184137,-10.3293,4.0233,-2.68341,-1.29145,-0.0312336,0.181045,-10.3058,4.01534,-2.67941,-1.29605,-0.03391,0.179411,-10.3395,4.02373,-2.68309,-1.29156,-0.0296394,0.181928,-10.3246,4.02197,-2.68873,-1.28976,-0.0222235,0.184831,-10.3368,4.0206,-2.6688,-1.29566,-0.0320659,0.164057,-10.3419,4.02857,-2.68635,-1.29273,-0.0249683,0.175267,-10.3144,4.01523,-2.68198,-1.29972,-0.0364253,0.166982,-10.3403,4.01642,-2.68387,-1.28922,-0.0405271,0.192737,-10.3275,4.0023,-2.68154,-1.29401,-0.0350085,0.165335,-10.3304,4.02159,-2.67964,-1.28677,-0.0317234
blue_red_avengers_water_bottle_full_2,0.0990375,-10.278,3.97397,-2.68359,-1.29992,-0.0568251,0.0876296,-10.2811,4.00741,-2.68441,-1.30063,-0.0516575,0.0967116,-10.2696,3.98186,-2.68098,-1.29648,-0.0570176,0.0864608,-10.2635,3.99633,-2.68589,-1.30238,-0.0561447,0.0825339,-10.2629,4.01221,-2.6896,-1.30245,-0.0540566,0.0789502,-10.2606,4.00265,-2.69162,-1.30528,-0.0563687,0.0918134,-10.2566,3.99661,-2.68592,-1.3012,-0.0547835,0.0887813,-10.2638,3.9965,-2.68345,-1.29524,-0.0566103,0.081799,-10.2711,4.00034,-2.67448,-1.30393,-0.0515449,0.0858349,-10.2509,4.00596,-2.68906,-1.29451,-0.0464119
blue_red_avengers_water_bottle_full_3,0.149828,-10.4766,3.97643,-2.65966,-1.25954,-0.0292434,0.162029,-10.4772,3.98361,-2.66078,-1.26273,-0.0341115,0.145459,-10.4935,3.97777,-2.66333,-1.2707,-0.0343761,0.154531,-10.4926,3.98165,-2.65817,-1.266,-0.0287213,0.157198,-10.477,3.98898,-2.67154,-1.26139,-0.026371,0.146985,-10.4792,3.97035,-2.65941,-1.27104,-0.0271185,0.141517,-10.4956,3.95989,-2.65606,-1.27359,-0.0297791,0.151614,-10.482,3.99743,-2.65769,-1.26212,-0.0283334,0.148519,-10.4905,3.99303,-2.66844,-1.26308,-0.0302182,0.159868,-10.4761,3.96874,-2.66282,-1.25875,-0.0397666
blue_red_avengers_water_bottle_full_4,0.0879289,-10.4946,3.94128,-2.66351,-1.26894,-0.0471563,0.0886558,-10.4849,3.94102,-2.66199,-1.27214,-0.0525129,0.0880203,-10.4961,3.95508,-2.65869,-1.27134,-0.0486318,0.103631,-10.5014,3.96396,-2.6585,-1.27278,-0.0479799,0.106165,-10.4871,3.97338,-2.66344,-1.26902,-0.0448224,0.104243,-10.4833,3.97299,-2.6634,-1.271,-0.0502673,0.0995074,-10.4933,3.96216,-2.66497,-1.27006,-0.0442045,0.100811,-10.483,3.95877,-2.67107,-1.27246,-0.0537998,0.104538,-10.4962,3.96111,-2.66166,-1.26884,-0.0436088,0.113953,-10.505,3.97678,-2.66133,-1.27228,-0.0505829
blue_red_avengers_water_bottle_full_5,0.107916,-10.3785,4.01101,-2.68585,-1.2936,-0.0387682,0.127654,-10.3689,4.02922,-2.68283,-1.28464,-0.0340911,0.131303,-10.373,4.01152,-2.68219,-1.2951,-0.0356031,0.122946,-10.3861,4.02434,-2.68288,-1.28377,-0.0345095,0.125827,-10.3784,4.0162,-2.68247,-1.28869,-0.0408146,0.130309,-10.3717,4.02078,-2.67832,-1.28863,-0.0385017,0.142921,-10.357,4.00524,-2.66975,-1.27703,-0.0389565,0.118848,-10.4014,4.02723,-2.68682,-1.28521,-0.0433605,0.115629,-10.3812,4.03014,-2.68763,-1.28916,-0.0426222,0.123708,-10.3817,4.04244,-2.68888,-1.28573,-0.0419252
yellow_lysol_wipes_container_1,0.18063,-8.89326,3.42751,-1.71069,-0.777895,-0.0666801,0.17812,-8.90264,3.44793,-1.71204,-0.77715,-0.072195,0.175156,-8.88784,3.43511,-1.7113,-0.782408,-0.0632771,0.163424,-8.92118,3.41995,-1.70781,-0.785813,-0.0663514,0.159415,-8.911,3.42664,-1.71371,-0.779684,-0.0663462,0.162864,-8.91191,3.43194,-1.70473,-0.779073,-0.0673721,0.154535,-8.90924,3.44085,-1.71032,-0.778348,-0.066207,0.179261,-8.91537,3.43914,-1.70276,-0.78404,-0.0667675,0.158565,-8.89508,3.43973,-1.7024,-0.779512,-0.0677501,0.166334,-8.90635,3.43844,-1.71069,-0.786161,-0.0665483
yellow_lysol_wipes_container_2,0.0680667,-8.84052,3.41409,-1.72233,-0.791342,-0.0893558,0.0903331,-8.83304,3.42399,-1.7232,-0.793029,-0.0861644,0.0952745,-8.82428,3.41744,-1.72055,-0.788589,-0.0855074,0.0946947,-8.84417,3.41766,-1.73108,-0.790902,-0.0827103,0.0748751,-8.83426,3.41057,-1.71687,-0.789576,-0.0830661,0.0862388,-8.84386,3.41727,-1.71618,-0.787613,-0.0888184,0.0739383,-8.84395,3.41493,-1.71807,-0.796418,-0.0819902,0.07238,-8.82634,3.42541,-1.71189,-0.785621,-0.0875712,0.0907971,-8.83536,3.42174,-1.72037,-0.787088,-0.0836972,0.0816082,-8.83297,3.40628,-1.71214,-0.789219,-0.0878267
yellow_lysol_wipes_container_3,0.143064,-9.04244,3.41014,-1.7089,-0.769875,-0.0663214,0.136215,-9.02765,3.4185,-1.71303,-0.773757,-0.0617117,0.137116,-9.03283,3.41102,-1.71361,-0.779016,-0.0624608,0.144037,-9.04179,3.40737,-1.71256,-0.779484,-0.064037,0.146908,-9.03618,3.42029,-1.70728,-0.779716,-0.0648808,0.145359,-9.02093,3.41038,-1.71151,-0.769442,-0.0659988,0.155266,-9.02581,3.4109,-1.71203,-0.787372,-0.0659278,0.14777,-9.04292,3.42195,-1.71117,-0.776368,-0.0621765,0.128071,-9.0326,3.41662,-1.71534,-0.779097,-0.059991,0.146984,-9.04246,3.39775,-1.70914,-0.772401,-0.064246
yellow_lysol_wipes_container_4,0.103979,-9.00906,3.40166,-1.72639,-0.776115,-0.078753,0.09583,-9.02825,3.40621,-1.72154,-0.779481,-0.0752271,0.0774422,-9.01077,3.40525,-1.71864,-0.783137,-0.0838245,0.0914997,-9.02119,3.41364,-1.71858,-0.784039,-0.0803655,0.0838097,-9.01256,3.41503,-1.72411,-0.784175,-0.0775088,0.0927637,-9.04808,3.39692,-1.71776,-0.787648,-0.0795293,0.098344,-9.0501,3.40016,-1.72237,-0.773052,-0.0768012,0.0863793,-9.03659,3.4151,-1.72127,-0.783276,-0.0738316,0.0897662,-9.04193,3.42053,-1.71216,-0.7822,-0.0715209,0.101861,-9.0229,3.41477,-1.71805,-0.781848,-0.0756043
yellow_lysol_wipes_container_5,0.126523,-9.18713,3.39126,-1.70581,-0.759172,-0.0712426,0.137888,-9.18297,3.38007,-1.70268,-0.767196,-0.0803741,0.126681,-9.1837,3.39053,-1.7026,-0.764131,-0.0795355,0.123308,-9.19214,3.37635,-1.69905,-0.76288,-0.081608,0.117308,-9.19508,3.38226,-1.70533,-0.762896,-0.0766908,0.107905,-9.19515,3.37703,-1.71307,-0.76371,-0.0757519,0.119079,-9.19191,3.38059,-1.71241,-0.765301,-0.0796798,0.135643,-9.2015,3.37928,-1.70238,-0.764106,-0.0794022,0.121274,-9.19751,3.37349,-1.70814,-0.759143,-0.0754613,0.11944,-9.18687,3.36281,-1.70835,-0.763616,-0.0769895
pink_noodle_h5_1,0.164568,-8.73827,3.33402,-1.53304,-0.692298,-0.0783438,0.170034,-8.7473,3.32808,-1.5304,-0.693547,-0.090044,0.177811,-8.73577,3.32674,-1.52308,-0.691511,-0.0856103,0.153715,-8.73052,3.32193,-1.53679,-0.697936,-0.0863536,0.16377,-8.73568,3.3139,-1.53031,-0.697124,-0.0829226,0.173331,-8.74657,3.32977,-1.53377,-0.693107,-0.0824025,0.172687,-8.75207,3.32291,-1.53109,-0.693066,-0.0860495,0.159358,-8.74054,3.32594,-1.53534,-0.69832,-0.0869562,0.155047,-8.73896,3.31741,-1.53795,-0.686312,-0.0825659,0.159571,-8.74428,3.33677,-1.53098,-0.683914,-0.0825362
pink_noodle_h5_2,0.0814731,-8.91073,3.27611,-1.51705,-0.670166,-0.101819,0.076325,-8.87719,3.28238,-1.52258,-0.68026,-0.0895699,0.0774364,-8.90302,3.29141,-1.51118,-0.683252,-0.107696,0.0730234,-8.90948,3.29281,-1.52449,-0.681626,-0.100308,0.0806723,-8.88847,3.27884,-1.52374,-0.677256,-0.105181,0.0881485,-8.897,3.27617,-1.52411,-0.679572,-0.104678,0.0732088,-8.90686,3.29973,-1.51976,-0.670214,-0.101142,0.0786007,-8.89819,3.29304,-1.51511,-0.677801,-0.102154,0.0994839,-8.89013,3.25939,-1.52729,-0.679727,-0.0990748,0.0775251,-8.87846,3.26703,-1.52426,-0.681706,-0.0986939
pink_noodle_h5_3,0.134638,-8.76542,3.33748,-1.53344,-0.691549,-0.0880151,0.160564,-8.74837,3.32786,-1.54239,-0.687575,-0.0869115,0.161669,-8.74607,3.31798,-1.5323,-0.691222,-0.086081,0.141806,-8.73027,3.33175,-1.5447,-0.690817,-0.0761009,0.142323,-8.75476,3.32201,-1.53944,-0.688732,-0.0857776,0.146798,-8.74785,3.32584,-1.52928,-0.687605,-0.0825581,0.14925,-8.75899,3.31702,-1.5372,-0.683796,-0.0885361,0.138667,-8.77037,3.31776,-1.54055,-0.692574,-0.0879063,0.153698,-8.76233,3.3236,-1.54076,-0.689843,-0.0856741,0.146193,-8.73682,3.31501,-1.53615,-0.687339,-0.0879795
pink_noodle_h5_4,0.103617,-8.73522,3.31256,-1.54094,-0.698486,-0.101711,0.100307,-8.76405,3.30682,-1.53879,-0.694366,-0.0964843,0.100379,-8.76154,3.2991,-1.53871,-0.701537,-0.1076,0.097616,-8.76678,3.31204,-1.54041,-0.694466,-0.0979638,0.0765308,-8.75352,3.32026,-1.54811,-0.706343,-0.100445,0.0832702,-8.73641,3.32305,-1.54293,-0.701035,-0.103292,0.0904025,-8.75317,3.31635,-1.54646,-0.693886,-0.102219,0.0782766,-8.74113,3.32404,-1.54383,-0.694611,-0.107176,0.0912497,-8.72698,3.32176,-1.53937,-0.696001,-0.097295,0.0955474,-8.7693,3.31941,-1.54474,-0.694986,-0.100339
pink_noodle_h5_5,0.130771,-8.71944,3.33559,-1.54589,-0.70299,-0.0908517,0.126711,-8.69535,3.33406,-1.5537,-0.699099,-0.0867405,0.125242,-8.71437,3.34227,-1.55062,-0.699316,-0.090976,0.13547,-8.69138,3.33842,-1.55151,-0.697657,-0.0869503,0.127437,-8.69636,3.33852,-1.54724,-0.699121,-0.0900332,0.126753,-8.69612,3.31699,-1.55216,-0.692324,-0.0921064,0.118487,-8.71009,3.32866,-1.54772,-0.705871,-0.084764,0.109734,-8.70435,3.34631,-1.55422,-0.703659,-0.0914002,0.133055,-8.72064,3.36152,-1.55295,-0.700029,-0.0883242,0.128092,-8.70949,3.33879,-1.54748,-0.70206,-0.0816407
white_water_bottle_full_1,0.176352,-11.0689,4.24606,-2.98141,-1.39646,0.0128648,0.18047,-11.0689,4.21115,-2.98495,-1.39473,0.0188232,0.187002,-11.0601,4.24073,-2.98364,-1.39871,0.0118342,0.185675,-11.0561,4.23216,-2.97905,-1.40102,0.00996721,0.191079,-11.0629,4.22478,-2.97782,-1.39297,0.0062738,0.1968,-11.0677,4.21721,-2.98101,-1.39471,0.0183255,0.186631,-11.0586,4.2424,-2.97407,-1.39982,0.0119844,0.196719,-11.0639,4.22983,-2.97091,-1.39712,0.0184741,0.192296,-11.0675,4.22576,-2.98327,-1.38875,0.0103154,0.192464,-11.0605,4.21992,-2.98465,-1.3957,0.00700876
white_water_bottle_full_2,0.100421,-10.9801,4.20317,-3.08155,-1.45123,0.0210126,0.0976698,-10.958,4.20786,-3.08465,-1.44547,0.0240468,0.104883,-10.9804,4.1992,-3.07759,-1.45321,0.0198492,0.0892547,-10.9818,4.20448,-3.07587,-1.4468,0.0240766,0.116054,-10.9914,4.19474,-3.0727,-1.45505,0.0206579,0.105159,-10.9822,4.17709,-3.07845,-1.44633,0.0210922,0.120097,-10.9707,4.20612,-3.08125,-1.44829,0.00506794,0.110914,-10.9701,4.19351,-3.08286,-1.45758,0.0102987,0.117466,-10.9665,4.19866,-3.06539,-1.44811,0.0264948,0.104917,-10.9798,4.20572,-3.07476,-1.46339,0.0170135
white_water_bottle_full_3,0.17279,-11.1887,4.17752,-2.96468,-1.38136,0.00791768,0.152296,-11.1746,4.17908,-2.96695,-1.37379,0.014395,0.145133,-11.1636,4.18926,-2.96792,-1.38298,0.0105559,0.163369,-11.1825,4.19194,-2.96516,-1.3769,0.0113453,0.141665,-11.1853,4.1856,-2.96665,-1.37626,0.010392,0.164803,-11.1775,4.18189,-2.96313,-1.37557,0.0116945,0.161383,-11.1829,4.18956,-2.96771,-1.38089,0.0125568,0.159023,-11.1875,4.18666,-2.9651,-1.38311,0.0152009,0.141012,-11.1936,4.16299,-2.96658,-1.38456,0.0221206,0.16325,-11.1654,4.18732,-2.9657,-1.38134,0.0143751
white_water_bottle_full_4,0.105277,-11.0053,4.24177,-2.99012,-1.41136,0.000439542,0.126762,-10.9971,4.23564,-2.98868,-1.42121,-0.00462675,0.136238,-11.0109,4.24511,-2.99711,-1.41187,0.00129486,0.124546,-11.0104,4.24201,-3.00166,-1.4071,-0.00727529,0.10736,-11.0151,4.24423,-2.99439,-1.41841,0.00433401,0.136788,-11.0091,4.24832,-2.99671,-1.40126,0.00277677,0.124245,-11.0032,4.23123,-2.9947,-1.42001,0.00132691,0.0993803,-11.0191,4.24553,-3.00115,-1.40887,-0.00816997,0.118529,-11.0081,4.24655,-2.99053,-1.41314,-0.000417504,0.120345,-11.0053,4.23384,-2.99367,-1.41768,0.00532953
white_water_bottle_full_5,0.130934,-11.2069,4.20011,-2.98723,-1.39839,0.0186251,0.149635,-11.2075,4.19656,-2.98187,-1.39495,0.0160872,0.138405,-11.1994,4.20815,-2.98397,-1.3962,0.0208703,0.156878,-11.1878,4.20156,-2.98819,-1.39396,0.0164017,0.143667,-11.1975,4.1866,-2.98621,-1.3922,0.0157576,0.153138,-11.2256,4.21105,-2.98486,-1.38398,0.0144816,0.129793,-11.2053,4.20957,-2.98476,-1.38444,0.0169731,0.133263,-11.1966,4.19684,-2.98344,-1.39349,0.0129542,0.149535,-11.2042,4.19087,-2.97721,-1.39509,0.0133674,0.132972,-11.211,4.20783,-2.98556,-1.39169,0.0164566
plastic_jar_with_beans_1,0.18414,-9.67155,3.66366,-2.17657,-1.04449,-0.0854827,0.190219,-9.67185,3.66382,-2.1695,-1.04039,-0.0876741,0.177506,-9.68387,3.66142,-2.18283,-1.04791,-0.0789183,0.183329,-9.68908,3.68284,-2.17993,-1.04375,-0.071478,0.17402,-9.66835,3.68704,-2.18239,-1.04102,-0.0954491,0.207153,-9.67944,3.68192,-2.1771,-1.04591,-0.0790167,0.195014,-9.66947,3.66802,-2.17829,-1.04421,-0.0884177,0.180732,-9.66284,3.67465,-2.18179,-1.05297,-0.0930719,0.189249,-9.67557,3.67481,-2.17513,-1.03782,-0.0877774,0.182294,-9.67651,3.66267,-2.17828,-1.0504,-0.0953332
plastic_jar_with_beans_2,0.104943,-9.69653,3.63829,-2.18986,-1.03794,-0.095056,0.0870911,-9.68,3.64579,-2.18243,-1.04889,-0.0954571,0.0832209,-9.68674,3.62798,-2.17758,-1.04445,-0.0929882,0.0843827,-9.70325,3.63213,-2.1779,-1.03438,-0.100382,0.110933,-9.68418,3.62519,-2.17423,-1.03735,-0.0874704,0.0956486,-9.67869,3.63124,-2.17706,-1.0484,-0.0962761,0.109482,-9.6888,3.62465,-2.18599,-1.042,-0.0956507,0.100769,-9.68935,3.64245,-2.18555,-1.04477,-0.0945509,0.104064,-9.68926,3.64931,-2.18185,-1.04775,-0.0891537,0.107986,-9.6931,3.63796,-2.19022,-1.04354,-0.0845684
plastic_jar_with_beans_3,0.154048,-9.57924,3.70322,-2.19589,-1.06347,-0.0638177,0.17491,-9.58072,3.68925,-2.20641,-1.05634,-0.0612475,0.165082,-9.58021,3.67726,-2.20615,-1.05652,-0.066321,0.17568,-9.59048,3.69544,-2.20361,-1.05414,-0.061293,0.151504,-9.57891,3.6853,-2.19677,-1.05764,-0.0636616,0.131451,-9.57677,3.6903,-2.1969,-1.05718,-0.0647706,0.156624,-9.58272,3.69616,-2.20615,-1.0572,-0.0534582,0.151984,-9.59678,3.67081,-2.20393,-1.06077,-0.065868,0.151502,-9.5899,3.68941,-2.20659,-1.05763,-0.0526009,0.151827,-9.5961,3.68221,-2.20123,-1.05753,-0.0651408
plastic_jar_with_beans_4,0.123025,-9.66246,3.69773,-2.21416,-1.06185,-0.0770602,0.108845,-9.66424,3.67818,-2.21322,-1.06343,-0.0682598,0.119487,-9.65332,3.66607,-2.21527,-1.05164,-0.0781972,0.117107,-9.66187,3.67631,-2.21609,-1.06113,-0.073211,0.129882,-9.681,3.67514,-2.2154,-1.06101,-0.0837515,0.107762,-9.66198,3.69162,-2.22215,-1.05494,-0.0690392,0.119165,-9.66519,3.69264,-2.21033,-1.06139,-0.085699,0.109828,-9.67182,3.67459,-2.21469,-1.06139,-0.0773077,0.108425,-9.65923,3.68207,-2.21426,-1.06202,-0.0742831,0.110273,-9.65104,3.68108,-2.21906,-1.06787,-0.0628224
plastic_jar_with_beans_5,0.12905,-9.69759,3.68365,-2.22528,-1.05883,-0.0684841,0.13579,-9.7002,3.69457,-2.22007,-1.06621,-0.0744811,0.138956,-9.69867,3.68364,-2.22131,-1.05906,-0.068668,0.130631,-9.68599,3.66754,-2.22811,-1.05955,-0.0715672,0.128704,-9.71448,3.69349,-2.23422,-1.064,-0.0789266,0.15044,-9.6912,3.6786,-2.22766,-1.06101,-0.0662956,0.133796,-9.69959,3.67074,-2.22625,-1.05818,-0.0697014,0.136107,-9.69897,3.68536,-2.21945,-1.05794,-0.0658823,0.151741,-9.69293,3.68712,-2.22504,-1.0574,-0.0774663,0.132889,-9.70558,3.68824,-2.22542,-1.0599,-0.0638813
yellow_ketchup_bottle_full_1,0.184093,-9.99326,3.72643,-2.28518,-1.08829,-0.0707898,0.17706,-10.0234,3.7425,-2.28236,-1.07693,-0.0664363,0.185557,-10.0141,3.73405,-2.27865,-1.08578,-0.0659457,0.18951,-10.0168,3.73353,-2.28327,-1.08002,-0.0776296,0.191612,-9.9979,3.73839,-2.28011,-1.08259,-0.0702518,0.200665,-10.0041,3.73306,-2.28421,-1.08486,-0.0649108,0.200082,-10.0062,3.73581,-2.28682,-1.08401,-0.0703186,0.17892,-10.0103,3.73452,-2.28984,-1.08177,-0.0722609,0.19157,-10.0072,3.7499,-2.28389,-1.0806,-0.0706376,0.201729,-10.0046,3.7439,-2.2839,-1.08495,-0.06548
yellow_ketchup_bottle_full_2,0.107124,-9.88542,3.78001,-2.30212,-1.09201,-0.0834175,0.112173,-9.85402,3.76681,-2.2927,-1.09255,-0.0831596,0.0929288,-9.87779,3.76085,-2.29248,-1.09524,-0.0756631,0.114756,-9.8864,3.79334,-2.30268,-1.09039,-0.0838341,0.124095,-9.8743,3.76038,-2.29404,-1.08942,-0.0735616,0.118407,-9.87209,3.79148,-2.29479,-1.0916,-0.0791519,0.126441,-9.88355,3.77556,-2.30149,-1.09056,-0.0811259,0.0986843,-9.88141,3.76948,-2.29752,-1.09545,-0.0792864,0.119139,-9.86963,3.77329,-2.30907,-1.09637,-0.0756452,0.108759,-9.86075,3.78487,-2.29603,-1.09333,-0.0831904
yellow_ketchup_bottle_full_3,0.166008,-10.0555,3.74935,-2.26835,-1.06937,-0.0610015,0.156064,-10.0715,3.72551,-2.27226,-1.06843,-0.0675428,0.173107,-10.0618,3.75819,-2.27012,-1.0738,-0.0747725,0.172578,-10.0419,3.72489,-2.27957,-1.06659,-0.0681198,0.146862,-10.0625,3.73968,-2.27202,-1.0656,-0.0660445,0.153621,-10.0374,3.72312,-2.26775,-1.07018,-0.0707696,0.160832,-10.0642,3.71269,-2.2745,-1.06394,-0.072621,0.175179,-10.0574,3.74142,-2.27017,-1.0638,-0.0682072,0.160143,-10.0754,3.72755,-2.2705,-1.07053,-0.0593344,0.14337,-10.0406,3.74513,-2.27199,-1.07072,-0.066252
yellow_ketchup_bottle_full_4,0.114468,-10.038,3.75484,-2.28581,-1.0759,-0.0593974,0.120426,-10.065,3.74937,-2.27588,-1.06657,-0.0595661,0.112889,-10.0544,3.75842,-2.27767,-1.06943,-0.0595213,0.11343,-10.0604,3.75839,-2.28159,-1.07306,-0.0563364,0.12572,-10.0571,3.74779,-2.27961,-1.07337,-0.0626824,0.104481,-10.0663,3.74875,-2.28225,-1.05973,-0.0508768,0.10928,-10.0657,3.75247,-2.27841,-1.06905,-0.0655823,0.122934,-10.0739,3.75182,-2.28357,-1.05837,-0.0579098,0.122229,-10.0477,3.77528,-2.28103,-1.08016,-0.0592707,0.135538,-10.0494,3.74419,-2.27997,-1.07197,-0.0591357
yellow_ketchup_bottle_full_5,0.145572,-10.1318,3.75531,-2.28079,-1.06237,-0.070339,0.14781,-10.1364,3.74645,-2.28207,-1.06864,-0.0718717,0.135224,-10.1318,3.74745,-2.28299,-1.06801,-0.0737636,0.144758,-10.1363,3.75861,-2.28846,-1.06338,-0.0731768,0.151105,-10.1432,3.73716,-2.28893,-1.06399,-0.0625862,0.13445,-10.1514,3.75229,-2.28396,-1.06772,-0.0610627,0.146178,-10.1451,3.74786,-2.28294,-1.06839,-0.067895,0.157116,-10.1334,3.74369,-2.27945,-1.06207,-0.0727814,0.149121,-10.135,3.74005,-2.28206,-1.06677,-0.0659879,0.155003,-10.166,3.73849,-2.28879,-1.06096,-0.0638664
lime_green_purple_water_bottle_1,0.191571,-10.1906,3.81959,-2.47931,-1.19641,-0.0399354,0.211765,-10.2049,3.84914,-2.474,-1.19662,-0.0572853,0.193419,-10.202,3.8342,-2.48634,-1.19012,-0.0553152,0.20219,-10.2071,3.84013,-2.48009,-1.18989,-0.0574703,0.187076,-10.2033,3.8327,-2.48314,-1.19107,-0.0517471,0.19611,-10.2159,3.83886,-2.47595,-1.19168,-0.0569155,0.196936,-10.1964,3.83457,-2.47185,-1.1957,-0.0489834,0.186357,-10.191,3.82972,-2.48267,-1.1889,-0.0544678,0.182274,-10.1884,3.83147,-2.48629,-1.18832,-0.0453911,0.202969,-10.1787,3.84649,-2.48189,-1.19505,-0.0567874
lime_green_purple_water_bottle_2,0.141906,-10.1664,3.81773,-2.47657,-1.17285,-0.0620852,0.107959,-10.1578,3.81863,-2.46998,-1.18021,-0.0661013,0.109761,-10.1559,3.81833,-2.46961,-1.17254,-0.0668856,0.123122,-10.1687,3.81022,-2.46873,-1.17338,-0.0674169,0.108971,-10.1649,3.82861,-2.4694,-1.17358,-0.0678985,0.140684,-10.1811,3.81724,-2.47176,-1.17971,-0.0674174,0.111948,-10.1568,3.8363,-2.46569,-1.18563,-0.0650215,0.122621,-10.1512,3.8262,-2.47795,-1.1679,-0.0607955,0.116737,-10.1602,3.82068,-2.47065,-1.17024,-0.0619234,0.114953,-10.14,3.81536,-2.47695,-1.1785,-0.0610959
lime_green_purple_water_bottle_3,0.165633,-10.1282,3.84267,-2.51684,-1.21441,-0.0603398,0.164953,-10.1399,3.82243,-2.52664,-1.21115,-0.0603281,0.169389,-10.1356,3.83803,-2.52154,-1.21096,-0.0550015,0.164776,-10.1486,3.83029,-2.51714,-1.20812,-0.0587574,0.152673,-10.1462,3.84463,-2.51846,-1.21091,-0.0567859,0.183041,-10.1291,3.82027,-2.52498,-1.20619,-0.0550218,0.146598,-10.1368,3.83613,-2.5084,-1.20884,-0.057453,0.142762,-10.1601,3.82678,-2.51597,-1.21987,-0.0584636,0.167542,-10.145,3.83132,-2.52107,-1.20848,-0.0551998,0.168977,-10.1369,3.82353,-2.51486,-1.21281,-0.0599914
lime_green_purple_water_bottle_4,0.127783,-10.06,3.84886,-2.47921,-1.19936,-0.0640461,0.11286,-10.0551,3.86437,-2.48305,-1.20231,-0.0663228,0.127459,-10.0449,3.87594,-2.48157,-1.20584,-0.0650303,0.134686,-10.0516,3.86476,-2.48112,-1.19768,-0.072059,0.118045,-10.0749,3.86143,-2.47473,-1.20281,-0.0710856,0.138795,-10.0589,3.86821,-2.48134,-1.19791,-0.0625682,0.134033,-10.0622,3.87057,-2.47217,-1.20112,-0.066026,0.13685,-10.0483,3.88097,-2.47723,-1.19331,-0.0656395,0.117441,-10.0467,3.86248,-2.48229,-1.20074,-0.0641207,0.128001,-10.0582,3.87224,-2.47588,-1.20062,-0.0631825
lime_green_purple_water_bottle_5,0.16425,-10.2187,3.82365,-2.52733,-1.22189,-0.0655439,0.170308,-10.2161,3.83467,-2.53388,-1.21151,-0.0591212,0.171998,-10.2147,3.81659,-2.52767,-1.21608,-0.060939,0.160929,-10.1936,3.82744,-2.5307,-1.21475,-0.0670171,0.161668,-10.2006,3.85542,-2.5158,-1.2025,-0.0623576,0.156562,-10.2225,3.81859,-2.52984,-1.21624,-0.0621137,0.164083,-10.2143,3.82617,-2.5253,-1.20529,-0.0607698,0.148077,-10.2077,3.82509,-2.52448,-1.21097,-0.0637406,0.122195,-10.2159,3.84124,-2.53232,-1.21648,-0.054634,0.156177,-10.2055,3.83594,-2.52686,-1.21194,-0.0613657
tones_pepper_plastic_container_1,0.175175,-8.96646,3.3445,-1.6037,-0.731997,-0.0782729,0.179453,-8.96218,3.35717,-1.61371,-0.728926,-0.078666,0.169152,-8.96747,3.35147,-1.61051,-0.730237,-0.0812118,0.174568,-8.97869,3.34817,-1.60174,-0.729019,-0.0794936,0.179315,-8.98216,3.34093,-1.61048,-0.732067,-0.0730189,0.181246,-8.97396,3.34075,-1.60834,-0.735796,-0.0696252,0.179617,-8.97738,3.33119,-1.60669,-0.731787,-0.0801361,0.196146,-8.96914,3.3336,-1.60925,-0.728291,-0.077861,0.161234,-8.9763,3.35754,-1.60548,-0.73644,-0.0672858,0.177804,-8.96456,3.32352,-1.61037,-0.732878,-0.0726441
tones_pepper_plastic_container_2,0.124254,-8.73806,3.36926,-1.6334,-0.755956,-0.0884606,0.105374,-8.74273,3.37398,-1.63091,-0.745656,-0.0977735,0.136452,-8.72437,3.37061,-1.63091,-0.753152,-0.0948978,0.0959355,-8.71255,3.3472,-1.63232,-0.756495,-0.0861039,0.0883819,-8.73349,3.37015,-1.63063,-0.751435,-0.0929916,0.082553,-8.73587,3.36323,-1.63174,-0.753215,-0.0876754,0.13484,-8.73459,3.37688,-1.63711,-0.757898,-0.0922116,0.11249,-8.73224,3.37889,-1.63476,-0.755475,-0.0927284,0.105954,-8.70923,3.36072,-1.63722,-0.749983,-0.0939534,0.115261,-8.73331,3.37599,-1.64338,-0.753059,-0.0847085
tones_pepper_plastic_container_3,0.158776,-8.94107,3.34151,-1.62194,-0.735797,-0.0709885,0.152068,-8.96268,3.35631,-1.62825,-0.741169,-0.0762092,0.164332,-8.94849,3.35657,-1.61581,-0.738413,-0.0825146,0.162766,-8.93974,3.33051,-1.61455,-0.735584,-0.0811162,0.168384,-8.94307,3.34749,-1.61917,-0.734641,-0.0822122,0.157289,-8.94361,3.34748,-1.61914,-0.731616,-0.0807979,0.165451,-8.95227,3.32927,-1.6258,-0.735118,-0.0843287,0.167175,-8.94347,3.35505,-1.62516,-0.734417,-0.0861196,0.168936,-8.94808,3.33541,-1.62119,-0.727813,-0.0749506,0.176583,-8.95476,3.33988,-1.61722,-0.737205,-0.0830426
tones_pepper_plastic_container_4,0.103124,-8.81284,3.35652,-1.63202,-0.751924,-0.0947673,0.116614,-8.82498,3.3734,-1.61878,-0.756738,-0.092315,0.11152,-8.80869,3.36207,-1.63608,-0.758131,-0.0840129,0.120263,-8.80776,3.36359,-1.62975,-0.754628,-0.0936183,0.123681,-8.80953,3.34858,-1.62562,-0.752705,-0.0930687,0.129125,-8.81341,3.34436,-1.62889,-0.751846,-0.0916868,0.121008,-8.83597,3.36224,-1.632,-0.759606,-0.0938181,0.122247,-8.81615,3.3494,-1.6281,-0.75357,-0.0962816,0.126608,-8.80761,3.3569,-1.63168,-0.754716,-0.0860685,0.116691,-8.80943,3.35931,-1.63516,-0.749377,-0.0904483
tones_pepper_plastic_container_5,0.171085,-8.90472,3.3609,-1.63179,-0.739502,-0.0972137,0.146973,-8.91216,3.35754,-1.63146,-0.752056,-0.0838076,0.153472,-8.93398,3.34289,-1.633,-0.74367,-0.0914794,0.134213,-8.91535,3.35964,-1.63271,-0.742991,-0.0881259,0.138645,-8.90509,3.36749,-1.63198,-0.745984,-0.0843547,0.14357,-8.93672,3.37584,-1.63875,-0.738979,-0.0885614,0.138335,-8.92484,3.36988,-1.62783,-0.743752,-0.088895,0.127243,-8.92523,3.3616,-1.62151,-0.743388,-0.089277,0.153021,-8.92651,3.36094,-1.63495,-0.748179,-0.0934418,0.146586,-8.92562,3.36232,-1.63165,-0.739334,-0.091061
small_heb_cola_can_1,0.185678,-8.66374,3.33607,-1.51907,-0.683274,-0.0771509,0.183672,-8.67067,3.33483,-1.51696,-0.684589,-0.0877035,0.171638,-8.6724,3.32843,-1.52478,-0.684387,-0.0830319,0.188533,-8.68061,3.34072,-1.51888,-0.686192,-0.0793447,0.190736,-8.67808,3.32971,-1.51703,-0.684272,-0.0823239,0.191376,-8.67565,3.32832,-1.51468,-0.693635,-0.0723261,0.184383,-8.68009,3.31862,-1.51854,-0.685958,-0.0783515,0.191562,-8.68265,3.32549,-1.5113,-0.685341,-0.082172,0.192184,-8.68343,3.3248,-1.51821,-0.690957,-0.0746296,0.179932,-8.68631,3.31988,-1.51692,-0.687739,-0.0754648
small_heb_cola_can_2,0.12389,-8.72735,3.29378,-1.53082,-0.6897,-0.0992188,0.108356,-8.74878,3.28926,-1.53464,-0.676897,-0.100834,0.123285,-8.72652,3.30843,-1.53894,-0.691699,-0.104571,0.10899,-8.73524,3.29225,-1.53223,-0.68974,-0.100827,0.112719,-8.71613,3.28426,-1.5298,-0.685562,-0.0952661,0.118863,-8.73596,3.29424,-1.53447,-0.688993,-0.100979,0.135183,-8.73656,3.29845,-1.53161,-0.688478,-0.102492,0.12396,-8.71854,3.27146,-1.53412,-0.688254,-0.0946263,0.113568,-8.72579,3.31374,-1.52492,-0.683976,-0.101011,0.103711,-8.73194,3.31468,-1.53022,-0.68845,-0.100062
small_heb_cola_can_3,0.154837,-8.78762,3.30076,-1.51568,-0.678105,-0.0749788,0.170463,-8.78794,3.30309,-1.5184,-0.664644,-0.0858492,0.152275,-8.79289,3.32048,-1.52235,-0.673986,-0.0862639,0.161982,-8.79127,3.29841,-1.52931,-0.68943,-0.0786201,0.160431,-8.77593,3.31071,-1.51169,-0.682221,-0.0856779,0.165254,-8.77045,3.29835,-1.51483,-0.674888,-0.0791644,0.140133,-8.79474,3.30151,-1.51595,-0.677757,-0.0859702,0.155555,-8.79597,3.29341,-1.52274,-0.673891,-0.0826547,0.16544,-8.79706,3.31413,-1.51816,-0.676347,-0.0954526,0.169347,-8.78923,3.28783,-1.5217,-0.68259,-0.0875088
small_heb_cola_can_4,0.1138,-8.8614,3.28768,-1.51838,-0.672623,-0.0839651,0.146945,-8.86535,3.29911,-1.52121,-0.685854,-0.0843759,0.129186,-8.8628,3.28669,-1.5208,-0.675122,-0.0910191,0.119087,-8.87719,3.28643,-1.51881,-0.680378,-0.0841461,0.11243,-8.89298,3.28163,-1.51502,-0.680604,-0.0913555,0.122825,-8.87946,3.29693,-1.52049,-0.672105,-0.086646,0.126286,-8.86544,3.28059,-1.5243,-0.675403,-0.0855019,0.162046,-8.87262,3.28172,-1.5162,-0.677581,-0.0895046,0.12484,-8.87916,3.29893,-1.52094,-0.677674,-0.0926716,0.135236,-8.88402,3.29721,-1.52137,-0.672629,-0.0886518
small_heb_cola_can_5,0.142258,-8.85397,3.32114,-1.52763,-0.684808,-0.0889454,0.158584,-8.85668,3.31899,-1.52693,-0.669473,-0.0914825,0.152426,-8.86307,3.32568,-1.52359,-0.68146,-0.0871176,0.140283,-8.85413,3.29434,-1.52479,-0.67944,-0.0811195,0.141195,-8.87949,3.30921,-1.53165,-0.6744,-0.0932086,0.152629,-8.86596,3.31607,-1.52268,-0.67811,-0.0783516,0.1548,-8.8493,3.30441,-1.53104,-0.680647,-0.0855148,0.148059,-8.83948,3.3021,-1.52903,-0.684792,-0.0908785,0.1684,-8.85294,3.29393,-1.52467,-0.681316,-0.09652,0.156129,-8.85646,3.29217,-1.53419,-0.675636,-0.0832562
orange_plastic_ball_1,0.169298,-8.71651,3.35029,-1.55367,-0.719123,-0.0826518,0.186844,-8.71719,3.35203,-1.55307,-0.710131,-0.0760373,0.192299,-8.72781,3.34736,-1.55521,-0.702524,-0.0779129,0.16393,-8.73006,3.34004,-1.55158,-0.709643,-0.0774715,0.187885,-8.72227,3.33416,-1.5489,-0.703126,-0.074782,0.175596,-8.72977,3.33165,-1.55652,-0.705344,-0.0791705,0.180683,-8.71997,3.34296,-1.54688,-0.713421,-0.0786986,0.190555,-8.71435,3.33238,-1.55107,-0.705351,-0.0714983,0.181902,-8.7237,3.35121,-1.5569,-0.706736,-0.0656408,0.189404,-8.73702,3.33,-1.55337,-0.696349,-0.081871
orange_plastic_ball_2,0.11645,-8.82947,3.31337,-1.57308,-0.704999,-0.0826082,0.117165,-8.82469,3.31196,-1.5691,-0.702122,-0.0963382,0.12309,-8.85916,3.31325,-1.56786,-0.70102,-0.0941777,0.123902,-8.84325,3.31695,-1.56563,-0.698113,-0.0935328,0.119144,-8.83213,3.30974,-1.56651,-0.700045,-0.0985238,0.127533,-8.83576,3.328,-1.56685,-0.701789,-0.0941965,0.118954,-8.82479,3.30304,-1.56208,-0.698404,-0.0979554,0.124851,-8.82837,3.32792,-1.5705,-0.697592,-0.0953361,0.118598,-8.84868,3.3086,-1.56311,-0.699117,-0.0866246,0.127879,-8.82826,3.3193,-1.56201,-0.700866,-0.0914592
orange_plastic_ball_3,0.15999,-8.81626,3.31892,-1.55247,-0.703427,-0.0883155,0.16181,-8.83681,3.32193,-1.55268,-0.703794,-0.0814861,0.169593,-8.84351,3.35549,-1.55471,-0.706484,-0.0870445,0.171521,-8.83637,3.3335,-1.55643,-0.697631,-0.0872146,0.165188,-8.81893,3.32835,-1.55782,-0.696314,-0.086316,0.160074,-8.82411,3.32797,-1.55916,-0.698827,-0.0847883,0.170123,-8.82564,3.33057,-1.5571,-0.701432,-0.080923,0.168699,-8.8053,3.33973,-1.55513,-0.695707,-0.0811199,0.169749,-8.819,3.31488,-1.55367,-0.701465,-0.0832916,0.173064,-8.83495,3.33081,-1.54454,-0.700579,-0.082213
orange_plastic_ball_4,0.133478,-8.7462,3.33516,-1.56448,-0.719048,-0.0793054,0.130238,-8.75208,3.31304,-1.56643,-0.713469,-0.0893586,0.120695,-8.74635,3.33514,-1.55909,-0.71842,-0.0890025,0.127069,-8.74737,3.32329,-1.56414,-0.713781,-0.0936887,0.12953,-8.74878,3.32204,-1.56186,-0.711938,-0.0893055,0.126288,-8.74995,3.3463,-1.55564,-0.713736,-0.0823239,0.123434,-8.75583,3.34028,-1.56363,-0.718512,-0.0912144,0.116947,-8.74691,3.33706,-1.55718,-0.707672,-0.0863746,0.134173,-8.77267,3.34597,-1.56189,-0.717913,-0.0860415,0.131924,-8.75392,3.33856,-1.5656,-0.711818,-0.0838688
orange_plastic_ball_5,0.159107,-8.73705,3.35248,-1.56884,-0.722224,-0.086886,0.153188,-8.72107,3.35616,-1.57668,-0.717092,-0.0791939,0.153698,-8.73487,3.34535,-1.57085,-0.715753,-0.0840792,0.157837,-8.71556,3.34313,-1.57376,-0.723205,-0.084718,0.164718,-8.7396,3.34617,-1.58221,-0.718923,-0.0895651,0.147587,-8.71813,3.35381,-1.56885,-0.717439,-0.0860459,0.148249,-8.71815,3.37412,-1.56655,-0.720619,-0.0813554,0.1496,-8.73548,3.34779,-1.57028,-0.710977,-0.0899842,0.162651,-8.73162,3.36939,-1.56959,-0.719511,-0.0875726,0.160054,-8.72881,3.36384,-1.57342,-0.714579,-0.0867607
white_styrofoam_square_block_1,0.17874,-8.7595,3.3169,-1.52961,-0.6932,-0.073902,0.206917,-8.73936,3.32552,-1.52694,-0.683866,-0.0708569,0.166815,-8.74422,3.32271,-1.52817,-0.687695,-0.0734769,0.209106,-8.73929,3.32524,-1.51723,-0.687849,-0.080425,0.200162,-8.74627,3.32801,-1.52855,-0.685585,-0.0710136,0.198437,-8.75032,3.33985,-1.5259,-0.687699,-0.0778225,0.197507,-8.73145,3.31971,-1.51751,-0.686225,-0.0724801,0.201131,-8.74923,3.31647,-1.5263,-0.684878,-0.0683238,0.174148,-8.75184,3.31366,-1.52044,-0.690636,-0.0789092,0.18948,-8.7477,3.3249,-1.5188,-0.677758,-0.0785356
white_styrofoam_square_block_2,0.121306,-8.77146,3.29398,-1.54139,-0.684736,-0.0893318,0.133468,-8.77603,3.29042,-1.53613,-0.689514,-0.0869206,0.113522,-8.76931,3.31815,-1.53425,-0.684287,-0.0987896,0.12356,-8.74115,3.31262,-1.53955,-0.693516,-0.0843692,0.114108,-8.74995,3.30489,-1.52962,-0.688618,-0.0963488,0.108691,-8.75737,3.28766,-1.53595,-0.683402,-0.0915135,0.11842,-8.76925,3.28717,-1.53982,-0.685791,-0.0936129,0.105545,-8.78188,3.29662,-1.53551,-0.686394,-0.0935959,0.112592,-8.764,3.30463,-1.53823,-0.688649,-0.0986675,0.117888,-8.74679,3.31749,-1.53631,-0.691468,-0.079505
white_styrofoam_square_block_3,0.167885,-8.80865,3.28638,-1.52314,-0.686524,-0.0915329,0.154721,-8.81944,3.29534,-1.51806,-0.680689,-0.0893015,0.173553,-8.8119,3.28493,-1.521,-0.672813,-0.0800442,0.173432,-8.80787,3.31578,-1.5329,-0.688718,-0.080836,0.159262,-8.80876,3.298,-1.52867,-0.687512,-0.0881491,0.166134,-8.77808,3.29698,-1.52529,-0.684905,-0.0808338,0.167409,-8.79896,3.30509,-1.5198,-0.68493,-0.0823233,0.149029,-8.81402,3.29194,-1.52016,-0.676543,-0.0869586,0.161877,-8.79116,3.30606,-1.52724,-0.680134,-0.08308,0.157974,-8.80909,3.30656,-1.52679,-0.68179,-0.0804432
white_styrofoam_square_block_4,0.129769,-8.79527,3.32298,-1.52637,-0.68854,-0.09708,0.130233,-8.78362,3.30827,-1.52203,-0.698212,-0.0988752,0.127473,-8.77236,3.30875,-1.53478,-0.693602,-0.0990571,0.121709,-8.80428,3.31286,-1.53197,-0.697704,-0.0959383,0.131826,-8.77874,3.32293,-1.53491,-0.680561,-0.103246,0.125829,-8.79636,3.31969,-1.53798,-0.685059,-0.0964486,0.126189,-8.77912,3.3014,-1.53487,-0.68836,-0.0943397,0.134517,-8.80148,3.31609,-1.53846,-0.687048,-0.0947285,0.114056,-8.79346,3.31597,-1.5312,-0.696117,-0.101144,0.138786,-8.78788,3.31809,-1.53502,-0.696562,-0.0880277
white_styrofoam_square_block_5,0.145005,-8.67205,3.36048,-1.54445,-0.701943,-0.0851518,0.165917,-8.70782,3.3528,-1.54326,-0.701655,-0.0922857,0.177696,-8.67716,3.35483,-1.54669,-0.697242,-0.0901001,0.16583,-8.67296,3.34222,-1.54057,-0.703352,-0.0887229,0.167813,-8.67427,3.34128,-1.54978,-0.702102,-0.0845809,0.159217,-8.66697,3.34824,-1.54592,-0.706754,-0.0879541,0.155946,-8.667,3.33348,-1.53799,-0.703519,-0.0949771,0.159931,-8.66455,3.33471,-1.54503,-0.702742,-0.0876742,0.182983,-8.67451,3.33403,-1.54644,-0.69762,-0.0917823,0.168957,-8.66494,3.35135,-1.54015,-0.703914,-0.0805879
yogurt_container_with_beans_1,0.198462,-10.0322,3.81311,-2.50856,-1.23169,-0.0604838,0.20107,-10.0256,3.8218,-2.49908,-1.22779,-0.0608622,0.202369,-10.0241,3.83653,-2.50558,-1.22796,-0.0617014,0.206026,-10.0206,3.82254,-2.50175,-1.23391,-0.0635083,0.218479,-10.0293,3.83665,-2.50637,-1.23587,-0.0582327,0.213021,-10.0314,3.82536,-2.50339,-1.22596,-0.0665557,0.220844,-10.0389,3.82584,-2.50299,-1.23003,-0.0534476,0.201765,-10.0375,3.8365,-2.50771,-1.2329,-0.0668737,0.215712,-10.0266,3.84135,-2.50741,-1.22446,-0.0612337,0.216604,-10.0516,3.84977,-2.50173,-1.22629,-0.069336
yogurt_container_with_beans_2,0.145683,-10.0882,3.81809,-2.51101,-1.21517,-0.0841097,0.149658,-10.0806,3.80346,-2.52109,-1.22277,-0.064214,0.143323,-10.0792,3.80776,-2.52011,-1.21797,-0.087247,0.142035,-10.0822,3.81603,-2.52507,-1.23097,-0.0790433,0.138026,-10.0825,3.81525,-2.52027,-1.21667,-0.0834783,0.157758,-10.0917,3.82455,-2.51932,-1.21971,-0.0804034,0.136667,-10.083,3.81882,-2.52984,-1.21729,-0.081186,0.154201,-10.079,3.82536,-2.52007,-1.2165,-0.0771665,0.136051,-10.0716,3.82562,-2.51626,-1.21948,-0.0833416,0.139931,-10.0636,3.82071,-2.52486,-1.2177,-0.0789688
yogurt_container_with_beans_3,0.191397,-10.1513,3.80547,-2.54405,-1.23725,-0.0635855,0.185454,-10.1433,3.81622,-2.55106,-1.23843,-0.0598061,0.171297,-10.1391,3.79461,-2.54485,-1.2238,-0.0675761,0.195832,-10.1378,3.8134,-2.5491,-1.24017,-0.0635522,0.189951,-10.1402,3.81052,-2.55037,-1.23747,-0.0604697,0.161491,-10.1287,3.79892,-2.54645,-1.23304,-0.0626911,0.181613,-10.1444,3.82426,-2.54888,-1.23262,-0.0622679,0.171625,-10.1441,3.82316,-2.54841,-1.23948,-0.0554829,0.182498,-10.1368,3.79149,-2.55274,-1.22424,-0.0665633,0.202391,-10.1416,3.79289,-2.5503,-1.2283,-0.0601314
yogurt_container_with_beans_4,0.127355,-10.298,3.77283,-2.51543,-1.21641,-0.0786649,0.144322,-10.3079,3.7918,-2.50231,-1.21796,-0.0759931,0.146465,-10.3067,3.78787,-2.50177,-1.22192,-0.0812373,0.133517,-10.2929,3.78412,-2.51272,-1.21269,-0.0734162,0.137981,-10.3043,3.77752,-2.50653,-1.21139,-0.0733203,0.148766,-10.276,3.78097,-2.50158,-1.2152,-0.0799072,0.149242,-10.2962,3.76933,-2.50563,-1.22569,-0.0742662,0.140035,-10.2925,3.76227,-2.50017,-1.20766,-0.0686494,0.136535,-10.3046,3.78164,-2.51026,-1.21613,-0.0800216,0.147346,-10.3089,3.77387,-2.50767,-1.21125,-0.0723861
yogurt_container_with_beans_5,0.171449,-10.3261,3.78986,-2.5101,-1.19614,-0.0692166,0.161734,-10.3375,3.78202,-2.50429,-1.20458,-0.0663646,0.174242,-10.3088,3.7944,-2.51307,-1.18657,-0.0622684,0.171028,-10.3305,3.80719,-2.51116,-1.20677,-0.0609309,0.176976,-10.329,3.80374,-2.50929,-1.2044,-0.0587779,0.197143,-10.327,3.80757,-2.50572,-1.20371,-0.0663317,0.172739,-10.3105,3.78669,-2.50472,-1.20261,-0.0638429,0.177961,-10.333,3.78832,-2.49819,-1.2009,-0.0631589,0.17789,-10.3159,3.79684,-2.50624,-1.19945,-0.056544,0.17443,-10.3284,3.79957,-2.50977,-1.21029,-0.0641663
red_water_bottle_1,0.226,-10.867,4.07,-2.8619,-1.39281,-0.0601697,0.214441,-10.8756,4.07682,-2.87352,-1.40059,-0.0494267,0.230652,-10.8714,4.07554,-2.8725,-1.39517,-0.056577,0.215572,-10.8806,4.06553,-2.87608,-1.40552,-0.0557759,0.237154,-10.8619,4.06167,-2.87315,-1.4006,-0.0556493,0.225095,-10.8556,4.0702,-2.87126,-1.39588,-0.0559848,0.222363,-10.8638,4.07879,-2.86641,-1.39389,-0.0476327,0.218143,-10.847,4.07574,-2.87325,-1.39547,-0.0531608,0.235473,-10.8898,4.06696,-2.86625,-1.39835,-0.0512518,0.217253,-10.864,4.06532,-2.87178,-1.39982,-0.057888
red_water_bottle_2,0.152817,-10.7309,4.08027,-2.90041,-1.42048,-0.0797276,0.140259,-10.7369,4.06828,-2.88877,-1.42163,-0.0805422,0.170313,-10.746,4.05642,-2.8933,-1.41275,-0.0730249,0.136095,-10.7322,4.08019,-2.8966,-1.41547,-0.0857286,0.142015,-10.7342,4.0739,-2.8929,-1.41147,-0.074393,0.16277,-10.7481,4.0782,-2.8937,-1.40927,-0.0689596,0.144269,-10.7314,4.06488,-2.8942,-1.41535,-0.0725326,0.149556,-10.7506,4.0747,-2.88841,-1.41051,-0.0732458,0.154778,-10.7632,4.06194,-2.88984,-1.41522,-0.0778187,0.146385,-10.7428,4.07116,-2.90023,-1.41782,-0.0773401
red_water_bottle_3,0.182715,-10.8352,4.08919,-2.8995,-1.39445,-0.0342069,0.179521,-10.8338,4.09755,-2.90617,-1.39464,-0.0370617,0.181692,-10.8388,4.09496,-2.90067,-1.39225,-0.0337752,0.196958,-10.8304,4.09365,-2.90272,-1.39199,-0.0425117,0.172019,-10.8218,4.10197,-2.91047,-1.3969,-0.0366789,0.188143,-10.8392,4.09696,-2.89605,-1.40291,-0.0418515,0.183483,-10.8229,4.09177,-2.90357,-1.40566,-0.0437959,0.180737,-10.8098,4.09733,-2.90186,-1.41352,-0.0484112,0.174561,-10.8176,4.10023,-2.89433,-1.40398,-0.0512809,0.183792,-10.818,4.07536,-2.89471,-1.41146,-0.0580565
red_water_bottle_4,0.159211,-11.0061,4.08302,-2.87191,-1.37304,-0.0296008,0.147263,-11.0451,4.0923,-2.86827,-1.37597,-0.0411891,0.171924,-10.9944,4.07871,-2.8725,-1.38169,-0.0357229,0.157842,-11.0056,4.08813,-2.86669,-1.38055,-0.0340963,0.145972,-11.0097,4.095,-2.87758,-1.37763,-0.0375223,0.148138,-11.0023,4.07435,-2.86897,-1.38032,-0.0376248,0.159334,-11.006,4.07708,-2.87485,-1.37773,-0.0404308,0.136727,-10.9926,4.08187,-2.86959,-1.3744,-0.0405985,0.157583,-11.022,4.07224,-2.8753,-1.37956,-0.0432376,0.160884,-11.0149,4.08346,-2.86972,-1.37947,-0.0398866
red_water_bottle_5,0.184024,-10.8895,4.07226,-2.89782,-1.40754,-0.0570834,0.181709,-10.8919,4.06584,-2.88882,-1.41284,-0.0633951,0.190228,-10.8959,4.08288,-2.89836,-1.40946,-0.0681033,0.174206,-10.9013,4.07724,-2.88852,-1.4062,-0.0684853,0.165697,-10.8966,4.08378,-2.89814,-1.40737,-0.0679902,0.175381,-10.8993,4.09529,-2.89758,-1.41523,-0.0625077,0.170185,-10.8788,4.08527,-2.89697,-1.40833,-0.0692804,0.177485,-10.8815,4.05034,-2.90129,-1.4016,-0.0744387,0.19459,-10.8847,4.09243,-2.8985,-1.40003,-0.0577441,0.176996,-10.8839,4.08116,-2.89608,-1.40946,-0.071442
butter_container_with_coffee_1,0.202769,-9.47917,3.56198,-2.01201,-0.948101,-0.0818273,0.217485,-9.46498,3.55721,-2.00914,-0.944228,-0.0767844,0.212407,-9.45251,3.55832,-2.01875,-0.964243,-0.0755793,0.202002,-9.45987,3.55756,-2.0136,-0.949224,-0.0734943,0.210423,-9.46231,3.55565,-2.00776,-0.956331,-0.0794494,0.216776,-9.4727,3.55756,-2.01513,-0.955619,-0.0779227,0.210252,-9.47342,3.54535,-2.00802,-0.954859,-0.0778099,0.222372,-9.478,3.54993,-2.01408,-0.950348,-0.0763056,0.214214,-9.46411,3.55032,-2.00858,-0.950278,-0.0761699,0.191246,-9.44845,3.5444,-2.01174,-0.944334,-0.0774831
butter_container_with_coffee_2,0.128803,-9.48208,3.54193,-2.025,-0.948543,-0.0870212,0.145141,-9.48281,3.53877,-2.01981,-0.956663,-0.081508,0.135291,-9.4663,3.54249,-2.01832,-0.954827,-0.0852939,0.143966,-9.47529,3.53016,-2.02628,-0.956494,-0.0807568,0.132092,-9.47222,3.54043,-2.02064,-0.956578,-0.0813163,0.139075,-9.46594,3.53209,-2.01839,-0.957886,-0.0845995,0.152108,-9.48427,3.51448,-2.02194,-0.943913,-0.0850685,0.153722,-9.48696,3.53504,-2.02569,-0.955918,-0.0840176,0.157753,-9.48928,3.54137,-2.0241,-0.957264,-0.0840353,0.153026,-9.4822,3.54489,-2.01536,-0.945124,-0.0803025
butter_container_with_coffee_3,0.18007,-9.54689,3.52721,-2.02921,-0.952019,-0.0625548,0.173161,-9.54201,3.51495,-2.01883,-0.952811,-0.0688609,0.192247,-9.53319,3.52738,-2.0226,-0.9566,-0.0655348,0.17894,-9.53509,3.53051,-2.02869,-0.952189,-0.064422,0.178712,-9.53928,3.53209,-2.02207,-0.958064,-0.0663919,0.189531,-9.53459,3.51401,-2.02242,-0.95763,-0.0662029,0.176903,-9.53377,3.53938,-2.02393,-0.951514,-0.0649625,0.172328,-9.5384,3.51318,-2.02608,-0.943357,-0.0651095,0.174616,-9.53579,3.53942,-2.01947,-0.95637,-0.0665714,0.177961,-9.53638,3.52741,-2.0296,-0.948806,-0.0665983
butter_container_with_coffee_4,0.146391,-9.55033,3.53589,-2.01107,-0.931014,-0.0752256,0.154177,-9.54998,3.54603,-2.00366,-0.937346,-0.0683263,0.149119,-9.56396,3.5617,-2.00645,-0.944507,-0.0790279,0.148075,-9.54727,3.53953,-2.01136,-0.943885,-0.0739255,0.15546,-9.55063,3.54684,-2.01485,-0.941146,-0.0691796,0.143968,-9.56344,3.53607,-2.01731,-0.947364,-0.0748884,0.160908,-9.56374,3.54177,-2.01067,-0.948903,-0.0736802,0.160565,-9.56376,3.55911,-2.00974,-0.947677,-0.0696279,0.160469,-9.57122,3.53693,-2.00951,-0.94117,-0.0761042,0.153109,-9.55317,3.53858,-2.01871,-0.947958,-0.0709554
butter_container_with_coffee_5,0.185796,-9.56188,3.55506,-2.03783,-0.96077,-0.070989,0.189367,-9.56194,3.55163,-2.02865,-0.95415,-0.0651025,0.173319,-9.55678,3.5617,-2.03064,-0.959271,-0.0705117,0.187612,-9.54694,3.56103,-2.03598,-0.957606,-0.0716224,0.181737,-9.58085,3.53109,-2.03232,-0.952897,-0.0638888,0.176629,-9.55801,3.55247,-2.03713,-0.963008,-0.074349,0.191793,-9.55375,3.55346,-2.03042,-0.958293,-0.0673836,0.178695,-9.55618,3.53506,-2.03789,-0.952739,-0.0730844,0.175459,-9.55446,3.5489,-2.03646,-0.949813,-0.0727138,0.174099,-9.54779,3.54402,-2.03339,-0.953566,-0.0703365
