diced_tomatoes_can_full_1,0.463355,-7.08377,1.90717,-0.942495,-0.0185571,-0.0589293,0.385271,-7.12129,1.83041,-0.925215,-0.00315724,-0.0309039,0.422879,-7.45517,1.46284,-0.806037,0.0775985,-0.0358917,0.412008,-7.91201,1.17096,-0.684151,0.149221,-0.0264567,0.43675,-8.04271,0.867384,-0.612901,0.181059,-0.0404258,0.437645,-7.93752,0.561188,-0.521265,0.261706,-0.0330267,0.356078,-8.00404,0.342968,-0.449313,0.2919,-0.0573019,0.374431,-8.17966,0.286662,-0.430446,0.307358,-0.0523295,0.266834,-5.2809,-0.124047,0.233716,-0.296587,-0.291046,0.41606,-8.32509,0.301684,-0.433601,0.299429,-0.0635857
diced_tomatoes_can_full_2,0.340087,-7.0166,1.91467,-0.925961,-0.0377561,-0.0910295,0.276134,-6.92255,1.80075,-0.91835,-0.0193399,-0.0832702,0.29512,-7.57065,1.53902,-0.800336,0.0589636,-0.0850564,0.288082,-7.74901,1.14799,-0.649809,0.15222,-0.0488742,0.288332,-7.91209,0.899195,-0.580695,0.183948,-0.100123,0.308618,-7.94191,0.631494,-0.528102,0.234795,-0.061157,0.303223,-8.06772,0.338368,-0.473171,0.272851,-0.0801936,0.241844,-7.95964,0.186663,-0.399875,0.292383,-0.0996809,0.191148,-6.17729,0.0130064,0.0196678,-0.186624,-0.256511,0.345917,-8.00714,0.175366,-0.382867,0.291805,-0.0978393
diced_tomatoes_can_full_3,0.390224,-7.23752,1.93656,-0.932829,-0.0287197,-0.0935464,0.315261,-6.93984,1.84867,-0.914632,-0.0170204,-0.0649393,0.281147,-7.46163,1.6509,-0.848497,0.022037,-0.0384823,0.330579,-7.77425,1.24148,-0.691341,0.119247,-0.101671,0.260451,-7.93216,1.00552,-0.584864,0.182731,-0.068211,0.310714,-8.05299,0.67233,-0.550752,0.216548,-0.109863,0.41519,-8.13706,0.488655,-0.471483,0.256648,-0.0636597,0.334479,-8.08628,0.241403,-0.429975,0.281133,-0.0762028,0.329696,-8.10625,0.253179,-0.406187,0.303241,-0.0885115,0.231313,-5.01206,-0.178056,0.284563,-0.458029,-0.379317
diced_tomatoes_can_full_4,0.318541,-7.17658,1.94525,-0.955841,-0.0360671,-0.0822891,0.308355,-6.81008,1.79068,-0.86353,-0.00999817,-0.0762442,0.276805,-7.50321,1.53428,-0.807046,0.0662649,-0.0777829,0.300489,-7.66974,1.28831,-0.699767,0.114455,-0.0984489,0.308432,-7.92811,1.00829,-0.598461,0.191353,-0.080928,0.289418,-7.97723,0.705703,-0.529952,0.225422,-0.0492331,0.316901,-7.86793,0.459934,-0.450955,0.256763,-0.0573736,0.311455,-7.8918,0.217318,-0.398083,0.280922,-0.0759304,0.301595,-8.03822,0.22005,-0.380565,0.310447,-0.0862958,0.15462,-5.12647,-0.168168,0.23553,-0.447234,-0.378417
diced_tomatoes_can_full_5,0.323975,-7.45133,1.48196,-0.789339,0.0705787,-0.0859192,0.329484,-7.41327,0.269592,-0.317842,0.117141,-0.142387,0.337002,-8.30961,0.230538,-0.417027,0.300102,-0.0757169,0.355785,-8.31063,0.186568,-0.409451,0.293163,-0.0790297,0.355785,-8.31063,0.186568,-0.409451,0.293163,-0.0790297,0.217613,-6.67635,1.17809,-0.637454,0.111594,-0.0877659,-0.132866,-2.27317,3.87026,-1.25106,-0.375562,-0.109115,-0.142351,-2.26272,3.87081,-1.25266,-0.372569,-0.111527,-0.134332,-2.2659,3.86821,-1.25464,-0.376462,-0.110878,-0.133232,-2.2593,3.86211,-1.25172,-0.375506,-0.107944
small_orange_bug_repellent_1,0.448669,-7.02093,1.88084,-0.927764,-0.00564769,-0.0508006,0.421637,-6.99169,1.87164,-0.906191,0.00467957,-0.00620743,0.456687,-7.39307,1.62735,-0.8083,0.0612334,-0.0306824,0.455981,-7.73204,1.22918,-0.673855,0.146543,-0.0293861,0.421824,-7.95454,1.00653,-0.618892,0.201411,-0.00307029,0.467942,-7.8949,0.598451,-0.513916,0.245411,-0.0439176,0.441885,-8.00062,0.43885,-0.473018,0.268766,-0.0140559,0.507654,-8.02547,0.206359,-0.414455,0.301509,-0.0496128,0.331555,-5.77743,0.0158356,0.0943679,-0.0490376,-0.0539271,0.498825,-8.01475,0.265587,-0.382795,0.269117,-0.0338123
small_orange_bug_repellent_2,0.347532,-7.02382,1.93172,-0.94439,-0.0215958,-0.0886598,0.317507,-6.90186,1.87893,-0.931306,-0.0317177,-0.0805083,0.316839,-7.34145,1.60079,-0.842779,0.0229794,-0.097783,0.305817,-7.70179,1.22713,-0.681546,0.126915,-0.0504959,0.31549,-7.91763,1.00431,-0.633891,0.173272,-0.0337804,0.302812,-7.91253,0.740723,-0.53164,0.204477,-0.0791785,0.340165,-8.00045,0.45526,-0.535616,0.222577,-0.0623626,0.340533,-8.26554,0.357437,-0.492921,0.262135,-0.0902731,0.361449,-8.3086,0.215213,-0.435306,0.293937,-0.0817693,0.183016,-5.49732,-0.0296692,0.147037,-0.125762,-0.115246
small_orange_bug_repellent_3,0.344525,-7.20315,1.91779,-0.963546,-0.0313095,-0.0757165,0.31653,-7.06603,1.87188,-0.920676,-0.0309555,-0.0861815,0.350705,-7.41555,1.66958,-0.851204,0.00908851,-0.0846939,0.322678,-7.92659,1.44206,-0.784573,0.0814437,-0.0687701,0.31577,-7.86375,1.07929,-0.660096,0.141661,-0.0817178,0.298778,-7.92174,0.772541,-0.567885,0.193733,-0.0752643,0.308109,-8.08234,0.542987,-0.506381,0.242945,-0.0822774,0.339862,-8.03373,0.347978,-0.462218,0.279062,-0.0828278,0.320104,-8.12927,0.334435,-0.410973,0.299882,-0.0826875,0.267358,-5.73381,0.276546,0.125464,-0.169819,-0.00473501
small_orange_bug_repellent_4,0.350273,-7.06186,1.88263,-0.928808,-0.016237,-0.0789884,0.340598,-7.06658,1.86673,-0.922404,-0.0254327,-0.0633704,0.317974,-7.40316,1.6348,-0.817858,0.0382848,-0.0727444,0.313216,-7.8329,1.33963,-0.742391,0.0993901,-0.0873451,0.34555,-7.81469,1.05038,-0.627052,0.157798,-0.054421,0.270394,-7.98798,0.730701,-0.545436,0.213303,-0.0691418,0.253054,-7.95193,0.561124,-0.51141,0.224785,-0.0635928,0.312106,-8.25182,0.340284,-0.4506,0.269004,-0.0793724,0.263989,-8.07032,0.227037,-0.358158,0.241492,-0.0849273,0.343679,-5.16165,0.224704,0.193383,-0.327552,-0.0845724
small_orange_bug_repellent_5,0.348039,-7.50319,1.56643,-0.817957,0.0494018,-0.0799534,0.2617,-7.4695,0.510311,-0.407825,0.0854682,-0.0758463,0.359349,-8.26244,0.295066,-0.446844,0.278929,-0.0836756,0.31595,-8.23715,0.31718,-0.45738,0.295416,-0.0936833,0.312216,-8.23348,0.321767,-0.459016,0.296125,-0.0958491,0.312216,-8.23348,0.321767,-0.459016,0.296125,-0.0958491,-0.0669933,-3.14169,3.34745,-1.13923,-0.278121,-0.104562,-0.129445,-2.26232,3.87439,-1.25176,-0.375889,-0.108094,-0.132075,-2.26676,3.86542,-1.25318,-0.375642,-0.105602,-0.120291,-2.27205,3.86779,-1.25447,-0.379266,-0.108777
heb_coffee_container_1,0.462344,-7.23338,1.94019,-0.965062,-0.00473931,-0.0434608,0.420164,-7.18978,1.86323,-0.921164,0.0148382,-0.0372723,0.492739,-7.65422,1.68581,-0.870241,0.0353685,-0.0253446,0.405568,-7.84375,1.34403,-0.739273,0.126378,-0.0380794,0.440788,-8.06494,1.10474,-0.662186,0.182015,-0.0624388,0.440728,-8.09357,0.837042,-0.596915,0.221947,-0.015651,0.528736,-8.12651,0.487482,-0.533616,0.257431,-0.041594,0.461141,-8.11771,0.380337,-0.459014,0.272259,-0.0373679,0.24816,-5.06744,-0.168879,0.205103,-0.411135,-0.339744,0.510197,-7.73168,0.261352,-0.384004,0.180229,-0.0890968
heb_coffee_container_2,0.298944,-7.04521,1.8739,-0.918697,0.00642133,-0.0857656,0.369213,-6.89646,1.83726,-0.899661,-0.0143106,-0.0609427,0.315128,-7.46596,1.56537,-0.803252,0.0529847,-0.0860572,0.351427,-7.80714,1.32638,-0.726236,0.127099,-0.0991643,0.314853,-7.81286,1.09255,-0.665776,0.143659,-0.102602,0.314532,-7.83866,0.624677,-0.525446,0.216267,-0.0486588,0.350096,-7.95167,0.458449,-0.467327,0.256651,-0.0664366,0.340115,-7.96318,0.238911,-0.4276,0.280897,-0.0722433,0.386241,-5.93197,0.368349,-0.273368,-0.303295,-0.230811,0.330919,-7.77779,0.286112,-0.432251,0.153073,-0.118596
heb_coffee_container_3,0.370449,-7.12923,1.83535,-0.920479,-0.00635212,-0.0859025,0.384646,-7.00134,1.84285,-0.893998,-0.0260904,-0.0836081,0.357509,-7.47266,1.57946,-0.793927,0.0504405,-0.077522,0.378537,-7.76013,1.35838,-0.728581,0.065032,-0.0488949,0.382959,-7.96725,1.0479,-0.615667,0.174463,-0.106266,0.344258,-8.088,0.734112,-0.573474,0.196421,-0.0689275,0.35895,-7.96549,0.552528,-0.491147,0.225555,-0.0463938,0.299595,-8.08481,0.258109,-0.429451,0.283764,-0.0696067,0.342856,-6.23605,0.448675,-0.273128,-0.367371,-0.236465,0.471003,-7.92935,0.285002,-0.425228,0.155742,-0.108022
heb_coffee_container_4,0.321134,-7.0804,1.85233,-0.927558,-0.00875758,-0.0884002,0.346896,-6.89354,1.82494,-0.883617,-0.0201849,-0.0797552,0.269857,-7.40349,1.58724,-0.81245,0.055707,-0.0731149,0.323117,-7.78628,1.30268,-0.681183,0.119255,-0.068125,0.413006,-7.86434,0.92853,-0.556445,0.197346,-0.0661617,0.396786,-7.92973,0.740142,-0.566341,0.218755,-0.0671,0.306073,-7.96067,0.437987,-0.491041,0.262216,-0.0703089,0.315656,-7.9949,0.289298,-0.430125,0.281979,-0.0692033,0.177454,-5.83651,0.270445,-0.194506,-0.0986401,-0.130153,0.4677,-8.08996,0.309309,-0.431454,0.239335,-0.0798143
heb_coffee_container_5,0.393579,-7.16295,1.90822,-0.948758,-0.000929746,-0.0767097,0.374443,-7.09997,1.87228,-0.935516,-0.0327481,-0.0752633,0.330616,-7.46783,1.68452,-0.89064,0.0090772,-0.0590274,0.334284,-7.98106,1.34169,-0.755519,0.1287,-0.0862789,0.353365,-7.88221,1.03356,-0.621801,0.172367,-0.0373217,0.351064,-8.07194,0.722255,-0.564911,0.213577,-0.0717595,0.322208,-8.1373,0.534402,-0.534003,0.222524,-0.0769124,0.371402,-8.18481,0.349939,-0.48633,0.257876,-0.0751614,0.160736,-6.43974,0.250877,-0.241678,-0.228663,-0.254784,0.315827,-7.4705,0.211862,-0.377353,0.0725316,-0.159986
long_paper_roll_tube_1,0.440192,-7.35333,1.75005,-0.881006,0.041608,-0.0455725,0.392041,-7.28514,1.10394,-0.48743,0.0277524,-0.0497465,0.43305,-8.0138,1.20973,-0.709973,0.158528,-0.0552727,0.426236,-7.99831,1.20774,-0.725254,0.163496,-0.0447104,0.426236,-7.99831,1.20774,-0.725254,0.163496,-0.0447104,0.426236,-7.99831,1.20774,-0.725254,0.163496,-0.0447104,0.426236,-7.99831,1.20774,-0.725254,0.163496,-0.0447104,0.316535,-6.49093,1.93074,-0.869288,0.0222691,-0.0525685,0.00162947,-2.38831,3.88443,-1.25268,-0.35981,-0.0728047,0.00460765,-2.38395,3.89975,-1.25489,-0.35347,-0.0703146
long_paper_roll_tube_2,0.331082,-7.31553,1.71359,-0.879696,0.025681,-0.0724463,0.337901,-7.25605,1.06616,-0.490022,0.0331661,-0.108956,0.310317,-7.917,1.1624,-0.701187,0.146085,-0.0983017,0.288992,-7.86656,1.17671,-0.700074,0.163515,-0.0980851,0.288992,-7.86656,1.17671,-0.700074,0.163515,-0.0980851,0.288992,-7.86656,1.17671,-0.700074,0.163515,-0.0980851,0.288992,-7.86656,1.17671,-0.700074,0.163515,-0.0980851,0.0620986,-4.9697,2.55302,-0.987511,-0.113261,-0.101081,-0.130528,-2.31976,3.85765,-1.25606,-0.374275,-0.103403,-0.131128,-2.31756,3.85295,-1.25762,-0.374073,-0.107539
long_paper_roll_tube_3,0.314898,-7.27223,1.64198,-0.827219,0.0480214,-0.0612674,0.345733,-7.09073,1.01492,-0.425164,0.00713721,-0.114957,0.352485,-7.94919,1.18585,-0.679899,0.138482,-0.0908662,0.359613,-7.94947,1.18769,-0.686578,0.135632,-0.0998827,0.359613,-7.94947,1.18769,-0.686578,0.135632,-0.0998827,0.359613,-7.94947,1.18769,-0.686578,0.135632,-0.0998827,0.359613,-7.94947,1.18769,-0.686578,0.135632,-0.0998827,0.260285,-6.88239,1.69018,-0.790158,0.0395727,-0.100901,-0.108997,-2.3419,3.85333,-1.24055,-0.379493,-0.106733,-0.113122,-2.32843,3.8382,-1.24173,-0.375053,-0.104358
long_paper_roll_tube_4,0.425638,-7.24893,1.94341,-0.94607,-0.0204749,-0.0879994,0.286269,-7.15508,1.91252,-0.937858,-0.0076173,-0.0730249,0.314455,-6.91844,1.85328,-0.894541,-0.0177109,-0.10087,0.259597,-7.16361,1.70016,-0.863259,0.00659502,-0.0194162,0.318468,-7.4445,1.56663,-0.814015,0.0569112,-0.0955975,0.27252,-7.67444,1.45155,-0.819423,0.0710054,-0.0543001,0.312567,-7.78119,1.17396,-0.633662,0.152133,-0.082786,0.198458,-1.7771,0.0588466,1.18792,-0.794285,-0.235622,0.387367,-7.00335,0.998116,-0.354924,-0.0312534,-0.140911,0.354729,-7.99333,1.28982,-0.719954,0.111951,-0.102582
long_paper_roll_tube_5,0.367537,-7.2716,1.74337,-0.885728,0.0160398,-0.0733407,0.313148,-7.01539,1.08389,-0.446959,-0.0212106,-0.126383,0.366447,-7.99407,1.27066,-0.728045,0.130255,-0.0950514,0.384382,-8.0162,1.29912,-0.737496,0.143929,-0.0884983,0.384382,-8.0162,1.29912,-0.737496,0.143929,-0.0884983,0.384382,-8.0162,1.29912,-0.737496,0.143929,-0.0884983,0.384382,-8.0162,1.29912,-0.737496,0.143929,-0.0884983,0.384382,-8.0162,1.29912,-0.737496,0.143929,-0.0884983,0.0781953,-4.42285,2.89368,-1.06121,-0.184365,-0.0971203,-0.10822,-2.29049,3.8714,-1.25717,-0.374299,-0.103072
pineapple_cup_1,0.475511,-7.16393,1.90945,-0.912559,0.00180632,-0.042846,0.442327,-7.14819,1.84161,-0.925346,0.00951925,-0.0407572,0.468477,-7.44047,1.60219,-0.810748,0.0741223,0.000657401,0.457017,-7.85096,1.37121,-0.740072,0.121418,-0.0167204,0.424248,-8.01448,1.08893,-0.664736,0.177995,-0.0300525,0.485132,-8.13735,0.842935,-0.61479,0.211714,-0.0263615,0.471344,-7.94113,0.594008,-0.502248,0.25045,-0.0158935,0.465015,-8.1479,0.42731,-0.473478,0.289558,-0.0476675,0.053653,-6.09776,0.225978,-0.0966663,-0.205495,-0.140172,0.516037,-8.12885,0.282767,-0.446305,0.298836,-0.0452158
pineapple_cup_2,0.389847,-7.06855,1.96583,-0.943898,-0.0178147,-0.0756629,0.322669,-6.95168,1.86832,-0.925017,-0.0217778,-0.0705803,0.358606,-7.42636,1.60534,-0.829839,0.0490759,-0.0853661,0.324318,-7.85108,1.37908,-0.781705,0.0994857,-0.0430035,0.309707,-7.88774,0.962169,-0.608146,0.191916,-0.0722816,0.314358,-8.01777,0.805943,-0.576515,0.212757,-0.0621303,0.303608,-8.07662,0.451366,-0.475795,0.262979,-0.099559,0.333343,-7.87083,0.311258,-0.428482,0.239664,-0.0877279,0.324764,-5.22708,-0.0432863,0.0907434,-0.388381,-0.292703,0.167503,-8.18418,0.270887,-0.477995,0.304289,-0.0917345
pineapple_cup_3,0.457974,-7.07233,1.90958,-0.917531,-0.0195344,-0.0742332,0.353453,-7.0595,1.83034,-0.909604,-0.0248423,-0.0774137,0.263509,-7.49736,1.59362,-0.803958,0.0519418,-0.0581277,0.383379,-7.81947,1.33503,-0.709152,0.109145,-0.0451618,0.365508,-7.88222,1.02495,-0.636286,0.1678,-0.0391918,0.417815,-7.98692,0.723598,-0.549143,0.21568,-0.0754366,0.276133,-8.00739,0.428163,-0.480336,0.249804,-0.0525934,0.389548,-7.80461,0.220073,-0.37518,0.213384,-0.103724,0.0765411,-6.07524,0.114466,-0.117189,-0.138084,-0.147239,0.332435,-7.99832,0.304144,-0.430167,0.217635,-0.110654
pineapple_cup_4,0.403975,-7.10914,1.87813,-0.903084,-0.0165751,-0.0778648,0.324757,-7.14812,1.8699,-0.927679,-0.0183637,-0.0680019,0.323151,-7.45809,1.58381,-0.818808,0.0462317,-0.0760221,0.339265,-7.81279,1.34766,-0.748961,0.0880498,-0.0796105,0.35004,-8.0009,1.07098,-0.672385,0.155951,-0.0824684,0.345728,-7.96982,0.810878,-0.588552,0.216988,-0.0813569,0.36647,-7.84853,0.534621,-0.486774,0.240374,-0.0691849,0.301847,-7.91584,0.364297,-0.470226,0.265211,-0.0672664,0.0790584,-5.51887,0.275017,-0.127598,-0.242135,-0.109688,0.407813,-7.89441,0.31701,-0.448992,0.235186,-0.0855999
pineapple_cup_5,0.450056,-7.18027,1.93364,-0.921723,-0.0140284,-0.0649047,0.3674,-7.22535,1.87737,-0.93457,-0.00558997,-0.0819815,0.404256,-7.50821,1.65112,-0.841478,0.0224788,-0.0505269,0.350832,-7.87727,1.40837,-0.782421,0.0909166,-0.0643446,0.429496,-7.96963,1.12869,-0.657527,0.14695,-0.0561438,0.354304,-8.06053,0.793965,-0.607674,0.18884,-0.037581,0.359016,-8.1206,0.593455,-0.527894,0.234968,-0.0530908,0.348096,-8.20171,0.295908,-0.423276,0.282133,-0.0540357,0.22224,-5.78913,0.0546787,-0.0587741,-0.171627,-0.206521,0.346166,-8.31473,0.384386,-0.473186,0.283547,-0.0789633
yellow_butter_cooking_spray_1,0.529324,-7.1304,1.91408,-0.918249,0.0136381,-0.0534541,0.442653,-7.13624,1.88963,-0.930226,0.0218627,-0.0474584,0.415049,-6.99731,1.79627,-0.891141,0.0111496,-0.013618,0.422621,-7.46813,1.621,-0.821078,0.0446756,-0.0462842,0.46266,-7.71334,1.34638,-0.703572,0.131796,-0.0129205,0.38822,-7.89188,1.08092,-0.634868,0.18096,-0.0593994,0.428603,-7.91082,0.945167,-0.582363,0.204014,-0.0595531,0.465086,-7.9348,0.697475,-0.523622,0.227459,-0.0518276,0.4688,-7.82552,0.438541,-0.490303,0.233684,0.00505146,0.320395,-3.81224,0.330578,0.483199,-0.802305,-0.133036
yellow_butter_cooking_spray_2,0.344993,-7.21398,1.97415,-0.96381,-0.0375019,-0.0724566,0.335842,-6.91101,1.88192,-0.938508,-0.0132199,-0.0687847,0.416399,-7.24511,1.76721,-0.895095,-0.0133162,-0.0850056,0.2759,-7.6378,1.4645,-0.797694,0.0641927,-0.0779208,0.331701,-7.85223,1.19916,-0.673524,0.157128,-0.0703776,0.335911,-7.90987,0.943782,-0.589923,0.197193,-0.0877635,0.352198,-8.04615,0.666932,-0.548636,0.231354,-0.102907,0.314522,-6.60562,0.411046,-0.173409,-0.0747265,-0.102282,0.286784,-5.70398,0.331647,-0.00403083,-0.270841,-0.135562,0.288097,-8.07121,0.428965,-0.506375,0.272491,-0.0885875
yellow_butter_cooking_spray_3,0.358823,-7.45975,1.65616,-0.849527,0.034667,-0.0562863,0.339283,-7.2906,0.596577,-0.387143,0.0576647,-0.0819767,0.377309,-8.16991,0.551506,-0.528178,0.244551,-0.0926141,0.384298,-8.17569,0.553116,-0.521409,0.270214,-0.0876025,0.384029,-8.17723,0.553415,-0.521802,0.271307,-0.0876748,0.384029,-8.17723,0.553415,-0.521802,0.271307,-0.0876748,0.384029,-8.17723,0.553415,-0.521802,0.271307,-0.0876748,0.0112344,-3.70464,3.06441,-1.07509,-0.224661,-0.0960702,-0.0966666,-2.3481,3.83623,-1.24558,-0.371271,-0.100725,-0.0935053,-2.34813,3.8418,-1.24143,-0.368276,-0.0989467
yellow_butter_cooking_spray_4,0.3465,-7.39107,1.63686,-0.838826,0.0447665,-0.0768134,0.323208,-7.26015,0.524071,-0.362535,0.0602093,-0.120338,0.353107,-8.09653,0.520249,-0.514871,0.253312,-0.0925078,0.424969,-8.17262,0.575788,-0.508441,0.230361,-0.0994039,0.424969,-8.17262,0.575788,-0.508441,0.230361,-0.0994039,0.424969,-8.17262,0.575788,-0.508441,0.230361,-0.0994039,0.424969,-8.17262,0.575788,-0.508441,0.230361,-0.0994039,-0.0208022,-3.29505,3.31027,-1.14865,-0.277203,-0.101049,-0.109896,-2.30922,3.85349,-1.27124,-0.379699,-0.0996271,-0.107351,-2.31718,3.86241,-1.27282,-0.380221,-0.103729
yellow_butter_cooking_spray_5,0.408332,-7.1952,1.94578,-0.929702,-0.011805,-0.0609383,0.403025,-7.1925,1.88807,-0.937383,-0.0102102,-0.076923,0.395273,-7.31932,1.78632,-0.916602,8.51283e-05,-0.0358082,0.396646,-7.77553,1.48724,-0.789384,0.082736,-0.0759699,0.371647,-8.0318,1.28192,-0.725735,0.114425,-0.073449,0.400735,-8.07106,0.956953,-0.611085,0.185544,-0.0733744,0.403029,-8.0514,0.656943,-0.548537,0.236876,-0.0658197,0.271504,-6.80506,0.514575,-0.307222,-0.0171765,-0.0866949,0.43884,-5.49793,0.43374,0.0460565,-0.351612,-0.134908,0.317398,-8.23335,0.564793,-0.546979,0.260277,-0.0743121
zinc_pill_jar_1,0.479282,-7.18499,1.92414,-0.947267,-0.0052939,-0.0469118,0.483352,-7.21685,1.92056,-0.944546,-0.00213934,-0.0349958,0.460894,-7.73359,1.53335,-0.794238,0.0685942,0.00630955,0.39253,-8.0315,1.1792,-0.684738,0.175452,-0.0419432,0.472811,-7.98809,0.784259,-0.568917,0.226615,-0.0287714,0.394907,-7.97045,0.48131,-0.500566,0.271696,-0.00805205,0.415522,-8.20416,0.314655,-0.456416,0.296212,-0.0348707,0.433996,-8.46728,0.24814,-0.419628,0.312658,-0.044501,0.551721,-8.66728,0.404922,-0.438387,0.31358,-0.0531068,0.350819,-6.10752,0.434085,0.0514924,-0.201768,-0.0819074
zinc_pill_jar_2,0.359082,-7.16943,1.91788,-0.937501,-0.0051464,-0.0650222,0.290095,-7.18697,1.72447,-0.898617,0.0194123,-0.0653811,0.333155,-7.72727,1.40644,-0.767235,0.0968502,-0.0502423,0.379162,-7.91365,1.06963,-0.634184,0.185045,-0.0552744,0.37446,-8.03177,0.688383,-0.578913,0.212765,-0.0822985,0.390987,-8.17972,0.433816,-0.53308,0.240091,-0.0630436,0.376893,-8.3479,0.285953,-0.466263,0.289489,-0.076395,0.355298,-8.31863,0.385687,-0.438306,0.290915,-0.0798072,0.223644,-6.46947,0.41575,-0.0195463,-0.0662109,-0.0972165,0.317877,-8.30972,0.48806,-0.416729,0.287966,-0.0808501
zinc_pill_jar_3,0.375594,-7.22002,1.95665,-0.961277,-0.021179,-0.0737119,0.346067,-7.19753,1.82481,-0.918003,-0.0223934,-0.0696798,0.351904,-7.75849,1.4297,-0.753014,0.0845148,-0.0594377,0.330682,-8.03559,1.1022,-0.660728,0.15411,-0.085458,0.337335,-8.00436,0.721367,-0.565373,0.221144,-0.0564611,0.377698,-8.00005,0.442484,-0.483948,0.262464,-0.053038,0.455983,-8.1652,0.281533,-0.464251,0.276296,-0.0657235,0.35462,-8.46073,0.47549,-0.464507,0.273365,-0.0832821,0.227889,-6.39609,0.454675,0.0121674,-0.116485,-0.101318,0.364566,-8.28265,0.423021,-0.391546,0.289391,-0.0860712
zinc_pill_jar_4,0.457045,-7.16937,1.96114,-0.936381,-0.0328908,-0.0768625,0.344456,-7.25597,1.76246,-0.877178,0.0137405,-0.0617158,0.356307,-7.75263,1.43495,-0.769833,0.094575,-0.0363284,0.402504,-8.02656,1.09342,-0.64508,0.175419,-0.0689758,0.381998,-8.00166,0.667229,-0.539829,0.232174,-0.0765233,0.304072,-8.13023,0.433738,-0.474068,0.282449,-0.0726748,0.32491,-8.20261,0.254676,-0.408651,0.305159,-0.0653336,0.258024,-8.08335,0.275146,-0.366433,0.308231,-0.0831168,0.209682,-6.05047,0.413988,0.02306,-0.201004,-0.145616,0.320194,-8.33088,0.457298,-0.418416,0.298629,-0.0702451
zinc_pill_jar_5,0.428258,-7.11667,1.89059,-0.924721,-0.00732652,-0.0730385,0.384745,-6.94238,1.82106,-0.885455,-0.0162257,-0.0486663,0.320532,-7.67985,1.53755,-0.81597,0.0641361,-0.0594972,0.311762,-7.99302,1.17168,-0.677302,0.142811,-0.0725472,0.33866,-7.80154,0.763988,-0.563392,0.21915,-0.046915,0.412117,-7.97105,0.494451,-0.478481,0.255359,-0.0407833,0.386883,-8.08119,0.284591,-0.458117,0.271148,-0.0597848,0.3633,-8.27352,0.263238,-0.424877,0.302693,-0.0629819,0.393619,-8.59038,0.528043,-0.459105,0.311743,-0.08968,0.227767,-6.00104,0.508644,-0.0154536,-0.230386,-0.1291
Pink_crayon_bank_1,0.398777,-6.71148,1.5713,-0.651373,-0.0598322,-0.0512648,0.44359,-7.82797,1.38606,-0.760148,0.118808,-0.0608867,0.425039,-7.91641,1.4354,-0.766159,0.106967,-0.0647161,0.414413,-7.92027,1.44687,-0.766982,0.102389,-0.0682583,0.414413,-7.92027,1.44687,-0.766982,0.102389,-0.0682583,0.414413,-7.92027,1.44687,-0.766982,0.102389,-0.0682583,0.3179,-6.60264,2.04066,-0.887532,-0.00781172,-0.0671101,0.00911962,-2.42976,3.88145,-1.25352,-0.354286,-0.067943,0.0181145,-2.41808,3.88574,-1.25186,-0.355609,-0.0679208,0.00550636,-2.41235,3.87833,-1.24935,-0.35484,-0.0685021
Pink_crayon_bank_2,0.323566,-6.60164,1.44011,-0.577159,-0.0429621,-0.0705332,0.343498,-7.74901,1.42057,-0.756574,0.107442,-0.0927149,0.376222,-7.80355,1.39663,-0.746244,0.115392,-0.0939722,0.376222,-7.80355,1.39663,-0.746244,0.115392,-0.0939722,0.376222,-7.80355,1.39663,-0.746244,0.115392,-0.0939722,0.208913,-5.94766,2.24949,-0.924213,-0.0501758,-0.0950269,-0.109602,-2.34686,3.85925,-1.2594,-0.366256,-0.0942521,-0.106729,-2.3485,3.85466,-1.25965,-0.366969,-0.099467,-0.100262,-2.3456,3.86249,-1.26117,-0.365799,-0.0982477,-0.10115,-2.34668,3.8635,-1.26334,-0.370531,-0.0975415
Pink_crayon_bank_3,0.392867,-7.34593,1.77147,-0.879767,0.00602886,-0.0625894,0.297245,-6.85723,1.15674,-0.404031,-0.0022974,-0.0704365,0.36055,-7.9113,1.41564,-0.762931,0.0950949,-0.0887786,0.337415,-7.92028,1.41456,-0.788111,0.0905444,-0.0886209,0.337829,-7.91942,1.41438,-0.789168,0.0905319,-0.08846,0.337829,-7.91942,1.41438,-0.789168,0.0905319,-0.08846,0.337829,-7.91942,1.41438,-0.789168,0.0905319,-0.08846,0.337829,-7.91942,1.41438,-0.789168,0.0905319,-0.08846,0.337829,-7.91942,1.41438,-0.789168,0.0905319,-0.08846,-0.0651588,-2.6147,3.73945,-1.22849,-0.345789,-0.0941797
Pink_crayon_bank_4,0.300091,-6.69321,1.51136,-0.606612,-0.0529161,-0.0641018,0.340914,-7.87115,1.40541,-0.760097,0.0960377,-0.0902017,0.344626,-7.9131,1.41068,-0.773329,0.0896766,-0.0891948,0.33845,-7.9227,1.39606,-0.771788,0.0889952,-0.085878,0.33845,-7.9227,1.39606,-0.771788,0.0889952,-0.085878,0.33845,-7.9227,1.39606,-0.771788,0.0889952,-0.085878,0.279652,-7.143,1.73402,-0.836114,0.0255978,-0.0893,-0.0921944,-2.31236,3.862,-1.25436,-0.374928,-0.100932,-0.0956728,-2.3221,3.85565,-1.25358,-0.369401,-0.0979959,-0.09967,-2.33181,3.86327,-1.25488,-0.371601,-0.103561
Pink_crayon_bank_5,0.342661,-6.71751,1.52781,-0.605093,-0.0368325,-0.050026,0.38329,-7.9228,1.44324,-0.784681,0.0918146,-0.0864826,0.40165,-7.95435,1.46159,-0.770716,0.0945998,-0.0809709,0.419242,-7.96665,1.47313,-0.764121,0.0895597,-0.0813157,0.419242,-7.96665,1.47313,-0.764121,0.0895597,-0.0813157,0.419242,-7.96665,1.47313,-0.764121,0.0895597,-0.0813157,0.373723,-7.38623,1.71884,-0.812584,0.0406896,-0.0820784,-0.0738236,-2.33298,3.8736,-1.25977,-0.374968,-0.0958632,-0.0755433,-2.32619,3.87625,-1.25942,-0.371103,-0.0896557,-0.07462,-2.3337,3.88362,-1.26055,-0.372248,-0.0906248
big_open_metal_jar_1,0.413621,-7.34907,1.89866,-0.936845,0.0167476,-0.0475355,0.434327,-7.16089,1.85309,-0.912361,0.0153109,-0.0362173,0.412803,-7.65622,1.68903,-0.867322,0.0443141,-0.0123487,0.470443,-7.99538,1.33234,-0.722172,0.146414,-0.0458349,0.437438,-8.05406,1.05939,-0.679892,0.160896,-0.0225609,0.504267,-8.16807,0.815971,-0.612003,0.211487,-0.0168197,0.489862,-8.09029,0.612179,-0.502872,0.267095,-0.0176464,0.511809,-8.45851,0.434301,-0.528544,0.266167,-0.025753,0.403517,-5.59136,-0.00847729,0.0972294,-0.340297,-0.219693,0.443651,-8.30408,0.355868,-0.463456,0.294805,-0.0503279
big_open_metal_jar_2,0.361223,-7.36323,1.61564,-0.842732,0.0451298,-0.0588396,0.356293,-8.05125,0.609119,-0.543543,0.237324,-0.0594694,0.314385,-7.54657,0.171623,-0.299374,0.127032,-0.133124,0.360556,-8.27208,0.282935,-0.459648,0.290587,-0.0771213,0.365472,-8.24825,0.31734,-0.461604,0.295884,-0.0727227,0.365472,-8.24825,0.31734,-0.461604,0.295884,-0.0727227,0.365472,-8.24825,0.31734,-0.461604,0.295884,-0.0727227,-0.0492318,-2.97459,3.49482,-1.17713,-0.301691,-0.0974128,-0.102463,-2.36276,3.86168,-1.26337,-0.367606,-0.0991504,-0.0946248,-2.36253,3.86877,-1.25631,-0.37172,-0.0972495
big_open_metal_jar_3,0.398966,-7.03886,1.89586,-0.916006,0.000308004,-0.0701552,0.373072,-6.94722,1.77397,-0.87754,0.00166815,-0.0744795,0.361764,-7.51372,1.55383,-0.789503,0.062005,-0.0509115,0.295791,-7.83409,1.29288,-0.69793,0.123692,-0.0978057,0.408703,-7.92432,0.947261,-0.588428,0.195017,-0.0285978,0.325474,-7.87896,0.674026,-0.535178,0.208742,-0.046542,0.402964,-7.99233,0.429249,-0.457979,0.261614,-0.0424084,0.442562,-7.96227,0.225804,-0.411038,0.282766,-0.0542815,0.257592,-4.60363,-0.14036,0.151368,-0.614964,-0.409712,0.363634,-8.20202,0.171965,-0.427746,0.29236,-0.0797561
big_open_metal_jar_4,0.438544,-7.02076,1.86293,-0.927855,-0.0319242,-0.073453,0.370306,-7.00345,1.86978,-0.908503,-0.00833559,-0.0679877,0.368924,-7.45912,1.53438,-0.798941,0.0636345,-0.0538459,0.339883,-7.86812,1.26785,-0.698526,0.123721,-0.0545178,0.297573,-7.86387,1.003,-0.613356,0.186739,-0.057758,0.412844,-7.95449,0.652988,-0.497095,0.2343,-0.0529668,0.400927,-8.00336,0.370299,-0.427395,0.27797,-0.0671154,0.386938,-8.14967,0.189784,-0.444126,0.29984,-0.0554876,0.387799,-4.30536,0.218964,0.0548199,-0.46508,-0.24515,0.400498,-8.29205,0.372414,-0.473368,0.279245,-0.0786245
big_open_metal_jar_5,0.390268,-7.15737,1.93385,-0.986279,-0.0265828,-0.0646439,0.363278,-6.97242,1.84256,-0.906708,0.00817284,-0.0422151,0.388829,-7.4705,1.62959,-0.849344,0.0299391,-0.0877941,0.404931,-7.87553,1.29495,-0.732638,0.105137,-0.060738,0.337609,-7.88665,1.07425,-0.630828,0.186161,-0.027931,0.336285,-7.90333,0.74288,-0.530021,0.235915,-0.0516406,0.391204,-8.04107,0.492886,-0.509502,0.235982,-0.0390778,0.467804,-8.21961,0.342735,-0.482285,0.28529,-0.0507382,0.497824,-7.08978,0.448547,-0.37062,-0.0331749,-0.103772,0.44249,-8.134,0.215393,-0.41892,0.295681,-0.0640499
red_folders_coffee_jar_1,0.526437,-7.36038,1.95409,-0.946295,0.0094349,-0.0338291,0.506825,-7.17205,1.82539,-0.890633,0.013105,-0.0474722,0.461598,-7.43574,1.63582,-0.812244,0.0812186,-0.0317403,0.475532,-7.85458,1.32041,-0.714895,0.151708,-0.0363387,0.489988,-8.06217,1.02537,-0.641186,0.170654,-0.0235977,0.422287,-7.97404,0.720258,-0.563949,0.240363,-0.0145942,0.450493,-8.04839,0.49798,-0.504302,0.267332,-0.0531351,0.430215,-8.11726,0.266838,-0.449995,0.315537,-0.0458657,0.349925,-6.36007,-0.0353863,-0.031854,-0.043729,-0.184613,0.410467,-7.20859,0.109141,-0.185801,0.0561129,-0.156376
red_folders_coffee_jar_2,0.393773,-7.17731,1.92467,-0.953474,-0.018504,-0.0731197,0.370079,-7.13847,1.89244,-0.928349,-0.0121108,-0.069974,0.348521,-7.49205,1.62484,-0.845903,0.0370317,-0.0329969,0.363526,-7.82793,1.32823,-0.721336,0.126175,-0.0469009,0.415879,-7.79422,1.0072,-0.618987,0.178304,-0.0812645,0.382593,-8.03386,0.705382,-0.563755,0.213021,-0.0623776,0.337156,-7.91228,0.496809,-0.485341,0.248358,-0.0482286,0.340675,-8.09489,0.26919,-0.442695,0.285837,-0.0639615,0.106672,-4.946,-0.231062,0.243591,-0.460869,-0.387747,0.436253,-7.78978,0.182565,-0.342104,0.18153,-0.11827
red_folders_coffee_jar_3,0.365003,-7.64986,1.38169,-0.756454,0.0867727,-0.0555738,0.36878,-7.85724,0.255222,-0.391861,0.186551,-0.0957114,0.406268,-8.33017,0.200379,-0.430158,0.309655,-0.0782787,0.406816,-8.33776,0.194283,-0.430227,0.312518,-0.0792131,0.206822,-5.82828,1.7476,-0.774966,0.0252519,-0.0834996,-0.0821965,-2.37216,3.86074,-1.24905,-0.364387,-0.0954405,-0.0838203,-2.38302,3.86955,-1.2454,-0.367509,-0.0917462,-0.0838472,-2.37112,3.86256,-1.2487,-0.36743,-0.0953873,-0.0780117,-2.38035,3.85934,-1.24869,-0.366498,-0.0972279,-0.0828678,-2.383,3.86131,-1.24767,-0.367417,-0.0922747
red_folders_coffee_jar_4,0.355644,-7.53169,1.63908,-0.844803,0.0537849,-0.0625684,0.307922,-7.47894,0.476284,-0.39986,0.0965282,-0.124184,0.36807,-8.20618,0.238457,-0.428227,0.259806,-0.0906,0.381815,-8.35055,0.286718,-0.434984,0.287288,-0.0756922,0.384894,-8.3539,0.30016,-0.429176,0.286121,-0.0763714,0.384894,-8.3539,0.30016,-0.429176,0.286121,-0.0763714,0.180799,-5.83723,1.79242,-0.774434,0.0145565,-0.081227,-0.096204,-2.35507,3.87911,-1.25721,-0.370917,-0.0955809,-0.0870072,-2.3535,3.87049,-1.25349,-0.367545,-0.0940015,-0.082059,-2.34848,3.88072,-1.25636,-0.368047,-0.0917907
red_folders_coffee_jar_5,0.412317,-7.23159,1.96596,-0.967566,-0.0228224,-0.0617618,0.426051,-7.14038,1.85863,-0.919772,-0.0189323,-0.0740176,0.39785,-7.58484,1.61513,-0.847839,0.0415982,-0.0668027,0.3954,-7.92062,1.31685,-0.737885,0.114949,-0.019866,0.462996,-7.92559,0.92715,-0.596339,0.181748,-0.0605239,0.343051,-7.96204,0.660022,-0.54155,0.231042,-0.0789904,0.360785,-8.15181,0.505652,-0.496244,0.254367,-0.0623594,0.4223,-8.18742,0.331439,-0.447158,0.283981,-0.0650144,0.346949,-4.35244,-0.268664,0.366247,-0.721314,-0.453493,0.427175,-8.38649,0.281129,-0.491839,0.300906,-0.0745406
campbells_noodle_soup_1,0.490723,-7.52018,1.64809,-0.834245,0.0634096,-0.0404757,0.447719,-8.0863,0.57231,-0.519986,0.261853,-0.0430631,0.423885,-7.80638,0.254289,-0.302486,0.165319,-0.0901635,0.492748,-8.57199,0.349886,-0.448604,0.30503,-0.0431374,0.495292,-8.56681,0.396853,-0.449962,0.293619,-0.0403234,0.495292,-8.56681,0.396853,-0.449962,0.293619,-0.0403234,0.495292,-8.56681,0.396853,-0.449962,0.293619,-0.0403234,0.0813392,-3.07486,3.52867,-1.17051,-0.289428,-0.0686774,0.0332508,-2.47961,3.88428,-1.25209,-0.350939,-0.0688979,0.0362356,-2.46453,3.88281,-1.2476,-0.353778,-0.0702556
campbells_noodle_soup_2,0.383607,-7.21246,1.94253,-0.952155,-0.0103208,-0.0807887,0.334444,-6.99529,1.83172,-0.925857,-0.0127615,-0.0786348,0.383653,-7.43669,1.66913,-0.869449,0.0292574,-0.0553942,0.355997,-7.78072,1.29999,-0.741918,0.101313,-0.0742597,0.334945,-7.91731,0.982145,-0.627043,0.18596,-0.0764023,0.302452,-8.01159,0.709412,-0.54185,0.23435,-0.0650258,0.344063,-8.09785,0.47738,-0.520454,0.254993,-0.0426808,0.382685,-8.06848,0.286431,-0.450264,0.285657,-0.0475057,0.330262,-8.02339,0.135889,-0.407979,0.306231,-0.066101,0.216602,-5.29986,-0.0287255,0.219762,-0.363327,-0.239821
campbells_noodle_soup_3,0.410079,-7.20738,1.91508,-0.92293,-0.00526998,-0.0563759,0.346899,-7.22158,1.85978,-0.950027,-0.00818001,-0.0361409,0.379188,-7.53743,1.5527,-0.787359,0.0677098,-0.0656802,0.391873,-7.8498,1.27691,-0.698817,0.140927,-0.0537773,0.31971,-7.98272,1.01689,-0.646389,0.155871,-0.0559452,0.333852,-7.92735,0.71082,-0.53846,0.223278,-0.071202,0.369123,-8.2578,0.4756,-0.505665,0.267246,-0.0457793,0.492073,-8.21034,0.326229,-0.491046,0.253957,-0.0480577,0.467821,-8.4874,0.309633,-0.433369,0.302768,-0.064847,0.2014,-5.15869,-0.160671,0.244648,-0.331119,-0.292865
campbells_noodle_soup_4,0.406427,-7.32575,1.9115,-0.951107,-1.06075e-05,-0.0671106,0.336635,-7.22073,1.81499,-0.912196,0.00262162,-0.0699418,0.38299,-7.57568,1.53766,-0.782787,0.0762794,-0.0726761,0.35148,-7.83432,1.21235,-0.691996,0.136979,-0.0356624,0.336981,-8.11617,0.926853,-0.623582,0.178234,-0.0793832,0.367214,-8.01743,0.565432,-0.524516,0.226489,-0.0727303,0.373363,-8.14432,0.396449,-0.475635,0.277263,-0.0675485,0.40563,-8.31308,0.361116,-0.443603,0.298789,-0.0569219,0.345214,-5.91909,0.0856294,0.04534,-0.238279,-0.234134,0.357351,-8.39102,0.329641,-0.449781,0.293451,-0.0645754
campbells_noodle_soup_5,0.419991,-7.31478,1.92184,-0.951153,-0.0128025,-0.058921,0.412664,-7.17278,1.83805,-0.906613,-0.00706279,-0.0564686,0.440249,-7.54014,1.6071,-0.820727,0.0621519,-0.0578079,0.413313,-7.8963,1.34304,-0.743781,0.10151,-0.0405747,0.384184,-8.08053,1.15814,-0.6963,0.149177,-0.071417,0.377394,-8.13457,0.791054,-0.557745,0.219779,-0.0426984,0.444133,-8.02133,0.500586,-0.513803,0.262274,-0.0660388,0.380258,-8.06893,0.320141,-0.451844,0.278906,-0.0570679,0.411672,-8.38257,0.348237,-0.448979,0.284978,-0.0484459,0.291885,-5.12635,-0.0626126,0.236236,-0.451808,-0.371573
wide_open_metal_can_1,0.544551,-7.2438,1.96386,-0.964859,-0.0190232,-0.0423443,0.492969,-7.19835,1.82094,-0.900899,0.00839809,-0.022652,0.432769,-7.68424,1.5728,-0.8309,0.0752988,-0.0447104,0.471668,-7.89983,1.33635,-0.728565,0.14747,-0.0344947,0.454363,-8.11022,1.08544,-0.643459,0.194363,-0.0259381,0.523885,-8.02384,0.684525,-0.551048,0.244283,-0.0493061,0.472721,-8.13224,0.522604,-0.520893,0.266204,-0.0438789,0.449671,-8.18095,0.387649,-0.446112,0.294198,-0.031113,0.451192,-8.48369,0.320798,-0.414916,0.310743,-0.0280991,0.429796,-5.83469,0.398444,-0.16089,-0.151508,-0.120416
wide_open_metal_can_2,0.384612,-7.22584,1.87645,-0.934907,-0.0048408,-0.0703129,0.398331,-7.17884,1.84528,-0.937411,-0.0221747,-0.06566,0.356261,-7.59285,1.55231,-0.827182,0.0749107,-0.0609653,0.385439,-7.98176,1.24456,-0.685093,0.136125,-0.0379563,0.317784,-8.03674,0.95022,-0.629613,0.182972,-0.0337216,0.375377,-8.06842,0.649987,-0.554544,0.222109,-0.0906102,0.361533,-8.14572,0.390485,-0.511046,0.275174,-0.0534129,0.389604,-8.4454,0.315005,-0.465288,0.29069,-0.063043,0.350902,-6.33715,0.485408,-0.254844,-0.182472,-0.150283,0.33978,-8.27095,0.335962,-0.421234,0.309334,-0.0582039
wide_open_metal_can_3,0.463516,-7.06865,1.91694,-0.926188,-0.0153268,-0.054392,0.36204,-7.08282,1.81916,-0.904474,-0.000318547,-0.055858,0.390263,-7.48637,1.58125,-0.812154,0.0456556,-0.0693616,0.347314,-8.01525,1.30046,-0.706274,0.130965,-0.0906049,0.384208,-7.89338,0.968858,-0.602721,0.17667,-0.0178884,0.333338,-7.99387,0.675453,-0.530987,0.228012,-0.0573664,0.415399,-7.94584,0.37737,-0.445161,0.246376,-0.0684545,0.425618,-8.11176,0.256559,-0.407363,0.28004,-0.0578866,0.485387,-8.32198,0.197703,-0.407299,0.302356,-0.0618277,0.167106,-5.00652,0.388526,-0.101692,-0.239845,-0.14955
wide_open_metal_can_4,0.430773,-7.12892,1.88676,-0.935388,-0.00948862,-0.0725818,0.398229,-6.9972,1.86114,-0.917051,-0.0249497,-0.0575293,0.366629,-7.53312,1.63039,-0.831364,0.0484485,-0.0480244,0.401033,-7.90056,1.27448,-0.693215,0.127575,-0.058902,0.38277,-7.97694,1.01762,-0.645398,0.170887,-0.0550326,0.386257,-8.10691,0.698377,-0.557763,0.228677,-0.0382771,0.414785,-8.09934,0.453789,-0.481864,0.264102,-0.0501296,0.347151,-7.96777,0.240933,-0.414519,0.293677,-0.0595992,0.502419,-8.27241,0.290868,-0.420948,0.295387,-0.0620775,0.118511,-5.42472,0.360871,-0.188902,-0.226289,-0.120802
wide_open_metal_can_5,0.467128,-7.25901,1.91488,-0.922039,-0.00231838,-0.0682127,0.391626,-7.32731,1.88744,-0.951292,-0.00722939,-0.044757,0.434285,-7.8431,1.56081,-0.836221,0.0650868,-0.0438101,0.379038,-8.068,1.21014,-0.677533,0.159958,-0.0626472,0.393453,-8.19783,0.897829,-0.635621,0.186998,-0.0414775,0.461826,-7.97283,0.562264,-0.515509,0.261962,-0.0438859,0.376928,-8.13589,0.300635,-0.460096,0.291181,-0.0619453,0.331512,-8.23492,0.339531,-0.448221,0.28679,-0.0526811,0.321595,-6.07561,0.476954,-0.17015,-0.15141,-0.119335,0.492153,-8.60814,0.500209,-0.478809,0.308621,-0.057537
wet_ones_container_1,0.48124,-7.45625,1.67265,-0.850624,0.0555558,-0.0419324,0.41203,-7.38448,0.574655,-0.400052,0.0923935,-0.0718111,0.506647,-8.13849,0.394504,-0.459207,0.255123,-0.0670065,0.490603,-8.33639,0.370899,-0.492292,0.302048,-0.0753908,0.489556,-8.34011,0.360759,-0.48675,0.310845,-0.091433,0.489556,-8.34011,0.360759,-0.48675,0.310845,-0.091433,0.489556,-8.34011,0.360759,-0.48675,0.310845,-0.091433,0.425134,-7.5043,0.859231,-0.594912,0.214842,-0.088763,0.0449666,-2.48215,3.88551,-1.25822,-0.359271,-0.067467,0.0448161,-2.47666,3.89181,-1.25956,-0.356441,-0.0612312
wet_ones_container_2,0.396925,-7.16478,1.90294,-0.938466,-0.00639067,-0.0717976,0.376299,-6.97772,1.84293,-0.909404,-0.00811631,-0.0747672,0.391099,-7.17808,1.745,-0.878846,0.000657389,-0.0310065,0.352694,-7.80554,1.4731,-0.777187,0.125787,-0.0469524,0.38453,-7.74184,1.12352,-0.634304,0.158336,-0.078764,0.391611,-7.84429,0.969982,-0.598691,0.171266,-0.0794572,0.330334,-8.19134,0.664343,-0.562272,0.241935,-0.0444318,0.371653,-7.95786,0.430603,-0.490772,0.262272,-0.0785138,0.205365,-6.02985,0.029758,-0.0572332,-0.159587,-0.202175,0.347727,-6.42713,0.160102,-0.120469,-0.204835,-0.216845
wet_ones_container_3,0.391149,-7.34785,1.72519,-0.857771,0.0273376,-0.0617841,0.4248,-8.02458,0.724833,-0.552338,0.216099,-0.051284,0.370628,-7.41313,0.215953,-0.316266,0.1065,-0.140899,0.406278,-8.12476,0.310868,-0.455958,0.291726,-0.0754332,0.428713,-8.12661,0.335902,-0.460895,0.286411,-0.0814117,0.428713,-8.12661,0.335902,-0.460895,0.286411,-0.0814117,0.428713,-8.12661,0.335902,-0.460895,0.286411,-0.0814117,0.428713,-8.12661,0.335902,-0.460895,0.286411,-0.0814117,0.177805,-5.25992,2.08981,-0.85211,-0.0398697,-0.0828528,-0.0667268,-2.40448,3.86412,-1.24842,-0.369263,-0.0899572
wet_ones_container_4,0.395261,-7.63552,1.58271,-0.825342,0.0650848,-0.055132,0.343405,-7.53555,0.429783,-0.400994,0.11811,-0.114355,0.404277,-8.26704,0.380653,-0.492764,0.276472,-0.0830277,0.406916,-8.2956,0.377828,-0.499678,0.263639,-0.0911636,0.406916,-8.2956,0.377828,-0.499678,0.263639,-0.0911636,0.406916,-8.2956,0.377828,-0.499678,0.263639,-0.0911636,0.00637706,-3.36347,3.29858,-1.13051,-0.269843,-0.0931742,-0.0808382,-2.38163,3.87204,-1.25787,-0.373089,-0.0889853,-0.0817351,-2.37359,3.86979,-1.25612,-0.372035,-0.0890808,-0.0785822,-2.37913,3.86678,-1.25677,-0.368849,-0.0885983
wet_ones_container_5,0.457855,-7.23673,2.00157,-0.981583,-0.0135311,-0.0610256,0.388433,-7.04368,1.86408,-0.913695,-0.00126037,-0.0465554,0.414489,-7.25351,1.66499,-0.829888,0.0457849,-0.0548597,0.415455,-7.83164,1.46517,-0.743945,0.111664,-0.0190149,0.351046,-8.10646,1.27826,-0.733991,0.125857,-0.0684593,0.412524,-8.08571,1.02358,-0.635603,0.187284,-0.0303535,0.437552,-8.12871,0.700627,-0.554203,0.244657,-0.0541664,0.471762,-7.99402,0.419656,-0.481025,0.254395,-0.0501251,0.208051,-6.39479,0.031105,-0.07229,-0.119175,-0.204427,0.363522,-6.51918,0.1284,-0.140866,-0.114187,-0.236306
tall_blue_pringles_1,0.48022,-7.42612,1.47787,-0.742219,0.0558595,-0.039632,0.478103,-7.73961,0.800759,-0.501473,0.152774,-0.0774227,0.491178,-8.18597,0.843975,-0.59615,0.221053,-0.0651314,0.489119,-8.19666,0.833219,-0.592204,0.219349,-0.0666002,0.489119,-8.19666,0.833219,-0.592204,0.219349,-0.0666002,0.38802,-6.92398,1.50885,-0.73877,0.089954,-0.0677199,0.038328,-2.48161,3.87524,-1.25088,-0.356757,-0.0706912,0.0510384,-2.48214,3.8886,-1.25434,-0.355709,-0.0699917,0.0439447,-2.47377,3.88266,-1.25419,-0.359114,-0.0702289,0.0409584,-2.47752,3.88121,-1.25583,-0.352688,-0.0678627
tall_blue_pringles_2,0.352508,-7.3901,1.7441,-0.890721,0.027176,-0.061523,0.372929,-7.01586,0.808211,-0.351214,0.0113539,-0.117868,0.376769,-8.17919,0.969219,-0.644215,0.195426,-0.080761,0.390533,-8.2299,1.01325,-0.639069,0.196509,-0.0837199,0.389986,-8.23689,1.01781,-0.639604,0.19638,-0.0839448,0.389986,-8.23689,1.01781,-0.639604,0.19638,-0.0839448,0.389986,-8.23689,1.01781,-0.639604,0.19638,-0.0839448,0.389986,-8.23689,1.01781,-0.639604,0.19638,-0.0839448,-0.0521665,-2.84024,3.64123,-1.21632,-0.325385,-0.0884599,-0.0809953,-2.40454,3.8759,-1.26528,-0.367755,-0.0903722
tall_blue_pringles_3,0.420205,-7.353,1.95634,-0.945666,-0.00478342,-0.0579501,0.384196,-7.28899,1.89812,-0.948488,-0.00228945,-0.0707115,0.405526,-7.09831,1.81787,-0.894806,-3.34375e-05,-0.0769354,0.505353,-7.39499,1.75577,-0.868542,0.0058635,-0.0314736,0.419239,-7.63621,1.60254,-0.837789,0.0529611,-0.0456468,0.406107,-7.97076,1.57268,-0.835122,0.0650395,-0.0191852,0.341892,-8.12998,1.37193,-0.760754,0.1152,-0.0646018,0.355631,-8.11027,1.13366,-0.678968,0.143102,-0.066591,0.346571,-7.95756,1.03032,-0.65204,0.147253,-0.0460993,0.172823,-2.23213,-0.449911,0.921749,-0.747702,-0.480074
tall_blue_pringles_4,0.39844,-7.4675,1.71414,-0.87422,0.0332969,-0.0564157,0.348877,-7.33634,0.718977,-0.379877,0.0604766,-0.135798,0.401682,-8.17003,0.908412,-0.61298,0.202514,-0.0723729,0.42598,-8.19181,0.895881,-0.628722,0.184509,-0.0628023,0.42598,-8.19181,0.895881,-0.628722,0.184509,-0.0628023,0.42598,-8.19181,0.895881,-0.628722,0.184509,-0.0628023,0.42598,-8.19181,0.895881,-0.628722,0.184509,-0.0628023,0.42598,-8.19181,0.895881,-0.628722,0.184509,-0.0628023,-0.0557383,-2.3782,3.87865,-1.25955,-0.371912,-0.090046,-0.0583921,-2.39642,3.88139,-1.25585,-0.363303,-0.0923239
tall_blue_pringles_5,0.418807,-7.14885,1.93898,-0.941324,-0.00105723,-0.0485665,0.387569,-7.27851,1.94886,-0.966196,0.00926191,-0.0591783,0.387282,-7.04578,1.86962,-0.927539,-0.00198318,-0.0268854,0.443793,-7.18813,1.79684,-0.839444,0.0308748,-0.0709522,0.383694,-7.55475,1.48111,-0.784078,0.101626,-0.0426507,0.421993,-7.81099,1.51065,-0.784226,0.0716998,-0.0338941,0.435289,-7.9793,1.1874,-0.690213,0.138004,-0.0152523,0.369688,-8.12981,1.06703,-0.665219,0.192674,-0.0374904,0.228874,-6.03814,0.447834,-0.0842057,-0.258188,-0.293531,0.176289,-4.06117,0.00556025,0.338411,-0.69271,-0.519661
green_allergy_pill_jar_1,0.516791,-7.26953,1.8823,-0.92828,0.00491455,-0.047532,0.420733,-7.3199,1.77456,-0.901279,0.0218359,-0.0427898,0.458472,-7.90539,1.40002,-0.752516,0.110467,-0.0496111,0.475866,-7.9508,1.02306,-0.640298,0.1903,-0.045567,0.492853,-8.06237,0.702161,-0.536655,0.2496,-0.0199504,0.46296,-8.12693,0.32511,-0.438848,0.320026,-0.0352156,0.479465,-8.30788,0.239059,-0.404087,0.309091,-0.0254504,0.483773,-8.58614,0.334537,-0.399764,0.346187,-0.049545,0.458775,-7.32851,0.550232,-0.174428,0.050524,-0.081135,0.439249,-7.76845,0.41246,-0.245554,0.207986,-0.0502802
green_allergy_pill_jar_2,0.420138,-7.12111,1.8943,-0.943974,-0.00867093,-0.0556792,0.35442,-7.10184,1.69106,-0.863407,0.0214496,-0.0561732,0.314819,-7.73008,1.30214,-0.729451,0.128198,-0.0497454,0.390798,-7.99717,0.965163,-0.600566,0.201262,-0.00540154,0.395244,-7.91867,0.574396,-0.527723,0.252786,-0.0634045,0.360297,-8.14466,0.269432,-0.451294,0.282915,-0.0494641,0.403368,-8.35933,0.12866,-0.408655,0.321589,-0.0578376,0.414869,-8.50752,0.385747,-0.424073,0.309788,-0.0711799,0.274207,-6.33602,0.386791,0.00105044,-0.126827,-0.0890823,0.350334,-8.40845,0.46874,-0.420776,0.304687,-0.0518576
green_allergy_pill_jar_3,0.452219,-7.10152,1.85082,-0.895349,0.00655843,-0.0540932,0.373817,-7.1257,1.71683,-0.842695,0.0199741,-0.0478531,0.362061,-7.77774,1.3555,-0.717296,0.116958,-0.0565375,0.425093,-7.9121,0.99347,-0.610601,0.179459,-0.0558101,0.397616,-7.94902,0.606529,-0.515817,0.245774,-0.0393785,0.39071,-8.16805,0.381011,-0.47293,0.292081,-0.0383955,0.383826,-8.22962,0.209147,-0.404815,0.299934,-0.04763,0.453373,-8.37805,0.412205,-0.414529,0.295532,-0.0602075,0.263326,-6.4888,0.462274,-0.0680849,-0.154872,-0.143186,0.421241,-8.3445,0.410517,-0.385471,0.31401,-0.0547963
green_allergy_pill_jar_4,0.440589,-7.20815,1.90341,-0.94107,-0.0163621,-0.0597953,0.392409,-7.22783,1.81701,-0.900514,0.00485979,-0.0683844,0.380417,-7.88771,1.3964,-0.75059,0.116163,-0.0555342,0.436198,-7.94935,1.04489,-0.637111,0.177831,-0.0400559,0.44031,-8.11277,0.688893,-0.556204,0.233182,-0.0857012,0.385138,-8.13736,0.40051,-0.518714,0.265806,-0.0601921,0.36352,-8.24432,0.320407,-0.424729,0.289357,-0.0647501,0.334228,-8.57199,0.441571,-0.420404,0.306832,-0.0678069,0.216505,-6.39607,0.480886,0.00278889,-0.103395,-0.100669,0.382833,-8.44963,0.528821,-0.417146,0.313472,-0.0608913
green_allergy_pill_jar_5,0.464645,-7.40412,1.95307,-0.948381,-0.0133779,-0.0519067,0.415062,-7.31428,1.76046,-0.879575,0.0112379,-0.0481315,0.466949,-7.99511,1.51752,-0.812388,0.0876203,-0.0330287,0.482993,-8.06918,1.08608,-0.649567,0.167888,-0.0406781,0.386738,-8.04917,0.671286,-0.547174,0.232333,-0.0384184,0.393999,-8.16281,0.425246,-0.463036,0.287138,-0.0471094,0.410865,-8.48666,0.439047,-0.503026,0.279324,-0.065771,0.496763,-8.65613,0.595431,-0.49398,0.287048,-0.0557707,0.324744,-6.87037,0.531471,-0.080264,-0.0307697,-0.0865661,0.447092,-8.37071,0.526868,-0.428963,0.300901,-0.0407299
big_orange_bug_repellent_1,0.521172,-7.32383,1.94933,-0.96617,0.00107165,-0.0306539,0.461761,-7.19834,1.86504,-0.924886,0.0150024,-0.0238132,0.495956,-7.37196,1.70629,-0.869056,0.034619,-0.0111761,0.424747,-7.64749,1.43676,-0.737278,0.109964,-0.0299932,0.456106,-8.13188,1.26115,-0.708057,0.142108,-0.0683736,0.43104,-8.22203,1.04694,-0.655591,0.208117,-0.0449734,0.468664,-8.0824,0.673951,-0.545483,0.234968,-0.0272357,0.516196,-8.29236,0.51289,-0.479841,0.272145,-0.010502,0.339163,-5.6018,0.328645,-0.049166,-0.321832,-0.0508064,0.509773,-7.50673,0.384238,-0.351675,0.0922925,-0.0496482
big_orange_bug_repellent_2,0.51763,-7.24646,1.94746,-0.953557,-0.0165204,-0.0587719,0.406202,-7.14695,1.86104,-0.924964,0.0016418,-0.0598398,0.354005,-7.53132,1.71883,-0.917211,0.0446466,-0.069391,0.399554,-7.80947,1.47245,-0.80515,0.0837823,-0.00233234,0.372763,-7.94844,1.28312,-0.729685,0.132357,-0.0618842,0.386024,-8.08108,1.03893,-0.658544,0.174283,-0.0457705,0.331348,-8.00025,0.768243,-0.598206,0.206554,-0.051782,0.349567,-7.93944,0.56071,-0.513746,0.248392,-0.0251166,0.394341,-8.01193,0.326405,-0.44668,0.276605,-0.0679268,0.0696207,-4.74418,0.290074,0.178179,-0.465427,0.0161836
big_orange_bug_repellent_3,0.398626,-7.4358,1.67409,-0.840819,0.040422,-0.0525833,0.393409,-7.45264,0.607893,-0.393604,0.124188,-0.0700091,0.38752,-8.1022,0.405916,-0.44912,0.259438,-0.078598,0.418179,-8.27253,0.419623,-0.491698,0.284957,-0.0763047,0.437236,-8.28012,0.408162,-0.501204,0.285248,-0.0818148,0.437236,-8.28012,0.408162,-0.501204,0.285248,-0.0818148,0.437236,-8.28012,0.408162,-0.501204,0.285248,-0.0818148,0.437236,-8.28012,0.408162,-0.501204,0.285248,-0.0818148,0.0144036,-3.08489,3.4754,-1.18671,-0.300609,-0.0834746,-0.0496747,-2.43705,3.85876,-1.26974,-0.370771,-0.0846585
big_orange_bug_repellent_4,0.464777,-7.20325,1.93854,-0.943854,-0.0105374,-0.0477458,0.409143,-7.03657,1.87202,-0.916703,-0.000940772,-0.0522667,0.369446,-7.32496,1.66576,-0.861057,0.0288733,-0.0471293,0.448247,-7.70591,1.46232,-0.738497,0.0982022,-0.0415625,0.386233,-7.98163,1.19888,-0.724765,0.127895,-0.0539927,0.410453,-8.10601,0.911734,-0.615631,0.213483,-0.0345757,0.391692,-7.96314,0.621412,-0.511569,0.238869,-0.0508121,0.336088,-8.00522,0.438982,-0.490484,0.26599,-0.0552498,0.265896,-4.58332,0.326738,0.21029,-0.543974,-0.0477662,0.562844,-8.0663,0.385841,-0.462143,0.239857,-0.0819721
big_orange_bug_repellent_5,0.429019,-7.42038,1.76065,-0.878753,0.0246423,-0.0487684,0.432208,-8.03678,0.855612,-0.574577,0.211891,-0.0352831,0.430319,-7.36686,0.401471,-0.31544,0.0661537,-0.0595711,0.41802,-8.24931,0.366089,-0.481984,0.285182,-0.0670396,0.455,-8.22961,0.335009,-0.469819,0.296915,-0.0511287,0.455,-8.22961,0.335009,-0.469819,0.296915,-0.0511287,0.455,-8.22961,0.335009,-0.469819,0.296915,-0.0511287,0.455,-8.22961,0.335009,-0.469819,0.296915,-0.0511287,0.455,-8.22961,0.335009,-0.469819,0.296915,-0.0511287,0.0239586,-3.13027,3.45198,-1.16022,-0.284449,-0.0803462
coffee_mate_container_1,0.441798,-7.54466,1.70489,-0.862424,0.0356504,-0.0363102,0.38121,-7.34259,0.612241,-0.38859,0.0916784,-0.0856527,0.438072,-8.2585,0.52878,-0.511462,0.272281,-0.067278,0.453926,-8.25673,0.516927,-0.504511,0.273533,-0.0609616,0.461668,-8.25905,0.516,-0.499923,0.272819,-0.0585037,0.461668,-8.25905,0.516,-0.499923,0.272819,-0.0585037,0.461668,-8.25905,0.516,-0.499923,0.272819,-0.0585037,0.461668,-8.25905,0.516,-0.499923,0.272819,-0.0585037,-0.0174345,-2.44808,3.87591,-1.24895,-0.360437,-0.0767861,-0.0123445,-2.46819,3.86533,-1.24149,-0.361896,-0.0760422
coffee_mate_container_2,0.474178,-7.11416,1.88389,-0.943179,-0.0206286,-0.0678075,0.363915,-7.02166,1.86066,-0.927044,-0.0111605,-0.0755499,0.305545,-6.9374,1.7909,-0.909527,-0.0153365,-0.060314,0.255012,-7.51772,1.6601,-0.856026,0.0317097,-0.0254527,0.375446,-7.63544,1.37004,-0.712299,0.116997,-0.0298869,0.351097,-7.93105,1.13142,-0.656921,0.160709,-0.0678341,0.311425,-7.96675,0.953808,-0.62391,0.185575,-0.053198,0.349733,-7.9746,0.721598,-0.508318,0.236054,-0.0568921,0.345002,-7.95332,0.512685,-0.480281,0.276726,-0.10618,0.145899,-3.34843,0.169882,0.373992,-0.782827,-0.232079
coffee_mate_container_3,0.474629,-7.28312,1.95738,-0.92726,-0.00249867,-0.0429573,0.435003,-7.14962,1.88073,-0.922206,0.00267199,-0.0484845,0.374734,-7.40674,1.70375,-0.869125,0.0351244,-0.0493046,0.403,-7.55617,1.38172,-0.698505,0.105198,-0.0491153,0.399012,-7.80599,1.21697,-0.673624,0.150664,-0.0233281,0.41967,-8.09304,1.08947,-0.624667,0.20522,-0.0209038,0.373959,-8.13314,0.727941,-0.52958,0.22602,-0.06794,0.422058,-8.05901,0.47839,-0.534602,0.247187,-0.0626569,0.289488,-4.34005,-0.0571842,0.328892,-0.475684,-0.233099,0.432879,-8.13438,0.559913,-0.523543,0.26117,-0.0668455
coffee_mate_container_4,0.426845,-7.23506,1.89294,-0.944165,-0.00213535,-0.0648732,0.366934,-7.15653,1.83687,-0.914475,-0.00475011,-0.0862733,0.353744,-7.4012,1.73826,-0.867498,0.0216119,-0.0718684,0.38685,-7.82025,1.48034,-0.747252,0.0925274,-0.0522036,0.329451,-7.89573,1.21833,-0.685289,0.124386,-0.0801931,0.393994,-7.99898,0.900279,-0.636883,0.181346,-0.0649087,0.320534,-8.04178,0.755419,-0.546581,0.21968,-0.0562442,0.36593,-8.25991,0.569928,-0.503088,0.252941,-0.0926865,0.263759,-4.75618,-0.00923,0.279884,-0.374836,-0.187051,0.355483,-8.13676,0.57248,-0.53624,0.251014,-0.0755936
coffee_mate_container_5,0.452458,-7.2154,1.94428,-0.9525,-0.021201,-0.0637923,0.432815,-7.11806,1.85917,-0.910367,-0.000751253,-0.0634653,0.380472,-7.43509,1.81224,-0.926878,-0.0175658,-0.0529515,0.37441,-7.87531,1.46171,-0.76008,0.0984705,-0.017382,0.401483,-7.86914,1.16132,-0.673033,0.148901,-0.0293344,0.392435,-8.10072,1.01138,-0.615807,0.207455,-0.0358914,0.343148,-8.17477,0.716672,-0.558737,0.23487,-0.0412203,0.327512,-7.5635,0.415274,-0.381753,0.168558,-0.0556336,0.410867,-4.46958,-0.0484497,0.341228,-0.478274,-0.270947,0.480273,-8.12702,0.494088,-0.504111,0.256902,-0.0702336
green_oeange_water_bottle_1,0.481037,-7.18952,1.94707,-0.963726,-0.00490748,-0.0526571,0.411816,-7.2435,1.90902,-0.936968,0.00523303,-0.0536269,0.459213,-7.07158,1.75487,-0.835653,0.0163382,-0.0459863,0.428802,-7.65724,1.67458,-0.8483,0.03584,-0.0398791,0.357289,-7.80961,1.3577,-0.721338,0.119324,-0.0496586,0.480993,-7.80033,1.16432,-0.643994,0.139132,-0.0829016,0.405257,-7.98005,0.984529,-0.602731,0.18299,-0.0797972,0.364975,-7.9858,0.684704,-0.534716,0.232828,-0.0467336,0.506201,-8.08081,0.543083,-0.484876,0.277184,-0.0906353,0.206725,-4.46607,0.36961,0.249104,-0.531061,0.00986974
green_oeange_water_bottle_2,0.408596,-7.22219,1.88898,-0.936133,-0.0182459,-0.0747082,0.386449,-7.07475,1.8577,-0.920431,-0.0114502,-0.0840493,0.420985,-7.36197,1.75727,-0.883287,-0.00065105,-0.0580238,0.328705,-7.61606,1.43865,-0.771475,0.0833106,-0.0690165,0.388544,-7.91568,1.2493,-0.706578,0.149897,-0.0743535,0.352772,-7.93469,1.04507,-0.618319,0.184124,-0.0552594,0.403283,-8.00977,0.878633,-0.586552,0.204566,-0.0460693,0.431824,-8.03923,0.592402,-0.524156,0.231065,-0.0828476,0.291085,-5.04622,0.435766,0.126228,-0.431349,-0.0201112,0.442442,-7.97416,0.542564,-0.506396,0.259288,-0.0937561
green_oeange_water_bottle_3,0.477448,-7.15299,1.95455,-0.959091,-0.0141169,-0.0581983,0.411021,-7.01167,1.84134,-0.906507,0.00459261,-0.0429863,0.411539,-7.25205,1.69062,-0.840291,0.0577424,-0.0439161,0.430995,-7.64801,1.49176,-0.771756,0.0902838,-0.0185567,0.397853,-8.08472,1.24421,-0.730748,0.134275,-0.071484,0.493024,-7.88025,0.869314,-0.554971,0.212303,-0.0376535,0.42854,-8.11205,0.729587,-0.556549,0.223674,-0.0411214,0.367314,-6.89359,0.397076,-0.244346,0.0806363,-0.0722497,0.441683,-5.65924,0.418351,-0.0116703,-0.171585,-0.082017,0.419907,-8.15574,0.505186,-0.49507,0.295727,-0.058989
green_oeange_water_bottle_4,0.403189,-7.32961,1.94858,-0.934118,-0.0099173,-0.0686116,0.377818,-7.14767,1.90691,-0.928089,-0.00884903,-0.0537829,0.354999,-7.39431,1.67253,-0.855948,0.0272978,-0.0626679,0.390627,-7.73343,1.51211,-0.789686,0.0804968,-0.0556884,0.377367,-7.936,1.21271,-0.689575,0.122977,-0.0666384,0.379553,-8.13209,0.971642,-0.636116,0.180326,-0.0584187,0.34857,-8.0643,0.759209,-0.568122,0.198529,-0.0302217,0.43623,-7.94551,0.602905,-0.50229,0.223654,-0.0179023,0.167041,-4.67219,0.407796,0.2081,-0.463385,0.0177487,0.368645,-8.31048,0.594374,-0.542634,0.257886,-0.0918991
green_oeange_water_bottle_5,0.410552,-7.47245,1.66578,-0.837552,0.0496805,-0.0510192,0.355934,-7.48646,0.623642,-0.416605,0.0871223,-0.0624103,0.435009,-8.20028,0.491092,-0.511522,0.272915,-0.0712194,0.449589,-8.2452,0.501763,-0.506528,0.285112,-0.0669306,0.449589,-8.2452,0.501763,-0.506528,0.285112,-0.0669306,0.449589,-8.2452,0.501763,-0.506528,0.285112,-0.0669306,0.449589,-8.2452,0.501763,-0.506528,0.285112,-0.0669306,0.0472555,-3.56911,3.20633,-1.11037,-0.237449,-0.0836472,-0.0583478,-2.38985,3.89871,-1.25965,-0.368904,-0.0848933,-0.0397042,-2.39053,3.89052,-1.26045,-0.366823,-0.0855815
blue_red_avengers_water_bottle_full_1,0.437997,-7.43609,1.72853,-0.855488,0.0382766,-0.0417521,0.365417,-7.6012,0.710316,-0.459394,0.143582,-0.0150306,0.444817,-7.81682,0.42187,-0.385913,0.202819,-0.0537333,0.455424,-8.24266,0.424954,-0.483305,0.287325,-0.0627606,0.470321,-8.25472,0.408364,-0.483245,0.287373,-0.0695967,0.470321,-8.25472,0.408364,-0.483245,0.287373,-0.0695967,0.470321,-8.25472,0.408364,-0.483245,0.287373,-0.0695967,0.470321,-8.25472,0.408364,-0.483245,0.287373,-0.0695967,0.22124,-5.12427,2.27018,-0.890327,-0.0629947,-0.0717239,0.00260024,-2.47195,3.8841,-1.24408,-0.365686,-0.0771759
blue_red_avengers_water_bottle_full_2,0.385611,-7.37649,1.65631,-0.844405,0.0377886,-0.0687326,0.313515,-7.30631,0.631717,-0.381948,0.111064,-0.0301124,0.386278,-8.16418,0.446872,-0.498602,0.270503,-0.0789839,0.393703,-8.1859,0.476361,-0.503217,0.264289,-0.0793375,0.401214,-8.18146,0.491717,-0.503767,0.260304,-0.0759267,0.401214,-8.18146,0.491717,-0.503767,0.260304,-0.0759267,0.401214,-8.18146,0.491717,-0.503767,0.260304,-0.0759267,0.401214,-8.18146,0.491717,-0.503767,0.260304,-0.0759267,-0.0398688,-3.01311,3.47258,-1.19011,-0.2977,-0.0893751,-0.0821085,-2.37695,3.85013,-1.28132,-0.3753,-0.0970131
blue_red_avengers_water_bottle_full_3,0.423904,-7.35985,1.70716,-0.84261,0.0506436,-0.0492551,0.331727,-7.14701,0.612563,-0.329757,0.0780513,-0.0268226,0.499549,-8.11225,0.498376,-0.4918,0.272727,-0.0590599,0.449147,-8.2299,0.512155,-0.503662,0.294059,-0.0630807,0.465129,-8.23089,0.49935,-0.514683,0.305517,-0.0632108,0.465129,-8.23089,0.49935,-0.514683,0.305517,-0.0632108,0.465129,-8.23089,0.49935,-0.514683,0.305517,-0.0632108,0.465129,-8.23089,0.49935,-0.514683,0.305517,-0.0632108,0.179542,-4.84177,2.44246,-0.950879,-0.0773222,-0.0700317,-0.0198612,-2.3848,3.88893,-1.2693,-0.363926,-0.0744706
blue_red_avengers_water_bottle_full_4,0.366372,-7.26213,1.97743,-0.952444,-0.00584872,-0.0831089,0.413591,-7.00848,1.8718,-0.905218,-0.0169596,-0.0615199,0.388166,-7.41351,1.7015,-0.844404,0.0195414,-0.0685663,0.372449,-7.89737,1.51984,-0.800214,0.0721416,-0.0635263,0.332121,-7.98631,1.18406,-0.675605,0.144207,-0.0640387,0.355978,-8.0409,0.912469,-0.583648,0.204619,-0.0429739,0.396101,-8.07914,0.650827,-0.529062,0.23949,-0.0410555,0.379581,-8.10632,0.468517,-0.503226,0.260655,-0.0517028,0.163751,-4.79221,0.383712,0.181574,-0.436771,0.00384461,0.414491,-7.85148,0.422216,-0.495486,0.245504,-0.0713892
blue_red_avengers_water_bottle_full_5,0.48127,-7.24562,1.88295,-0.921504,-0.0189387,-0.0475921,0.398298,-7.17393,1.88714,-0.917942,-0.0133209,-0.0504276,0.368698,-7.39496,1.74974,-0.907719,0.0109907,-0.0465513,0.443813,-7.81025,1.5443,-0.826872,0.062796,-0.0364897,0.447986,-7.96891,1.34501,-0.727557,0.117278,-0.0618787,0.382339,-8.03902,0.992798,-0.662361,0.158955,-0.0296461,0.466601,-8.16975,0.778811,-0.560668,0.239533,-0.0273373,0.437684,-8.26381,0.559869,-0.487432,0.247966,-0.029041,0.151526,-5.0903,0.342093,0.185656,-0.400128,0.00796037,0.42752,-7.62125,0.385779,-0.364173,0.197294,-0.066984
yellow_lysol_wipes_container_1,0.515524,-7.34938,2.02049,-0.978055,-0.024544,-0.0535162,0.431666,-7.31571,1.88554,-0.927509,0.00894001,-0.0516795,0.438864,-7.15928,1.80041,-0.882348,0.0190988,0.00240298,0.409665,-7.61823,1.62044,-0.825148,0.0555741,-0.0314974,0.353371,-7.92609,1.44266,-0.769469,0.101494,-0.0216169,0.44489,-7.98107,1.14294,-0.618305,0.160361,-0.0521761,0.50479,-8.04375,0.860667,-0.565528,0.203732,-0.0318166,0.495996,-8.17436,0.809995,-0.552642,0.221407,-0.0168251,0.392498,-7.02818,0.316689,-0.20736,-0.0186936,-0.131064,0.386549,-5.20693,0.0724102,0.15017,-0.34212,-0.285111
yellow_lysol_wipes_container_2,0.458904,-7.27651,1.99034,-0.984757,-0.0274072,-0.07323,0.37256,-7.21193,1.89256,-0.940729,-0.00651597,-0.0689954,0.402887,-7.08898,1.78675,-0.89092,-0.00621539,-0.026915,0.392135,-7.34296,1.63068,-0.849393,0.0464858,-0.0420885,0.411327,-7.77133,1.47154,-0.787159,0.0984977,-0.0435634,0.305254,-7.73312,1.1669,-0.655966,0.128182,-0.079421,0.324932,-8.09969,1.06819,-0.639252,0.184715,-0.0801902,0.298464,-8.00052,0.851384,-0.64357,0.183597,-0.0406071,0.358338,-7.89955,0.607237,-0.495658,0.15862,-0.0994202,0.230189,-3.7962,0.0459915,0.426144,-0.731542,-0.327821
yellow_lysol_wipes_container_3,0.439909,-7.52799,1.59717,-0.823297,0.0658762,-0.0391278,0.392382,-7.4861,0.543684,-0.393994,0.0966442,-0.122979,0.452669,-8.14478,0.582535,-0.528079,0.246206,-0.0575981,0.455855,-8.15248,0.570261,-0.531624,0.240059,-0.0490013,0.455855,-8.15248,0.570261,-0.531624,0.240059,-0.0490013,0.455855,-8.15248,0.570261,-0.531624,0.240059,-0.0490013,0.204634,-5.17331,2.26856,-0.898062,-0.0681566,-0.0623658,-0.0262509,-2.39257,3.89424,-1.24675,-0.357523,-0.0754847,-0.0236632,-2.39915,3.89515,-1.24902,-0.358741,-0.0743116,-0.0186253,-2.38441,3.88692,-1.24592,-0.357887,-0.0758451
yellow_lysol_wipes_container_4,0.457451,-7.19134,1.9605,-0.951704,-0.0308454,-0.0593335,0.430726,-7.1973,1.93808,-0.92842,-0.0165276,-0.0637055,0.431013,-7.07618,1.83118,-0.88574,-0.0117821,-0.0513786,0.384048,-7.58751,1.64793,-0.844378,0.0669846,-0.053766,0.401574,-7.80872,1.41046,-0.761346,0.104383,-0.0233601,0.421736,-7.91874,1.22197,-0.617916,0.171965,-0.0525869,0.328252,-8.05682,0.9197,-0.613699,0.202992,-0.0588101,0.372476,-7.93375,0.796963,-0.590729,0.219044,-0.0413323,0.199205,-6.12359,0.184162,-0.050993,-0.129777,-0.248645,0.434686,-5.83282,0.0862588,0.0786548,-0.237655,-0.311236
yellow_lysol_wipes_container_5,0.498733,-7.32221,2.0186,-0.964735,-0.0170634,-0.0472015,0.406056,-7.29077,1.92086,-0.952641,0.0122085,-0.0619128,0.434319,-7.11197,1.73448,-0.861259,0.00732915,-0.0267569,0.367536,-7.69088,1.61795,-0.824355,0.0739368,-0.0227703,0.439871,-8.01295,1.41536,-0.735857,0.0936279,-0.0562528,0.382494,-8.18011,1.21712,-0.69963,0.166507,-0.0723584,0.410954,-8.00157,0.963844,-0.612479,0.19628,-0.0662913,0.434734,-8.0404,0.770727,-0.584034,0.212481,-0.0496319,0.319667,-6.73119,0.296329,-0.172614,-0.086855,-0.162913,0.333982,-5.74705,0.151449,-0.0707536,-0.248221,-0.298313
pink_noodle_h5_1,0.444297,-7.56424,1.70077,-0.868025,0.0400562,-0.0413131,0.425567,-7.48777,0.816285,-0.416967,0.10329,-0.056742,0.443604,-8.09638,0.861408,-0.605503,0.213136,-0.0576629,0.461894,-8.07106,0.853707,-0.612348,0.218882,-0.0513688,0.461894,-8.07106,0.853707,-0.612348,0.218882,-0.0513688,0.461894,-8.07106,0.853707,-0.612348,0.218882,-0.0513688,0.461894,-8.07106,0.853707,-0.612348,0.218882,-0.0513688,0.156816,-4.46158,2.79586,-1.01535,-0.150735,-0.0692999,0.00377399,-2.48837,3.87557,-1.24337,-0.358601,-0.0819107,0.0110709,-2.48261,3.88297,-1.24598,-0.362033,-0.0755369
pink_noodle_h5_2,0.386897,-7.36516,1.73184,-0.89083,0.025495,-0.0603366,0.366666,-7.41337,0.863302,-0.437129,0.0752404,-0.0804755,0.372472,-8.039,0.846459,-0.60959,0.205231,-0.0756485,0.35424,-8.04565,0.839792,-0.602858,0.217117,-0.0839608,0.354536,-8.04319,0.839333,-0.602081,0.217562,-0.0845007,0.354536,-8.04319,0.839333,-0.602081,0.217562,-0.0845007,0.354536,-8.04319,0.839333,-0.602081,0.217562,-0.0845007,0.354536,-8.04319,0.839333,-0.602081,0.217562,-0.0845007,-0.0579205,-2.61406,3.76458,-1.23812,-0.345891,-0.0972445,-0.0863558,-2.39146,3.85926,-1.25939,-0.364346,-0.0892588
pink_noodle_h5_3,0.46352,-7.45872,1.73591,-0.869405,0.0362176,-0.044205,0.449236,-7.47222,0.879466,-0.446691,0.0882471,-0.0770041,0.447712,-8.16939,0.896085,-0.614418,0.211518,-0.0612894,0.458837,-8.12449,0.859956,-0.609529,0.202723,-0.0501107,0.458837,-8.12449,0.859956,-0.609529,0.202723,-0.0501107,0.458837,-8.12449,0.859956,-0.609529,0.202723,-0.0501107,0.458837,-8.12449,0.859956,-0.609529,0.202723,-0.0501107,0.444602,-7.90566,0.978667,-0.633913,0.180704,-0.0513485,-0.0216305,-2.40953,3.88741,-1.24726,-0.361927,-0.0752476,-0.0179892,-2.40261,3.88263,-1.24541,-0.36253,-0.0741299
pink_noodle_h5_4,0.414852,-7.39204,1.73734,-0.858244,0.0235023,-0.0410592,0.429067,-7.40756,0.851937,-0.439173,0.0495728,-0.0836883,0.378825,-8.09995,0.867838,-0.605851,0.196823,-0.0759334,0.383407,-8.11173,0.848119,-0.614672,0.193557,-0.0739776,0.385846,-8.11168,0.845201,-0.617025,0.193115,-0.072655,0.385846,-8.11168,0.845201,-0.617025,0.193115,-0.072655,0.385846,-8.11168,0.845201,-0.617025,0.193115,-0.072655,0.385846,-8.11168,0.845201,-0.617025,0.193115,-0.072655,0.0743879,-4.21801,2.89974,-1.04517,-0.18863,-0.0835725,-0.0711481,-2.3753,3.87931,-1.25697,-0.372835,-0.0912287
pink_noodle_h5_5,0.421979,-7.43173,1.92668,-0.956908,-0.00768128,-0.0515057,0.364345,-7.44566,1.94505,-0.96108,0.00103126,-0.066451,0.40536,-7.02149,1.87141,-0.903411,-0.0117215,-0.0423935,0.513491,-7.39915,1.7469,-0.866639,0.0272941,-0.0350629,0.429536,-7.80252,1.64063,-0.840118,0.0636444,-0.0616681,0.45256,-7.8116,1.4998,-0.785087,0.0819002,-0.0495522,0.388242,-8.0837,1.17528,-0.67717,0.141504,-0.0566268,0.46507,-7.94423,1.09478,-0.630421,0.178365,-0.0110264,0.542053,-6.81165,0.798305,-0.241805,-0.112925,-0.101372,0.577512,-4.97595,0.448778,0.284373,-0.441655,-0.17172
white_water_bottle_full_1,0.455293,-7.40547,1.70827,-0.865321,0.0374522,-0.0474702,0.423959,-7.40183,0.684688,-0.377281,0.137757,-0.0245808,0.434254,-7.1547,0.487918,-0.22365,0.161379,0.00979203,0.41305,-7.17177,0.482158,-0.222519,0.147021,0.00463879,0.408043,-7.17683,0.482054,-0.222619,0.145767,0.0049528,0.408043,-7.17683,0.482054,-0.222619,0.145767,0.0049528,0.408043,-7.17683,0.482054,-0.222619,0.145767,0.0049528,0.408043,-7.17683,0.482054,-0.222619,0.145767,0.0049528,0.0685696,-3.1952,3.35525,-1.08304,-0.282794,-0.0652852,0.00624383,-2.48095,3.88245,-1.24143,-0.358509,-0.0784115
white_water_bottle_full_2,0.400642,-7.46744,1.65013,-0.836879,0.0489619,-0.0534883,0.341756,-7.06277,0.626505,-0.250077,0.106581,0.0210672,0.403871,-6.92959,0.555782,-0.181637,0.127719,0.0563837,0.380205,-6.94067,0.500581,-0.188892,0.12321,0.0631624,0.380205,-6.94067,0.500581,-0.188892,0.12321,0.0631624,0.380205,-6.94067,0.500581,-0.188892,0.12321,0.0631624,0.380205,-6.94067,0.500581,-0.188892,0.12321,0.0631624,-0.0512479,-2.5598,3.75035,-1.22179,-0.346804,-0.0871631,-0.0676925,-2.40061,3.86142,-1.262,-0.365919,-0.0928118,-0.0727883,-2.40271,3.86749,-1.26244,-0.369113,-0.0893447
white_water_bottle_full_3,0.462802,-7.28005,1.92264,-0.945886,0.00194806,-0.0492638,0.44359,-7.15289,1.88287,-0.903346,0.00912335,-0.0302753,0.436259,-7.51267,1.77002,-0.89144,0.0156954,-0.0298152,0.439363,-7.76607,1.56043,-0.824908,0.0752878,-0.0404757,0.455276,-7.95695,1.25257,-0.688783,0.149972,-0.0709116,0.454613,-7.95175,1.04229,-0.621736,0.166788,-0.0181946,0.462511,-8.23322,0.775624,-0.587897,0.201541,-0.0663591,0.336245,-6.05776,0.425572,-0.0317872,-0.0152334,0.0366941,0.357243,-6.28148,0.553354,-0.0473472,0.0541376,0.122296,0.320261,-6.96505,0.48813,-0.197791,0.149954,0.0300909
white_water_bottle_full_4,0.427297,-7.5113,1.6827,-0.853291,0.0346701,-0.0656463,0.421956,-7.27521,0.798249,-0.393197,0.0326095,-0.0590672,0.409507,-8.26761,0.814888,-0.594665,0.220647,-0.0738244,0.397445,-8.29724,0.793238,-0.585352,0.21628,-0.0882061,0.397445,-8.29724,0.793238,-0.585352,0.21628,-0.0882061,0.397445,-8.29724,0.793238,-0.585352,0.21628,-0.0882061,0.397445,-8.29724,0.793238,-0.585352,0.21628,-0.0882061,0.168471,-5.34032,2.34071,-0.926759,-0.0799583,-0.0864706,-0.0497733,-2.39007,3.87732,-1.26695,-0.367706,-0.0893223,-0.058918,-2.40859,3.87902,-1.26257,-0.373913,-0.0859598
white_water_bottle_full_5,0.456443,-7.36803,1.79967,-0.899289,0.0221563,-0.040896,0.409882,-7.33955,0.969369,-0.463227,0.0535701,-0.0352315,0.463272,-7.99495,0.744122,-0.508447,0.194971,-0.0625693,0.44563,-8.27346,0.760964,-0.582781,0.226088,-0.0711861,0.506069,-8.27607,0.763493,-0.591195,0.210025,-0.0862591,0.506069,-8.27607,0.763493,-0.591195,0.210025,-0.0862591,0.506069,-8.27607,0.763493,-0.591195,0.210025,-0.0862591,0.506069,-8.27607,0.763493,-0.591195,0.210025,-0.0862591,0.506069,-8.27607,0.763493,-0.591195,0.210025,-0.0862591,0.315702,-6.13042,1.89979,-0.830139,0.00225768,-0.0875439
plastic_jar_with_beans_1,0.49235,-7.3386,1.95683,-0.92542,-0.00514371,-0.0487286,0.478159,-7.28367,1.91425,-0.926103,-0.00343995,-0.0467645,0.387733,-7.55056,1.75892,-0.896243,0.0407742,-0.0386508,0.466767,-7.79028,1.53035,-0.807877,0.0580556,-0.0430519,0.436082,-8.176,1.35263,-0.762562,0.113519,-0.0210987,0.47484,-8.04927,0.977678,-0.601516,0.19363,-0.0196715,0.462908,-8.24532,0.784934,-0.597425,0.219209,-0.0421027,0.462106,-8.12788,0.557926,-0.53168,0.255306,-0.0633721,0.391059,-5.03814,0.0312461,0.205676,-0.386469,-0.212156,0.478761,-8.17422,0.552624,-0.51548,0.250776,-0.0680729
plastic_jar_with_beans_2,0.386016,-7.48794,1.62014,-0.840765,0.0521455,-0.0606831,0.421583,-7.42676,0.462658,-0.364812,0.109772,-0.120971,0.402382,-8.14715,0.48182,-0.508273,0.262675,-0.0736017,0.427147,-8.06885,0.487598,-0.518924,0.263865,-0.0852327,0.428074,-8.0663,0.489033,-0.519133,0.263327,-0.0852838,0.428074,-8.0663,0.489033,-0.519133,0.263327,-0.0852838,0.428074,-8.0663,0.489033,-0.519133,0.263327,-0.0852838,-0.0115561,-2.9731,3.55646,-1.19031,-0.309464,-0.0883925,-0.0600675,-2.41157,3.87655,-1.26311,-0.368381,-0.0867532,-0.0655373,-2.4031,3.87761,-1.26332,-0.369004,-0.0908235
plastic_jar_with_beans_3,0.456843,-7.53825,1.71654,-0.86505,0.0383655,-0.0416978,0.464315,-7.31146,0.640418,-0.371078,0.0438669,-0.0974218,0.4638,-8.25609,0.554561,-0.526483,0.267712,-0.0668733,0.468644,-8.27742,0.574867,-0.530903,0.292683,-0.0709941,0.473097,-8.27752,0.588918,-0.534589,0.303292,-0.069961,0.473097,-8.27752,0.588918,-0.534589,0.303292,-0.069961,0.473097,-8.27752,0.588918,-0.534589,0.303292,-0.069961,0.473097,-8.27752,0.588918,-0.534589,0.303292,-0.069961,-0.00697926,-2.60708,3.76183,-1.23379,-0.33961,-0.0732572,-0.0177558,-2.40912,3.88512,-1.26153,-0.365233,-0.0739424
plastic_jar_with_beans_4,0.481921,-7.27471,1.99174,-0.9705,-0.0179771,-0.0601566,0.424675,-7.13357,1.88651,-0.920034,-0.00484686,-0.0488109,0.381242,-7.54881,1.77279,-0.907446,-0.000168383,-0.0624744,0.407784,-7.75164,1.44358,-0.761526,0.103897,-0.0334014,0.397713,-7.84586,1.22877,-0.68407,0.146236,-0.069293,0.385395,-8.15358,1.01681,-0.63479,0.177189,-0.0418298,0.348435,-8.18013,0.741845,-0.554207,0.211657,-0.0180556,0.388929,-8.09242,0.565417,-0.51159,0.234398,-0.0239293,0.199375,-4.68438,0.0644648,0.289099,-0.565524,-0.208239,0.464466,-8.19492,0.50453,-0.518548,0.257824,-0.0736216
plastic_jar_with_beans_5,0.495472,-7.25715,1.91382,-0.946695,-0.0139556,-0.0538371,0.409847,-7.17767,1.84122,-0.913167,-0.00268439,-0.0490713,0.432522,-7.50959,1.72487,-0.881879,0.0281554,-0.0344145,0.440529,-7.83153,1.48229,-0.763039,0.0801421,-0.0522929,0.46161,-8.05013,1.27138,-0.708228,0.133152,-0.0449728,0.424327,-8.11894,1.02531,-0.633547,0.165532,-0.0458905,0.418123,-8.12377,0.71485,-0.567243,0.219824,-0.0270459,0.366033,-7.84163,0.484755,-0.493415,0.180376,-0.0497587,0.259332,-4.45015,-0.196559,0.353389,-0.415913,-0.279795,0.416143,-8.17709,0.530245,-0.524256,0.248763,-0.0686735
yellow_ketchup_bottle_full_1,0.47208,-7.54515,1.67286,-0.847431,0.0547075,-0.0403498,0.422263,-7.24713,0.54984,-0.304708,0.108363,-0.0218702,0.48403,-8.30496,0.41677,-0.491519,0.279469,-0.0578965,0.457309,-8.3061,0.388427,-0.482504,0.296156,-0.0476352,0.452348,-8.30473,0.382667,-0.482278,0.303567,-0.0426209,0.452348,-8.30473,0.382667,-0.482278,0.303567,-0.0426209,0.452348,-8.30473,0.382667,-0.482278,0.303567,-0.0426209,0.351216,-6.86722,1.25752,-0.676014,0.136981,-0.0497141,0.00500218,-2.49313,3.88859,-1.25743,-0.365512,-0.0729609,0.00930809,-2.49938,3.88125,-1.26014,-0.36107,-0.0733845
yellow_ketchup_bottle_full_2,0.418753,-7.23229,1.92771,-0.967644,-0.021985,-0.0617202,0.409788,-7.1197,1.87375,-0.931741,-0.00665845,-0.0407573,0.395852,-7.3232,1.78135,-0.918423,-0.00696972,-0.052862,0.443471,-7.88431,1.49342,-0.81806,0.0896251,-0.0664568,0.369714,-7.93891,1.15722,-0.648702,0.165067,-0.0662437,0.422085,-7.89584,0.86908,-0.612704,0.194258,-0.0611258,0.376147,-8.11885,0.720454,-0.575017,0.234117,-0.0460722,0.341885,-7.93814,0.44458,-0.50112,0.24449,-0.0296083,0.317054,-4.8964,0.2581,0.285316,-0.342674,0.0215899,0.485893,-7.80018,0.356605,-0.408138,0.255499,-0.0690296
yellow_ketchup_bottle_full_3,0.469612,-7.38264,1.9545,-0.959839,-0.00895966,-0.0417385,0.469521,-7.16827,1.878,-0.914688,0.00047129,-0.0285657,0.465561,-7.46704,1.78835,-0.897494,0.0140508,-0.0384376,0.539778,-7.90481,1.53005,-0.794653,0.07516,-0.0169144,0.427346,-7.92208,1.22008,-0.692905,0.153757,-0.007407,0.494861,-8.04181,0.899432,-0.593755,0.203744,-0.0214755,0.532652,-8.27127,0.735377,-0.558142,0.222641,-0.025503,0.499432,-8.18508,0.534229,-0.499198,0.261442,-0.038258,0.35684,-5.6506,0.327362,-0.0261002,-0.297416,-0.0755324,0.56807,-7.57945,0.340611,-0.366466,0.135497,-0.0579061
yellow_ketchup_bottle_full_4,0.434282,-7.40911,1.72472,-0.859833,0.035336,-0.0519163,0.368685,-7.53423,0.697494,-0.434599,0.112209,-0.0507574,0.406222,-7.90871,0.374828,-0.421232,0.23907,-0.0715512,0.447374,-8.20992,0.392862,-0.488739,0.283694,-0.0692539,0.451552,-8.197,0.370965,-0.489925,0.284652,-0.0719553,0.451552,-8.197,0.370965,-0.489925,0.284652,-0.0719553,0.451552,-8.197,0.370965,-0.489925,0.284652,-0.0719553,0.451552,-8.197,0.370965,-0.489925,0.284652,-0.0719553,0.123896,-4.40943,2.67453,-0.989418,-0.146886,-0.0808611,-0.041388,-2.41813,3.87803,-1.26063,-0.36918,-0.0829107
yellow_ketchup_bottle_full_5,0.405346,-7.12828,1.89235,-0.920524,0.00750908,-0.0562413,0.44167,-7.04287,1.88034,-0.904936,-0.00456352,-0.0547881,0.366055,-7.50493,1.73391,-0.871816,0.0416101,-0.0466006,0.455501,-7.87357,1.46586,-0.759719,0.0771871,-0.0114008,0.441402,-7.8585,1.08342,-0.623258,0.189246,-0.0386841,0.404124,-7.94766,0.940622,-0.607882,0.195779,-0.0352387,0.40921,-8.22731,0.705298,-0.559785,0.227257,-0.0259887,0.444371,-8.09311,0.48175,-0.495008,0.264501,-0.0343909,0.229193,-5.48632,0.199712,0.079511,-0.313616,-0.134055,0.467413,-8.25668,0.416259,-0.518087,0.298633,-0.0633585
lime_green_purple_water_bottle_1,0.453011,-7.665,1.59305,-0.825849,0.0708493,-0.0385405,0.444206,-7.62766,0.526498,-0.340879,0.167795,-0.0159118,0.482438,-8.31087,0.489467,-0.498732,0.273337,-0.0594401,0.492704,-8.32867,0.545638,-0.497258,0.280519,-0.0635763,0.492704,-8.32867,0.545638,-0.497258,0.280519,-0.0635763,0.492704,-8.32867,0.545638,-0.497258,0.280519,-0.0635763,0.291584,-5.85395,1.96771,-0.814149,0.00797021,-0.0681968,0.0206031,-2.48705,3.88806,-1.24454,-0.360477,-0.0687084,0.0186048,-2.49981,3.88824,-1.24347,-0.362077,-0.072625,0.0102213,-2.49186,3.89107,-1.246,-0.364111,-0.0750928
lime_green_purple_water_bottle_2,0.464792,-7.08622,1.85603,-0.92018,-0.0118053,-0.0564464,0.385218,-7.03108,1.84227,-0.911348,-0.00250944,-0.035544,0.436098,-7.47924,1.79531,-0.904872,0.0056724,-0.0473183,0.382296,-7.63189,1.40437,-0.74069,0.097814,-0.0654739,0.416946,-8.04685,1.16517,-0.680252,0.15217,-0.052919,0.455345,-8.03821,0.848909,-0.584981,0.206578,-0.0689701,0.370776,-8.00422,0.604255,-0.506631,0.234755,-0.0624347,0.30509,-6.36577,0.317774,-0.105418,-0.0433593,-0.0158577,0.365554,-6.48329,0.319998,-0.0525692,-0.0536077,-0.0382394,0.338441,-8.19165,0.5298,-0.516887,0.270034,-0.068433
lime_green_purple_water_bottle_3,0.451329,-7.29634,1.94384,-0.937108,0.0135387,-0.047178,0.435439,-7.26889,1.90682,-0.936814,0.00478987,-0.0204728,0.450406,-7.05909,1.7698,-0.853216,0.00728651,-0.0118264,0.424044,-7.69592,1.5518,-0.771729,0.0983194,-0.0386878,0.450205,-7.87691,1.40403,-0.75252,0.134569,-0.032613,0.418977,-7.96328,1.11553,-0.607062,0.178412,-0.040446,0.414606,-8.17249,0.959965,-0.631916,0.194695,0.000820074,0.429361,-8.10556,0.647819,-0.524925,0.25465,-0.0401969,0.431123,-8.08769,0.51468,-0.501179,0.260945,-0.0105943,0.644972,-5.02635,0.386851,0.284538,-0.34516,0.0418138
lime_green_purple_water_bottle_4,0.467,-7.27095,1.95589,-0.952209,-0.0194382,-0.0419308,0.430247,-7.06683,1.85484,-0.895835,0.00960058,-0.0359916,0.437924,-7.29448,1.66348,-0.847569,0.0282361,-0.0355987,0.413231,-7.84795,1.47535,-0.765539,0.0985346,-0.0516873,0.458006,-8.03378,1.18488,-0.691601,0.141857,-0.0380171,0.408033,-8.00005,0.923865,-0.610523,0.187871,-0.0608242,0.469205,-8.12636,0.743197,-0.531652,0.217016,-0.075782,0.397211,-7.34958,0.476586,-0.39789,0.0714722,-0.046274,0.360928,-4.99889,0.36288,0.136726,-0.427232,-0.12838,0.401911,-8.14583,0.514194,-0.495683,0.271485,-0.085281
lime_green_purple_water_bottle_5,0.510614,-7.25067,1.95584,-0.943683,-0.0161107,-0.0583771,0.456993,-7.25052,1.9247,-0.937705,-0.00146071,-0.048739,0.374717,-7.46009,1.81937,-0.912369,-0.00998281,-0.0191059,0.465799,-7.78815,1.47912,-0.783051,0.0653902,-0.0538711,0.408541,-8.0397,1.25194,-0.692538,0.14122,-0.0513069,0.489747,-8.23058,0.972461,-0.655729,0.181541,-0.0467747,0.456011,-8.1211,0.762105,-0.54833,0.233939,-0.0399718,0.398005,-8.10111,0.544171,-0.504351,0.250095,-0.0323051,0.252479,-5.28398,0.491981,0.113082,-0.423546,0.0401948,0.380846,-8.27447,0.488598,-0.512034,0.281466,-0.0735618
tones_pepper_plastic_container_1,0.448981,-7.24252,1.93158,-0.963551,-0.0102214,-0.0425785,0.453594,-7.03884,1.81701,-0.871068,0.00928652,-0.0468878,0.406098,-7.64379,1.55053,-0.798455,0.0833629,-0.0210066,0.47906,-7.92531,1.14355,-0.649285,0.152661,-0.0312197,0.450957,-8.10493,0.806605,-0.53885,0.241,-0.041757,0.529113,-8.11048,0.424568,-0.472592,0.250777,-0.0569254,0.422578,-8.11187,0.229488,-0.422377,0.302628,-0.0266299,0.50864,-8.37269,0.201289,-0.397422,0.309977,-0.0389604,0.43022,-5.57191,0.478489,0.0814182,-0.365831,-0.0923225,0.508726,-8.44457,0.325772,-0.386855,0.291843,-0.0419411
tones_pepper_plastic_container_2,0.378089,-7.36514,1.90255,-0.960314,0.0150699,-0.0500077,0.420209,-7.23162,1.825,-0.902241,-0.00638653,-0.076836,0.431759,-7.75559,1.60637,-0.834563,0.0515581,-0.0172157,0.381771,-8.04379,1.32054,-0.729299,0.11936,-0.0397645,0.416381,-8.13811,1.02353,-0.605256,0.194965,-0.0623444,0.414653,-8.25964,0.626961,-0.554773,0.232928,-0.0498422,0.410702,-8.16983,0.495376,-0.520026,0.266708,-0.0499871,0.432203,-8.33092,0.30873,-0.465395,0.296835,-0.0558713,0.412956,-8.3779,0.316142,-0.412621,0.322055,-0.053393,0.352525,-5.79753,0.462641,0.133186,-0.35797,-0.0534931
tones_pepper_plastic_container_3,0.481621,-7.17514,1.87545,-0.912224,0.0144359,-0.0443103,0.408501,-7.15355,1.77865,-0.888684,0.0211882,-0.0401573,0.41324,-7.70866,1.51563,-0.795813,0.087292,-0.0491523,0.433182,-7.93297,1.13917,-0.643205,0.176262,-0.0251736,0.461037,-8.0408,0.790231,-0.566611,0.22318,-0.0181163,0.430094,-8.09923,0.485704,-0.496619,0.269367,-0.00782196,0.450046,-8.16371,0.251385,-0.452282,0.295803,-0.0441754,0.486737,-8.25535,0.224497,-0.370078,0.315755,-0.040576,0.532916,-5.38876,0.441953,0.13264,-0.424791,-0.0595581,0.517087,-8.43015,0.315018,-0.375102,0.311674,-0.0325626
tones_pepper_plastic_container_4,0.450326,-7.36755,1.91675,-0.955,-0.00144276,-0.0557952,0.437337,-7.19085,1.77901,-0.869408,0.00957905,-0.0546921,0.446215,-7.74344,1.52199,-0.800336,0.0870021,-0.0242033,0.432624,-8.03564,1.22465,-0.678237,0.150102,-0.0632969,0.3916,-8.16097,0.784651,-0.598796,0.206367,-0.0339502,0.391511,-7.95328,0.515076,-0.500108,0.24469,-0.0680801,0.340022,-8.18216,0.262097,-0.412455,0.299689,-0.0338673,0.437221,-8.49501,0.289892,-0.442319,0.306514,-0.054731,0.340743,-8.24162,0.371703,-0.377639,0.238886,-0.0653188,0.44031,-5.64744,0.450743,0.0521557,-0.344938,-0.0634136
tones_pepper_plastic_container_5,0.462912,-7.20778,1.89042,-0.935583,-0.00236291,-0.0552969,0.401394,-7.26278,1.81251,-0.897292,0.0197092,-0.0450185,0.407831,-7.66514,1.50314,-0.794496,0.0923619,-0.0271946,0.416335,-7.9244,1.13287,-0.629875,0.179778,-0.0356269,0.435859,-8.01036,0.801923,-0.572187,0.214121,-0.0634378,0.458009,-8.10477,0.472248,-0.477379,0.268203,-0.0310917,0.441828,-8.09088,0.259121,-0.416694,0.299899,-0.0420761,0.377295,-8.14083,0.149528,-0.358827,0.333742,-0.0379922,0.505082,-6.44313,0.431783,-0.0938934,-0.227579,-0.0743739,0.438832,-7.80347,0.362621,-0.313347,0.131586,-0.0431698
small_heb_cola_can_1,0.516248,-7.25923,1.89714,-0.911193,-0.000730491,-0.0383232,0.487144,-7.18236,1.7394,-0.865339,0.0295572,-0.0587396,0.524182,-7.75141,1.55981,-0.793839,0.0656121,-0.0293661,0.432835,-8.09495,1.19792,-0.691844,0.152172,-0.0261212,0.441948,-8.14114,0.883037,-0.585643,0.217653,-0.0389309,0.485639,-8.17058,0.553314,-0.504894,0.239893,-0.0525763,0.520787,-8.24171,0.34499,-0.452847,0.2835,-0.0311064,0.435521,-8.30028,0.306746,-0.430984,0.313211,-0.0430527,0.432452,-5.51881,0.42379,0.119241,-0.45574,-0.155621,0.491777,-8.53482,0.35647,-0.407677,0.300316,-0.035967
small_heb_cola_can_2,0.469827,-7.39883,1.90474,-0.967177,-0.0144783,-0.0581694,0.427035,-7.24267,1.81581,-0.899765,0.0173849,-0.0494983,0.406602,-7.58871,1.49211,-0.783809,0.063749,-0.040286,0.441808,-7.92218,1.26199,-0.723654,0.135435,-0.00668909,0.435254,-8.08544,0.859612,-0.592152,0.206135,-0.0194497,0.481423,-8.13216,0.60492,-0.52417,0.239456,-0.0663919,0.337613,-8.09982,0.320965,-0.464214,0.285518,-0.0581972,0.350857,-8.28773,0.232878,-0.422767,0.300444,-0.0483643,0.237109,-6.26996,0.375481,-0.0338572,-0.285904,-0.152806,0.456867,-8.49381,0.312548,-0.437649,0.296094,-0.0609541
small_heb_cola_can_3,0.426951,-7.82539,1.28674,-0.732446,0.131585,-0.0409936,0.44845,-8.0704,0.340906,-0.34492,0.208952,-0.0498535,0.479105,-8.61159,0.342457,-0.442142,0.312378,-0.043026,0.481208,-8.61513,0.336191,-0.443487,0.314178,-0.0416084,0.103621,-3.7798,3.12577,-1.07461,-0.212194,-0.0638322,-0.000695156,-2.43595,3.88989,-1.24663,-0.358216,-0.0711285,-0.00217543,-2.43679,3.89644,-1.24843,-0.356524,-0.0712408,-0.00192058,-2.43118,3.89325,-1.25345,-0.35775,-0.072604,-0.0069195,-2.43535,3.89357,-1.25109,-0.354132,-0.0687745,0.00131843,-2.43503,3.8959,-1.24998,-0.356895,-0.0700418
small_heb_cola_can_4,0.413562,-7.51361,1.94383,-0.970687,0.00496899,-0.0468028,0.365252,-7.41088,1.86155,-0.925086,0.00905706,-0.04181,0.420536,-7.93139,1.53113,-0.827823,0.0661416,-0.0269942,0.467294,-8.14479,1.25208,-0.696709,0.129955,-0.0667848,0.419727,-8.19691,0.924815,-0.647558,0.186847,-0.0705896,0.444562,-8.28479,0.609502,-0.556886,0.225912,-0.0281247,0.44644,-8.43738,0.4082,-0.504808,0.268555,-0.0372338,0.520827,-8.56183,0.360612,-0.457261,0.293234,-0.0542584,0.434053,-5.18183,0.442889,0.174013,-0.538115,-0.172538,0.374995,-8.65609,0.461271,-0.466076,0.265507,-0.0484123
small_heb_cola_can_5,0.472197,-7.33362,2.00893,-0.995082,-0.0130034,-0.0527034,0.434104,-7.23024,1.83721,-0.916104,0.00473536,-0.0303563,0.409421,-7.75215,1.48476,-0.776003,0.0876401,-0.0482368,0.425606,-7.9695,1.10196,-0.640185,0.164917,-0.0344006,0.502627,-8.08791,0.806854,-0.573936,0.223351,-0.0392939,0.405455,-8.16222,0.525359,-0.475217,0.275895,-0.0143223,0.387012,-8.09435,0.259805,-0.431986,0.293015,-0.0411662,0.415738,-8.38425,0.155896,-0.414288,0.30083,-0.0452183,0.410649,-5.42865,0.152643,0.103602,-0.41905,-0.237595,0.485569,-8.37957,0.299277,-0.424623,0.315901,-0.0474223
orange_plastic_ball_1,0.530323,-7.27593,1.92847,-0.939771,-0.00288897,-0.0366989,0.482529,-7.29125,1.79125,-0.895387,0.0138531,-0.0466671,0.435889,-7.78662,1.54476,-0.784549,0.0949074,-0.0568055,0.543883,-7.88835,1.14759,-0.638,0.169617,-0.0527874,0.442373,-8.13611,0.876106,-0.578914,0.214958,-0.0286433,0.419266,-7.9833,0.503644,-0.465824,0.262663,-0.0626378,0.369167,-8.11062,0.345966,-0.406129,0.299385,-0.0257893,0.44087,-8.343,0.255221,-0.438003,0.314681,-0.0222296,0.436926,-8.42695,0.35262,-0.400662,0.331844,-0.0432142,0.403907,-6.38811,0.457101,0.0912624,-0.100916,-0.0148259
orange_plastic_ball_2,0.481396,-7.2645,1.91911,-0.940765,-0.00873917,-0.0570089,0.402756,-7.11681,1.79488,-0.902862,0.00189663,-0.0385642,0.390914,-7.68376,1.44817,-0.77611,0.0877548,-0.0597732,0.414336,-7.95617,1.07996,-0.628258,0.175603,-0.0453575,0.484679,-8.1427,0.795453,-0.595608,0.194848,-0.0440365,0.379827,-8.05418,0.466346,-0.489494,0.259868,-0.0307269,0.391395,-8.29847,0.333653,-0.4923,0.271396,-0.0457088,0.405685,-8.40079,0.326071,-0.449316,0.296109,-0.0567936,0.507984,-7.89116,0.470183,-0.266739,0.144283,-0.0780921,0.494561,-6.34772,0.484404,0.0530489,-0.158944,-0.0604372
orange_plastic_ball_3,0.46699,-7.14571,1.91416,-0.930493,0.00329194,-0.0379608,0.420361,-7.23983,1.80806,-0.900165,0.00671572,-0.0166729,0.44633,-7.75333,1.5127,-0.80067,0.0812528,-0.0350839,0.439947,-8.1072,1.2005,-0.698064,0.157669,-0.0439386,0.444972,-8.03891,0.746692,-0.548775,0.236159,-0.0561928,0.401242,-8.14292,0.424824,-0.479055,0.272619,-0.0680847,0.496472,-8.30693,0.235406,-0.429224,0.311263,-0.0354642,0.450873,-8.323,0.233402,-0.408283,0.306121,-0.0350021,0.35308,-8.30869,0.352187,-0.393859,0.270021,-0.0494822,0.483011,-6.24166,0.354137,-0.0119526,-0.179209,-0.120113
orange_plastic_ball_4,0.413159,-7.38544,1.88854,-0.934966,-0.0031186,-0.0490305,0.385042,-7.40067,1.8533,-0.911088,-0.00964627,-0.0461942,0.415269,-7.83636,1.55582,-0.811581,0.0698788,-0.0342489,0.419304,-8.02206,1.19223,-0.704433,0.143146,-0.0617293,0.438093,-8.16382,0.907733,-0.587919,0.19851,-0.0479485,0.381936,-8.24182,0.60698,-0.553249,0.24069,-0.0595119,0.484895,-8.37385,0.471856,-0.489868,0.273845,-0.0430487,0.418724,-8.39215,0.414936,-0.466135,0.27411,-0.0484736,0.436612,-8.69861,0.534734,-0.468683,0.283959,-0.0542716,0.44057,-6.08831,0.503477,0.0894193,-0.191233,-0.0692201
orange_plastic_ball_5,0.455916,-7.41591,1.94217,-0.95212,0.000698212,-0.0466612,0.459359,-7.25379,1.77164,-0.886248,0.0168606,-0.0485677,0.475547,-7.8437,1.51112,-0.799376,0.0911006,-0.0165305,0.441015,-7.97772,1.24666,-0.690492,0.141153,-0.0658436,0.424357,-8.19762,0.859353,-0.596861,0.194633,-0.0299847,0.464258,-8.37549,0.609203,-0.559231,0.239019,-0.0105584,0.442992,-8.33424,0.389203,-0.473748,0.282519,-0.0550556,0.475313,-8.39057,0.328206,-0.428074,0.303756,-0.030849,0.524593,-8.70537,0.530527,-0.469993,0.290909,-0.047054,0.603901,-6.00811,0.475366,0.123893,-0.212479,-0.0690455
white_styrofoam_square_block_1,0.500835,-7.48417,1.78307,-0.883519,0.0310394,-0.0275464,0.480255,-7.16018,1.19306,-0.436963,0.0213568,-0.0709011,0.478046,-7.96738,1.41703,-0.765264,0.116238,-0.066678,0.482448,-7.97152,1.38735,-0.771129,0.113274,-0.0697721,0.482448,-7.97152,1.38735,-0.771129,0.113274,-0.0697721,0.482448,-7.97152,1.38735,-0.771129,0.113274,-0.0697721,0.482448,-7.97152,1.38735,-0.771129,0.113274,-0.0697721,0.482448,-7.97152,1.38735,-0.771129,0.113274,-0.0697721,0.298693,-5.59651,2.47525,-0.976682,-0.092158,-0.0696193,0.0319036,-2.50403,3.88361,-1.24246,-0.354104,-0.0668095
white_styrofoam_square_block_2,0.407116,-7.26318,1.73921,-0.856759,0.00636348,-0.0483988,0.411492,-7.10035,1.17806,-0.519662,-0.0193142,-0.149803,0.419699,-7.86903,1.4156,-0.780004,0.103844,-0.0780049,0.425352,-7.88765,1.3958,-0.774186,0.110351,-0.0788134,0.425352,-7.88765,1.3958,-0.774186,0.110351,-0.0788134,0.425352,-7.88765,1.3958,-0.774186,0.110351,-0.0788134,0.425352,-7.88765,1.3958,-0.774186,0.110351,-0.0788134,0.425352,-7.88765,1.3958,-0.774186,0.110351,-0.0788134,0.0830604,-3.78324,3.24796,-1.13459,-0.248044,-0.0806063,-0.0297762,-2.42704,3.8821,-1.25788,-0.367623,-0.077359
white_styrofoam_square_block_3,0.47497,-7.37677,1.76028,-0.859917,0.0422601,-0.0436218,0.447843,-6.89423,1.09029,-0.411064,-0.0297187,-0.144172,0.44859,-7.94244,1.41643,-0.759829,0.112258,-0.0632034,0.427869,-7.96751,1.40626,-0.774277,0.096249,-0.0606714,0.427869,-7.96751,1.40626,-0.774277,0.096249,-0.0606714,0.427869,-7.96751,1.40626,-0.774277,0.096249,-0.0606714,0.427869,-7.96751,1.40626,-0.774277,0.096249,-0.0606714,0.427869,-7.96751,1.40626,-0.774277,0.096249,-0.0606714,0.279141,-6.0571,2.26872,-0.939555,-0.0608151,-0.0648967,-0.000519394,-2.44142,3.90325,-1.2504,-0.358885,-0.0707401
white_styrofoam_square_block_4,0.436802,-7.43047,1.75035,-0.880124,0.023075,-0.0429546,0.419715,-6.94671,1.21087,-0.419131,-0.0327753,-0.107822,0.416594,-7.94331,1.48262,-0.785969,0.0888703,-0.0754138,0.400383,-7.98434,1.45991,-0.7887,0.100052,-0.0743011,0.400383,-7.98434,1.45991,-0.7887,0.100052,-0.0743011,0.400383,-7.98434,1.45991,-0.7887,0.100052,-0.0743011,0.400383,-7.98434,1.45991,-0.7887,0.100052,-0.0743011,0.400383,-7.98434,1.45991,-0.7887,0.100052,-0.0743011,0.0738299,-3.82417,3.28526,-1.13781,-0.246722,-0.0779867,-0.0254137,-2.4397,3.88793,-1.25467,-0.36569,-0.0820427
white_styrofoam_square_block_5,0.489005,-7.37388,1.81537,-0.891895,0.0223439,-0.0437807,0.455423,-6.89992,1.11621,-0.409045,-0.03566,-0.147063,0.435243,-7.94067,1.45356,-0.785076,0.0996881,-0.0728324,0.4377,-7.90724,1.44122,-0.772168,0.101143,-0.0680841,0.438791,-7.90213,1.4404,-0.770751,0.100269,-0.0665001,0.438791,-7.90213,1.4404,-0.770751,0.100269,-0.0665001,0.438791,-7.90213,1.4404,-0.770751,0.100269,-0.0665001,0.438791,-7.90213,1.4404,-0.770751,0.100269,-0.0665001,0.438791,-7.90213,1.4404,-0.770751,0.100269,-0.0665001,0.159796,-4.51852,2.96524,-1.07082,-0.185058,-0.0722744
yogurt_container_with_beans_1,0.518767,-7.31907,1.90641,-0.926056,-0.00476076,-0.0395982,0.47101,-7.26006,1.86348,-0.924714,-0.00722039,-0.0222663,0.418162,-7.64751,1.62883,-0.833417,0.0493283,-0.0323129,0.485411,-7.97578,1.39421,-0.749168,0.111447,-0.03785,0.508795,-7.98711,1.0715,-0.638827,0.174743,-0.0470134,0.496393,-8.12931,0.778337,-0.552238,0.229422,-0.029577,0.444855,-8.2887,0.501902,-0.495598,0.268557,-0.0346924,0.504316,-8.30831,0.367588,-0.479564,0.282029,-0.032819,0.274486,-7.2608,0.36659,-0.392441,0.043783,-0.0701734,0.427595,-6.34705,0.272212,-0.154864,-0.194216,-0.176302
yogurt_container_with_beans_2,0.497378,-7.19169,1.95879,-0.95291,-0.020132,-0.0552957,0.424342,-7.21186,1.88552,-0.939005,0.00394919,-0.0273947,0.425119,-7.581,1.63314,-0.837529,0.0623344,-0.0403493,0.426239,-7.86412,1.27966,-0.690556,0.121406,-0.0338932,0.445221,-8.1382,1.07544,-0.665926,0.177181,-0.0275263,0.378502,-8.13693,0.758825,-0.57684,0.225686,-0.0367336,0.468424,-8.11838,0.440726,-0.484589,0.261949,-0.0407861,0.434279,-8.37827,0.337548,-0.448163,0.295498,-0.0412712,0.143064,-5.73417,0.224729,-0.17156,-0.106145,-0.106175,0.708681,-8.05346,0.350738,-0.42669,0.187646,-0.0710206
yogurt_container_with_beans_3,0.518749,-7.28384,1.95305,-0.945274,-0.0176049,-0.0300136,0.461223,-7.32804,1.85657,-0.924802,0.00522361,-0.0472218,0.434495,-7.71876,1.61318,-0.820293,0.0819421,-0.0254614,0.446015,-7.97297,1.33538,-0.736403,0.125446,-0.0627767,0.411368,-8.26032,0.952098,-0.616106,0.200447,-0.0221242,0.460929,-8.25879,0.76368,-0.568627,0.238507,-0.0282785,0.459116,-8.12482,0.443285,-0.478148,0.276186,-0.0516607,0.508054,-8.42749,0.365077,-0.480777,0.281962,-0.0349335,0.359253,-6.20687,0.349245,-0.259958,-0.215569,-0.150715,0.570702,-8.00399,0.377106,-0.394606,0.173294,-0.0726171
yogurt_container_with_beans_4,0.451902,-7.18634,1.90037,-0.887831,0.0127021,-0.0458955,0.423361,-7.11952,1.81656,-0.885202,0.0146582,-0.0510447,0.464993,-7.59417,1.59904,-0.82268,0.0596949,-0.0531098,0.380555,-7.90083,1.23767,-0.66965,0.140614,-0.0279687,0.426926,-8.01433,0.955794,-0.580798,0.197177,-0.0739437,0.435925,-8.10031,0.645948,-0.522555,0.248987,-0.0230032,0.435204,-8.15992,0.426664,-0.486883,0.273894,-0.0503232,0.482243,-8.24739,0.243817,-0.439623,0.290336,-0.0471235,0.299969,-5.50287,0.2066,-0.122,-0.24375,-0.13503,0.560339,-8.17968,0.29048,-0.429662,0.303833,-0.0586415
yogurt_container_with_beans_5,0.444359,-7.44455,1.96942,-0.958719,-0.00532545,-0.0455643,0.461618,-7.322,1.88744,-0.936839,-0.00658442,-0.041604,0.469851,-7.74035,1.66178,-0.878397,0.0507426,-0.037578,0.458542,-7.9218,1.39903,-0.763169,0.109537,-0.0328546,0.447679,-8.12759,1.12828,-0.658071,0.160737,-0.029082,0.407885,-8.25863,0.866234,-0.586416,0.220025,-0.0555959,0.443563,-8.16912,0.686324,-0.550679,0.224743,-0.0394364,0.42807,-8.01453,0.37479,-0.469815,0.293201,-0.0477741,0.487457,-8.46935,0.349709,-0.461149,0.29318,-0.0442087,0.369231,-5.95009,0.3176,-0.245527,-0.249897,-0.157919
red_water_bottle_1,0.490458,-7.5069,1.76471,-0.874155,0.0199372,-0.0307369,0.48614,-7.38606,0.766883,-0.370792,0.0928781,-0.0387569,0.473399,-8.30403,0.776843,-0.565169,0.232522,-0.0539088,0.486707,-8.29259,0.748066,-0.565679,0.242345,-0.051384,0.493001,-8.2853,0.74558,-0.567133,0.247687,-0.0465917,0.493001,-8.2853,0.74558,-0.567133,0.247687,-0.0465917,0.493001,-8.2853,0.74558,-0.567133,0.247687,-0.0465917,0.493001,-8.2853,0.74558,-0.567133,0.247687,-0.0465917,0.21695,-4.82921,2.623,-0.971654,-0.114048,-0.0642376,0.040782,-2.52788,3.8803,-1.23956,-0.356823,-0.0666931
red_water_bottle_2,0.504154,-7.16681,1.89587,-0.968351,-0.0151692,-0.0516067,0.416523,-7.23075,1.91474,-0.941904,0.00721938,-0.0487593,0.449863,-7.10055,1.83154,-0.909043,0.00401678,-0.0309785,0.404935,-7.58147,1.68449,-0.879741,0.0252047,-0.0569852,0.448633,-7.70959,1.35423,-0.720135,0.101589,-0.0353155,0.419183,-7.91175,1.15748,-0.697426,0.149291,-0.0435842,0.424793,-8.1564,0.941873,-0.628192,0.20797,-0.0319724,0.478132,-7.20614,0.637793,-0.410847,0.101791,-0.0632762,0.337069,-5.15364,0.231966,0.228495,-0.296631,-0.163286,0.438952,-7.98966,0.752943,-0.57156,0.21589,-0.0795865
red_water_bottle_3,0.449444,-7.53461,1.73027,-0.859819,0.0459552,-0.021003,0.360699,-7.39129,0.809098,-0.396696,0.0938581,-0.0331338,0.48711,-8.24561,0.746801,-0.575205,0.236697,-0.0549038,0.489119,-8.20272,0.710599,-0.569963,0.25077,-0.0536685,0.492415,-8.19955,0.703686,-0.569426,0.252377,-0.0520743,0.492415,-8.19955,0.703686,-0.569426,0.252377,-0.0520743,0.492415,-8.19955,0.703686,-0.569426,0.252377,-0.0520743,0.40876,-7.33632,1.16764,-0.667637,0.163666,-0.0537098,-0.00182003,-2.45809,3.89862,-1.24717,-0.358196,-0.0689804,-0.000254917,-2.46092,3.90401,-1.24717,-0.363142,-0.067442
red_water_bottle_4,0.449154,-7.656,1.71887,-0.872226,0.0361026,-0.0370992,0.417468,-7.50641,0.762763,-0.432915,0.0652574,-0.043248,0.44198,-8.27159,0.774516,-0.589281,0.225082,-0.0672633,0.461368,-8.28967,0.771414,-0.582696,0.214597,-0.0645767,0.461368,-8.28967,0.771414,-0.582696,0.214597,-0.0645767,0.461368,-8.28967,0.771414,-0.582696,0.214597,-0.0645767,0.461368,-8.28967,0.771414,-0.582696,0.214597,-0.0645767,0.105107,-4.07142,3.0253,-1.06882,-0.207667,-0.0754615,-0.0241986,-2.45289,3.88788,-1.25433,-0.368969,-0.0830005,-0.0217675,-2.4487,3.88019,-1.25219,-0.368023,-0.0767617
red_water_bottle_5,0.564699,-7.27626,1.999,-0.926491,-0.0113498,-0.0449021,0.445945,-7.27958,1.93552,-0.937439,-2.5052e-05,-0.0431531,0.46655,-7.19416,1.8288,-0.904858,-0.0107036,-0.0266817,0.39878,-7.7048,1.64122,-0.860523,0.0503027,-0.033922,0.494804,-7.89175,1.44176,-0.766924,0.0889858,-0.0660216,0.447852,-8.16692,1.12696,-0.653753,0.170461,-0.0534381,0.422759,-8.12642,0.855841,-0.580034,0.217836,-0.0444046,0.388205,-6.78878,0.570357,-0.236111,-0.0346424,-0.0479995,0.443547,-4.67747,0.273834,0.412436,-0.311346,-0.0999087,0.532836,-8.14384,0.802087,-0.56196,0.236257,-0.0722873
butter_container_with_coffee_1,0.461804,-7.62405,1.42537,-0.742816,0.109457,-0.0272436,0.407939,-7.39845,0.3165,-0.318656,0.112237,-0.0881706,0.480232,-8.61544,0.368645,-0.416062,0.325394,-0.0361304,0.464149,-8.61284,0.380997,-0.42467,0.33603,-0.0515483,0.464149,-8.61284,0.380997,-0.42467,0.33603,-0.0515483,0.25027,-5.57154,2.13026,-0.846579,-0.0112356,-0.0597979,0.0378926,-2.51025,3.88624,-1.26364,-0.358334,-0.0658709,0.0309121,-2.51418,3.86738,-1.26752,-0.366624,-0.0670839,0.0113847,-2.50708,3.84934,-1.26866,-0.375183,-0.0642538,0.0113847,-2.50708,3.84934,-1.26866,-0.375183,-0.0642538
butter_container_with_coffee_2,0.414748,-7.19752,1.88203,-0.93237,-0.000633457,-0.0467301,0.451448,-7.17873,1.79885,-0.881192,0.0169211,-0.0424131,0.418956,-7.67622,1.49213,-0.763492,0.0993505,-0.0190385,0.382253,-7.95342,1.07571,-0.641567,0.180608,-0.0269684,0.419927,-8.11288,0.856079,-0.581772,0.219464,-0.041406,0.441743,-8.09232,0.498495,-0.50439,0.276729,-0.0515908,0.501738,-8.24798,0.285052,-0.459379,0.309134,-0.0292266,0.50202,-8.42125,0.268979,-0.419862,0.307364,-0.0511873,0.223049,-6.12198,0.300313,-0.154089,0.0467833,-0.0915961,0.508576,-8.54412,0.393303,-0.451285,0.322621,-0.0513232
butter_container_with_coffee_3,0.483429,-7.35243,1.97425,-0.956183,-0.00751444,-0.0468756,0.504598,-7.36297,1.81224,-0.894737,0.0191492,-0.0223595,0.435528,-7.77046,1.49191,-0.768838,0.102056,-0.0441786,0.476631,-8.14214,1.20442,-0.68502,0.154772,-0.0213116,0.491067,-8.14334,0.819686,-0.567388,0.21124,-0.0299714,0.430005,-8.18914,0.577106,-0.512744,0.257347,0.00217835,0.475217,-8.28312,0.349143,-0.469567,0.289115,-0.0281456,0.410211,-8.47069,0.335933,-0.411052,0.309386,-0.0441808,0.458324,-6.57787,0.515403,-0.257299,-0.0767266,-0.109563,0.487435,-8.44507,0.434559,-0.442116,0.276708,-0.0462298
butter_container_with_coffee_4,0.453719,-7.35235,1.95503,-0.953163,-0.0065587,-0.0488619,0.449552,-7.38042,1.83746,-0.919568,0.000353032,-0.0383285,0.442233,-7.82428,1.5377,-0.781787,0.0799725,-0.0649113,0.448869,-8.14441,1.25329,-0.699281,0.139284,-0.0263436,0.399005,-8.13314,0.879676,-0.58563,0.198803,-0.0342988,0.455841,-8.34596,0.585213,-0.532802,0.221003,-0.0562944,0.426195,-8.18255,0.326507,-0.485665,0.264218,-0.0407658,0.419667,-8.33224,0.30909,-0.441038,0.281813,-0.0363358,0.179272,-7.48739,0.573139,-0.424509,0.142565,-0.0471508,0.477876,-7.38216,0.479975,-0.301861,0.0395356,-0.0954382
butter_container_with_coffee_5,0.433385,-7.89993,0.9469,-0.604065,0.168844,-0.046549,0.479697,-8.65128,0.4715,-0.442253,0.31241,-0.0449215,0.342507,-6.87519,1.44839,-0.681676,0.119576,-0.0565259,0.000681015,-2.47523,3.90305,-1.2767,-0.364682,-0.0736686,0.00723895,-2.47113,3.90588,-1.27481,-0.36511,-0.0736567,0.00157767,-2.46954,3.89929,-1.27532,-0.361613,-0.0695926,0.00298927,-2.47388,3.90803,-1.27657,-0.363431,-0.0702806,0.00480421,-2.46621,3.90325,-1.2761,-0.36111,-0.0735871,-0.00186067,-2.47507,3.90221,-1.27684,-0.362325,-0.0711541,0.00173864,-2.47332,3.90271,-1.27348,-0.362897,-0.075939
