diced_tomatoes_can_full_,0.0440798,0.00036322,1.08424e-05,0,0.000124688,0.000189742,0,0,0,0,0,0,0,0,0,0,0.00115472,9.21604e-05,1.08424e-05,0,0.00254254,0.022498,0.00031443,5.4212e-06,0,2.7106e-05,0.000124688,0,0,0,0,0,0,0,0,0,0,0,0,0,0,0,0,0,0,0,0,0,0.928462,0,0,0,0,0,0,0,0,0,0,0,0,0,0,0
diced_tomatoes_can_full_,0.0441803,0.000288547,0,0,0.000250437,0.00026677,5.44428e-06,0,0,0,0,0,0,0,0,0,0.000963638,7.07756e-05,0,0,0.00292902,0.021592,0.000217771,5.44428e-06,0,7.07756e-05,0.000108886,0,0,0,0,0,0,0,0,0,0,0,0,0,0,0,0,0,0,0,0,0,0.92905,0,0,0,0,0,0,0,0,0,0,0,0,0,0,0
diced_tomatoes_can_full_,0.0431561,0.000386538,5.44419e-06,0,0.000310319,0.00033754,5.44419e-06,0,0,0,0,0,0,0,0,0,0.00109428,9.25513e-05,5.44419e-06,0,0.00252066,0.0223212,0.000255877,0,1.08884e-05,2.7221e-05,0.00016877,0,0,0,0,0,5.44419e-06,0,0,0,0,0,0,0,0,0,0,0,0,0,0,0,0.929296,0,0,0,0,0,0,0,0,0,0,0,0,0,0,0
diced_tomatoes_can_full_,0.0435503,0.000255188,5.42953e-06,0,0.00022804,0.00022804,0,0,0,0,0,0,0,0,0,0,0.00103161,0.000162886,0,0,0.00444136,0.020263,0.000255188,0,5.42953e-06,4.34362e-05,0.000135738,5.42953e-06,0,0,0,0,1.08591e-05,0,0,0,0,0,0,0,0,0,0,0,0,0,0,0,0.929378,0,0,0,0,0,0,0,0,0,0,0,0,0,0,0
diced_tomatoes_can_full_,0.0440407,0.000422686,1.08381e-05,0,0.000211343,0.000249277,0,0,0,0,0,0,0,0,0,0,0.0010513,9.21239e-05,5.41906e-06,0,0.00219472,0.0235837,0.000260115,5.41906e-06,0,1.62572e-05,0.000195086,0,0,0,0,0,0,0,0,0,0,0,0,0,0,0,0,0,0,0,0,0,0.927661,0,0,0,0,0,0,0,0,0,0,0,0,0,0,0
small_orange_bug_repellent_,0.0440561,0.000352579,1.08486e-05,0,7.05157e-05,0.000173577,0,0,0,0,0,0,0,0,0,0,0.000537004,4.88186e-05,5.42429e-06,0,0.00226193,0.0220118,0.000298336,5.42429e-06,0,1.08486e-05,0.000119334,0,0,0,0,0,0,0,0,0,0,0,0,0,0,0,0,0,0,0,0,0,0.930038,0,0,0,0,0,0,0,0,0,0,0,0,0,0,0
small_orange_bug_repellent_,0.0443691,0.000348292,5.44206e-06,0,0.000179588,0.000206798,0,0,0,0,0,0,0,0,0,0,0.000424481,4.35365e-05,0,0,0.00252512,0.0214689,0.000250335,5.44206e-06,0,1.63262e-05,0.000152378,0,0,0,0,0,0,0,0,0,0,0,0,0,0,0,0,0,0,0,0,0,0.930004,0,0,0,0,0,0,0,0,0,0,0,0,0,0,0
small_orange_bug_repellent_,0.0440151,0.000347817,1.08693e-05,0,0.000342382,0.000461944,1.08693e-05,0,0,0,0,0,0,0,0,0,0.000326078,2.17385e-05,0,0,0.00243472,0.0222114,0.000233689,0,1.08693e-05,3.26078e-05,0.000298905,5.43463e-06,0,0,0,0,0,0,0,0,0,0,0,0,0,0,0,0,0,0,0,0,0.929236,0,0,0,0,0,0,0,0,0,0,0,0,0,0,0
small_orange_bug_repellent_,0.0441888,0.000411511,1.08292e-05,0,0.000265317,0.000346536,0,0,0,0,0,0,0,0,0,0,0.000395268,1.08292e-05,5.41462e-06,0,0.00215502,0.0230609,0.000227414,5.41462e-06,1.08292e-05,4.3317e-05,0.000351951,0,0,0,0,0,0,0,0,0,0,0,0,0,0,0,0,0,0,0,0,0,0.928511,0,0,0,0,0,0,0,0,0,0,0,0,0,0,0
small_orange_bug_repellent_,0.0495987,0.000385244,5.42597e-06,0,0.00028215,0.000184483,0,0,0,5.42597e-06,0,0,0,0,0,0,0.000466633,4.34077e-05,0,0,0.00900168,0.0173414,0.000775913,0,5.42597e-06,2.71298e-05,0.00028215,0,0,0,0,0,0,0,0,0,0,0,0,0,0,0,0,0,0,0,0,0,0.921595,0,0,0,0,0,0,0,0,0,0,0,0,0,0,0
heb_coffee_container_,0.0498232,0.000446113,4.35232e-05,0,0.000201295,0.000250258,1.08808e-05,0,0,0,0,0,0,0,0,0,0.00095207,0.000108808,0,0,0.00437408,0.0231163,0.000310103,1.08808e-05,5.4404e-06,3.26424e-05,0.000146891,5.4404e-06,0,0,0,0,0,0,0,0,0,0,0,0,0,0,0,0,0,0,0,0,0.920162,0,0,0,0,0,0,0,0,0,0,0,0,0,0,0
heb_coffee_container_,0.0513786,0.000497981,3.78899e-05,1.08257e-05,0.000254403,0.000303119,0,0,0,0,0,0,0,0,0,0,0.000703669,4.33027e-05,5.41284e-06,0,0.00372403,0.0240222,0.000297706,1.08257e-05,1.08257e-05,5.95412e-05,0.000184036,0,0,0,0,0,0,0,0,0,0,0,0,0,0,0,0,0,0,0,0,0,0.918456,0,0,0,0,0,0,0,0,0,0,0,0,0,0,0
heb_coffee_container_,0.0498854,0.000482063,1.62493e-05,0,0.000259989,0.000184159,1.08329e-05,0,0,0,0,0,0,0,0,0,0.00107246,9.7496e-05,0,0,0.00421399,0.0238919,0.000303321,1.08329e-05,0,4.8748e-05,0.000162493,0,0,0,0,0,0,0,0,0,0,0,0,0,0,0,0,0,0,0,0,0,0.91936,0,0,0,0,0,0,0,0,0,0,0,0,0,0,0
heb_coffee_container_,0.0488099,0.000467549,2.17465e-05,0,0.000228338,0.000250084,0,5.43661e-06,0,0,0,0,0,0,0,0,0.00156031,0.000119606,0,0,0.00546923,0.0221868,0.000244648,1.63098e-05,0,5.43661e-06,0.000146789,0,0,0,0,0,0,0,0,0,0,0,0,0,0,0,0,0,0,0,0,0,0.920468,0,0,0,0,0,0,0,0,0,0,0,0,0,0,0
heb_coffee_container_,0.051001,0.00050049,2.72005e-05,1.08802e-05,0.000386247,0.000293766,1.08802e-05,0,0,0,0,0,0,0,0,0,0.000897617,0.000136003,0,0,0.00455337,0.0224676,0.000282885,1.63203e-05,0,2.72005e-05,0.000168643,5.4401e-06,0,0,0,0,0,0,0,0,0,0,0,0,0,0,0,0,0,0,0,0,0.919214,0,0,0,0,0,0,0,0,0,0,0,0,0,0,0
long_paper_roll_tube_,0.044081,0.000358118,1.62781e-05,0,8.68164e-05,0.000222467,0,0,0,0,0,0,0,0,0,0,0.00141619,3.25561e-05,0,0,0.00244714,0.0230172,0.000276727,0,0,2.71301e-05,0.000135651,0,0,0,0,0,0,0,0,0,0,0,0,0,0,0,0,0,0,0,0,0,0.927883,0,0,0,0,0,0,0,0,0,0,0,0,0,0,0
long_paper_roll_tube_,0.0515093,0.000420748,2.15768e-05,0,0.000124067,0.000199586,0,0,0,0,0,0,0,0,0,0,0.00117054,4.31537e-05,5.39421e-06,0,0.00262159,0.0224669,0.00026971,5.39421e-06,0,4.31537e-05,0.000107884,0,0,0,0,0,0,0,0,0,0,0,0,0,0,0,0,0,0,0,0,0,0.920991,0,0,0,0,0,0,0,0,0,0,0,0,0,0,0
long_paper_roll_tube_,0.0441112,0.000498983,1.08475e-05,0,0.000184407,0.000314576,0,0,0,0,0,0,0,0,0,0,0.00120407,1.62712e-05,0,0,0.0027661,0.0232895,0.000298305,5.42373e-06,0,5.42373e-06,0.000157288,0,0,0,0,0,0,0,0,0,0,0,0,0,0,0,0,0,0,0,0,0,0.927138,0,0,0,0,0,0,0,0,0,0,0,0,0,0,0
long_paper_roll_tube_,0.044163,0.000386487,1.63304e-05,0,0.000223183,0.000310278,0,0,0,0,0,0,0,0,0,0,0.00139897,2.72174e-05,0,0,0.00284694,0.0223945,0.000321165,5.44348e-06,5.44348e-06,3.81044e-05,9.79826e-05,0,0,0,0,0,0,0,0,0,0,0,0,0,0,0,0,0,0,0,0,0,0.927765,0,0,0,0,0,0,0,0,0,0,0,0,0,0,0
long_paper_roll_tube_,0.0446134,0.000391632,0,0,0.000217573,0.000239331,0,0,0,0,0,0,0,0,0,0,0.00128368,3.80753e-05,0,0,0.00270335,0.0219423,0.000195816,5.43934e-06,0,2.17573e-05,0.000146862,0,0,0,0,0,0,0,0,0,0,0,0,0,0,0,0,0,0,0,0,0,0.928201,0,0,0,0,0,0,0,0,0,0,0,0,0,0,0
pineapple_cup_,0.0439598,0.000357441,5.41577e-06,0,0.000449509,0.000297867,1.08315e-05,0,0.000411598,0,0,0,0,0,0,0,0.000341193,2.16631e-05,0,0,0.00307074,0.0227137,0.000276204,5.41577e-06,0.00125646,5.95735e-05,0.000173305,5.41577e-06,2.70788e-05,1.62473e-05,0,0,0,0,0,0,0,0,0,0,0,0,0,0,0,0,0,0,0.926541,0,0,0,0,0,0,0,0,0,0,0,0,0,0,0
pineapple_cup_,0.0436124,0.000336147,5.42173e-06,0,0.000444582,0.000173495,5.42173e-06,0,0.000330725,0,0,0,1.08435e-05,0,0,0,0.000515064,3.25304e-05,0,0,0.00322051,0.0219146,0.000276508,5.42173e-06,0.00126326,8.13259e-05,0.0001247,0,2.16869e-05,0,0,0,0,0,0,0,0,0,0,0,0,0,0,0,0,0,0,0,0.927625,0,0,0,0,0,0,0,0,0,0,0,0,0,0,0
pineapple_cup_,0.0440221,0.000413302,1.08764e-05,0,0.000451369,0.000304538,0,0,0.000435055,5.43818e-06,0,0,1.63145e-05,0,0,0,0.000348044,2.17527e-05,5.43818e-06,0,0.00282785,0.0224706,0.000201213,0,0.00140305,5.982e-05,0.000130516,5.43818e-06,2.17527e-05,1.08764e-05,0,0,0,0,0,0,0,0,0,0,0,0,0,0,0,0,0,0,0.926835,0,0,0,0,0,0,0,0,0,0,0,0,0,0,0
pineapple_cup_,0.042878,0.000385897,0,0,0.0004946,0.000277193,0,0,0.000467424,1.08703e-05,5.43517e-06,0,0,0,0,0,0.000347851,2.17407e-05,5.43517e-06,0,0.00316327,0.0215994,0.000233712,0,0.00126639,7.60923e-05,0.000184796,5.43517e-06,3.2611e-05,0,0,0,0,0,0,0,0,0,0,0,0,0,0,0,0,0,0,0,0.928544,0,0,0,0,0,0,0,0,0,0,0,0,0,0,0
pineapple_cup_,0.0470392,0.000407525,2.17346e-05,0,0.0143068,0.00197242,5.43366e-06,0,0.00032602,5.43366e-06,0,0,5.43366e-06,0,0,0,0.000190178,0,0,0,0.00476532,0.00396657,0.000304285,0,0.000777013,0.000114107,0.000597703,0,5.43366e-06,1.08673e-05,0,0,0,0,0,0,0,0,0,0,0,0,0,0,0,0,0,0,0.925178,0,0,0,0,0,0,0,0,0,0,0,0,0,0,0
yellow_butter_cooking_spray_,0.0439168,0.000353422,5.43726e-06,0,0.000228365,0.000309924,7.61217e-05,0,0,0,0,0,0,0,0,0,0.000347985,2.17491e-05,0,0,0.00281107,0.0217327,0.000342548,1.63118e-05,0,4.34981e-05,0.000217491,1.63118e-05,0,0,0,0,0,0,0,0,0,0,0,0,0,0,0,0,0,0,0,0,0.92956,0,0,0,0,0,0,0,0,0,0,0,0,0,0,0
yellow_butter_cooking_spray_,0.0433649,0.000456358,4.88955e-05,0,0.000239045,0.000374866,0.000369433,0,0,0,0,0,0,0,0,0,0.000380298,5.43283e-05,5.43283e-06,0,0.00229809,0.0227527,0.000787761,1.08657e-05,1.62985e-05,4.34627e-05,0.000255343,5.43283e-06,0,0,0,0,0,0,0,0,0,0,0,0,0,0,0,0,0,0,0,0,0.928537,0,0,0,0,0,0,0,0,0,0,0,0,0,0,0
yellow_butter_cooking_spray_,0.0438511,0.000412257,5.42443e-06,0,0.000173582,0.000162733,0,0,0,0,0,0,0,0,0,0,0.000531595,6.50932e-05,0,0,0.00225656,0.0224517,0.000320042,5.42443e-06,0,2.16977e-05,0.000141035,0,0,0,0,0,0,0,0,0,0,0,0,0,0,0,0,0,0,0,0,0,0.929602,0,0,0,0,0,0,0,0,0,0,0,0,0,0,0
yellow_butter_cooking_spray_,0.0433712,0.000294079,5.44591e-06,0,0.000288633,0.000250512,0.000234174,0,0,0,0,0,0,0,0,0,0.000408443,3.26755e-05,0,0,0.00250512,0.0213698,0.00050647,5.44591e-06,5.44591e-06,2.72296e-05,0.000185161,1.08918e-05,0,0,0,0,0,0,0,0,0,0,0,0,0,0,0,0,0,0,0,0,0.930499,0,0,0,0,0,0,0,0,0,0,0,0,0,0,0
yellow_butter_cooking_spray_,0.0437327,0.000299427,1.08883e-05,0,0.000228654,0.000402866,0.000299427,0,0,0,0,0,0,0,0,0,0.000413754,0.00015788,5.44413e-06,0,0.00255874,0.0223264,0.00119771,0,0,2.17765e-05,0.000195989,5.44413e-06,0,0,0,0,0,0,0,0,0,0,0,0,0,0,0,0,0,0,0,0,0.928143,0,0,0,0,0,0,0,0,0,0,0,0,0,0,0
zinc_pill_jar_,0.0437407,0.000379223,5.41747e-06,0,0.000260039,0.000232951,0,0,0,0,0,0,0,0,0,0,0.000417145,3.25048e-05,0,0,0.00213448,0.0228021,0.000222116,5.41747e-06,0,2.16699e-05,0.000184194,0,0,0,0,0,0,0,0,0,0,0,0,0,0,0,0,0,0,0,0,0,0.929562,0,0,0,0,0,0,0,0,0,0,0,0,0,0,0
zinc_pill_jar_,0.0444798,0.00025961,5.40853e-06,0,0.000178482,0.000237975,0,0,0,0,0,0,0,0,0,0,0.000432683,2.70427e-05,0,0,0.00230944,0.0222669,0.000265018,0,1.08171e-05,3.24512e-05,0.000151439,0,0,0,0,0,0,0,0,0,0,0,0,0,0,0,0,0,0,0,0,0,0.929343,0,0,0,0,0,0,0,0,0,0,0,0,0,0,0
zinc_pill_jar_,0.0432752,0.000325827,5.43044e-06,0,0.000195496,0.000380131,5.43044e-06,0,0,0,0,0,0,0,0,0,0.000374701,3.25827e-05,0,0,0.00218304,0.0226612,0.000255231,5.43044e-06,1.62913e-05,4.8874e-05,0.000157483,1.08609e-05,0,0,0,0,0,0,0,0,0,0,0,0,0,0,0,0,0,0,0,0,0.930067,0,0,0,0,0,0,0,0,0,0,0,0,0,0,0
zinc_pill_jar_,0.0432182,0.000342527,5.43694e-06,0,0.000288158,0.00026641,5.43694e-06,0,0,0,0,0,0,0,0,0,0.000331653,3.26216e-05,0,0,0.00239769,0.0214868,0.000282721,1.08739e-05,0,3.26216e-05,0.00014136,1.08739e-05,0,0,0,0,0,0,0,0,0,0,0,0,0,0,0,0,0,0,0,0,0.931147,0,0,0,0,0,0,0,0,0,0,0,0,0,0,0
zinc_pill_jar_,0.0438569,0.000320718,1.08718e-05,0,0.000179385,0.000342462,5.43591e-06,0,0,0,0,0,0,0,0,0,0.000402257,4.89231e-05,5.43591e-06,0,0.00236462,0.0224775,0.000233744,0,1.08718e-05,3.80513e-05,0.000125026,0,0,0,0,0,0,0,0,0,0,0,0,0,0,0,0,0,0,0,0,0,0.929578,0,0,0,0,0,0,0,0,0,0,0,0,0,0,0
Pink_crayon_bank_,0.0442762,0.000326842,5.44736e-06,0,0.000152526,0.0003105,5.44736e-06,0,0,0,0,0,0,0,0,0,0.00291979,0.000680921,0,0,0.00234237,0.0226338,0.000250579,5.44736e-06,0,2.17895e-05,0.000130737,5.44736e-06,0,0,0,0,1.63421e-05,0,0,0,0,0,0,0,0,0,0,0,0,0,0,0,0.925916,0,0,0,0,0,0,0,0,0,0,0,0,0,0,0
Pink_crayon_bank_,0.0438794,0.000337074,5.43667e-06,0,0.00024465,0.000396877,0,0,0,0,0,0,0,0,0,0,0.00107102,0.000445807,0,0,0.00214749,0.0230461,0.000299017,5.43667e-06,0,1.08733e-05,0.000206594,0,0,0,0,0,0,0,0,0,0,0,0,0,0,0,0,0,0,0,0,0,0.927904,0,0,0,0,0,0,0,0,0,0,0,0,0,0,0
Pink_crayon_bank_,0.043083,0.000404023,0,0,0.000278448,0.00022931,5.45977e-06,0,0,0,0,0,0,0,0,0,0.00161063,0.000589655,0,0,0.00192184,0.0222868,0.000262069,5.45977e-06,5.45977e-06,2.72988e-05,0.000207471,1.09195e-05,0,0,0,0,5.45977e-06,0,0,0,0,0,0,0,0,0,0,0,0,0,0,0,0.929067,0,0,0,0,0,0,0,0,0,0,0,0,0,0,0
Pink_crayon_bank_,0.0529234,0.000527511,5.38277e-06,0,0.000247607,0.000274521,0,0,0,0,0,0,0,0,0,0,0.00103349,0.000339114,5.38277e-06,0,0.00186782,0.0231136,0.000263756,5.38277e-06,0,5.38277e-05,0.000172249,0,0,0,0,0,0,0,0,0,0,0,0,0,0,0,0,0,0,0,0,0,0.919167,0,0,0,0,0,0,0,0,0,0,0,0,0,0,0
Pink_crayon_bank_,0.0448348,0.000321924,1.09127e-05,0,0.000250992,0.000294642,5.45634e-06,0,0,0,0,0,0,0,0,0,0.00309375,0.00089484,5.45634e-06,0,0.00435962,0.0204285,0.000240079,5.45634e-06,0,2.72817e-05,0.000136409,0,0,0,0,0,5.45634e-06,0,0,0,0,0,0,0,0,0,0,0,0,0,0,0,0.925084,0,0,0,0,0,0,0,0,0,0,0,0,0,0,0
big_open_metal_jar_,0.0437006,0.000329567,5.49279e-06,0,0.000373509,0.000313089,1.64784e-05,0,0,5.49279e-06,0,0,0,0,0,0,0.000329567,3.84495e-05,0,0,0.00413057,0.0200212,0.000274639,5.49279e-06,1.09856e-05,0.000164784,0.000258161,5.49279e-06,0,0,0,0,0,0,0,0,0,0,0,0,0,0,0,0,0,0,0,0,0.930016,0,0,0,0,0,0,0,0,0,0,0,0,0,0,0
big_open_metal_jar_,0.04395,0.000307189,5.48552e-06,0,0.000296218,0.000323646,5.48552e-06,0,0,0,0,0,0,0,0,0,0.00036753,6.03408e-05,0,0,0.00267145,0.0226607,0.000274276,5.48552e-06,1.64566e-05,0.000137138,0.000279762,1.64566e-05,0,0,0,0,0,0,0,0,0,0,0,0,0,0,0,0,0,0,0,0,0.928622,0,0,0,0,0,0,0,0,0,0,0,0,0,0,0
big_open_metal_jar_,0.0438617,0.000361272,5.47381e-06,0,0.000169688,0.000202531,0,0,0,0,0,0,0,0,0,0,0.000492643,4.37905e-05,0,0,0.00237016,0.02299,0.000246322,1.64214e-05,5.47381e-06,9.30548e-05,0.000169688,5.47381e-06,0,0,0,0,0,0,0,0,0,0,0,0,0,0,0,0,0,0,0,0,0.928966,0,0,0,0,0,0,0,0,0,0,0,0,0,0,0
big_open_metal_jar_,0.0462817,0.000344366,5.46612e-06,0,0.000147585,0.000251442,0,0,0,0,0,0,0,0,0,0,0.000475553,4.91951e-05,0,0,0.00244336,0.0224166,0.000284238,1.09322e-05,1.09322e-05,7.10596e-05,0.000235043,1.09322e-05,0,0,0,0,0,0,0,0,0,0,0,0,0,0,0,0,0,0,0,0,0.926962,0,0,0,0,0,0,0,0,0,0,0,0,0,0,0
big_open_metal_jar_,0.0503755,0.000364842,5.44541e-06,0,0.000217816,0.000283161,5.44541e-06,0,0,0,0,0,0,0,0,0,0.00047375,2.7227e-05,0,0,0.00216183,0.0225385,0.000326724,5.44541e-06,5.44541e-06,0.000125244,0.000217816,0,0,0,0,0,0,0,0,0,0,0,0,0,0,0,0,0,0,0,0,0,0.922866,0,0,0,0,0,0,0,0,0,0,0,0,0,0,0
red_folders_coffee_jar_,0.0492807,0.000407593,1.08692e-05,1.08692e-05,0.000266294,0.000271729,0,0,0,0,0,0,0,0,0,0,0.00418462,0.00231513,0.000239121,0,0.00303249,0.0238034,0.000744537,1.08692e-05,0,2.71729e-05,0.000146734,5.43458e-06,0,0,0,0,5.43458e-06,0,0,0,0,0,0,0,0,0,0,0,0,0,0,0,0.915237,0,0,0,0,0,0,0,0,0,0,0,0,0,0,0
red_folders_coffee_jar_,0.0520647,0.000385062,1.08468e-05,0,0.000352521,0.000319981,5.42341e-06,0,0,0,0,0,0,0,0,0,0.00417602,0.00208801,6.50809e-05,0,0.00327574,0.0227675,0.000591151,1.08468e-05,0,2.7117e-05,0.000211513,0,0,0,0,0,0,0,0,0,0,0,0,0,0,0,0,0,0,0,0,0,0.913649,0,0,0,0,0,0,0,0,0,0,0,0,0,0,0
red_folders_coffee_jar_,0.0508289,0.000429556,2.17497e-05,0,0.000260996,0.000233809,0,0,0,0,0,0,0,0,0,0,0.00324614,0.00104398,5.43741e-06,0,0.00334401,0.0246424,0.000260996,2.71871e-05,0,1.08748e-05,0.000103311,0,0,0,0,0,5.43741e-06,0,0,0,0,0,0,0,0,0,0,0,0,0,0,0,0.915535,0,0,0,0,0,0,0,0,0,0,0,0,0,0,0
red_folders_coffee_jar_,0.0494325,0.000434047,5.42558e-06,1.08512e-05,0.000244151,0.000255002,1.08512e-05,0,0,0,0,0,0,0,0,0,0.00441642,0.00103086,0,0,0.00316311,0.0234005,0.000265854,5.42558e-06,5.42558e-06,3.25535e-05,0.000179044,0,0,0,0,0,0,0,0,0,0,0,0,0,0,0,0,0,0,0,0,0,0.917108,0,0,0,0,0,0,0,0,0,0,0,0,0,0,0
red_folders_coffee_jar_,0.0499566,0.000374512,2.17108e-05,5.4277e-06,0.000206253,0.000184542,0,0,0,0,0,0,0,0,0,0,0.00408163,0.00183456,2.71385e-05,0,0.00300152,0.0239904,0.000553626,0,0,4.88493e-05,0.000135693,0,0,0,0,0,2.17108e-05,0,0,0,0,0,0,0,0,0,0,0,0,0,0,0,0.915556,0,0,0,0,0,0,0,0,0,0,0,0,0,0,0
campbells_noodle_soup_,0.0436367,0.000261102,5.43963e-06,0,0.00029374,0.00029374,5.43963e-06,0,0,0,0,0,0,0,0,0,0.000424291,7.61548e-05,0,0,0.00537436,0.019376,0.000244783,0,5.43963e-06,2.71982e-05,0.000179508,0,0,0,0,0,0,0,0,0,0,0,0,0,0,0,0,0,0,0,0,0,0.929796,0,0,0,0,0,0,0,0,0,0,0,0,0,0,0
campbells_noodle_soup_,0.0437401,0.000386262,5.44031e-06,0,0.000272016,0.000223053,0,0,0,0,0,0,0,0,0,0,0.000473307,0.000103366,5.44031e-06,0,0.00468411,0.0187745,0.00016865,0,0,1.63209e-05,0.000146888,1.08806e-05,0,0,0,0,0,0,0,0,0,0,0,0,0,0,0,0,0,0,0,0,0.93099,0,0,0,0,0,0,0,0,0,0,0,0,0,0,0
campbells_noodle_soup_,0.0448166,0.00034666,5.41656e-06,0,0.000178746,0.000238329,0,0,0,0,0,0,0,0,0,0,0.000427908,0.000129997,5.41656e-06,0,0.00320119,0.0213412,0.000303327,0,0,2.70828e-05,0.000211246,0,0,0,0,0,5.41656e-06,0,0,0,0,0,0,0,0,0,0,0,0,0,0,0,0.928761,0,0,0,0,0,0,0,0,0,0,0,0,0,0,0
campbells_noodle_soup_,0.0429718,0.000244621,5.43602e-06,0,0.000304417,0.000353342,0,0,0,0,0,0,0,0,0,0,0.000385958,5.43602e-05,0,0,0.00345187,0.0208798,0.000222877,0,0,3.26161e-05,0.000190261,0,0,0,0,0,0,0,0,0,0,0,0,0,0,0,0,0,0,0,0,0,0.930903,0,0,0,0,0,0,0,0,0,0,0,0,0,0,0
campbells_noodle_soup_,0.0442127,0.00034118,5.41556e-06,0,0.000189545,0.000324934,5.41556e-06,0,0,0,0,0,0,0,0,0,0.000454907,7.58179e-05,5.41556e-06,0,0.00208499,0.0227454,0.000281609,0,0,2.16623e-05,0.000157051,0,0,0,0,0,0,0,0,0,0,0,0,0,0,0,0,0,0,0,0,0,0.929094,0,0,0,0,0,0,0,0,0,0,0,0,0,0,0
wide_open_metal_can_,0.0437804,0.000342587,2.17515e-05,0,0.000516599,0.000228391,5.43789e-06,0,0,0,0,0,0,0,0,0,0.000587292,6.52546e-05,0,0,0.00723783,0.0252862,0.000326273,1.08758e-05,0.000315397,0.000516599,9.78819e-05,0,0,0,0,0,0,0,0,0,0,0,0,0,0,0,0,0,0,0,0,0,0.920661,0,0,0,0,0,0,0,0,0,0,0,0,0,0,0
wide_open_metal_can_,0.0440916,0.000336909,3.26041e-05,0,0.000700988,0.000304305,0,0,0,0,0,0,0,0,0,0,0.000451023,4.34721e-05,0,0,0.00944432,0.0236977,0.000282569,5.43401e-06,0.000402117,0.000695554,0.000201059,1.0868e-05,0,0,0,0,0,0,0,0,0,0,0,0,0,0,0,0,0,0,0,0,0.919299,0,0,0,0,0,0,0,0,0,0,0,0,0,0,0
wide_open_metal_can_,0.0436547,0.00038618,1.08783e-05,0,0.000723408,0.000304593,0,0,0,0,0,0,0,0,0,0,0.000603746,2.71958e-05,0,0,0.011172,0.0217022,0.000250201,1.63175e-05,0.000543916,0.00070709,0.000157736,0,0,0,0,0,0,0,0,0,0,0,0,0,0,0,0,0,0,0,0,0,0.91974,0,0,0,0,0,0,0,0,0,0,0,0,0,0,0
wide_open_metal_can_,0.0450668,0.00023317,1.08451e-05,0,0.00078627,0.000352466,5.42255e-06,0,0,0,0,0,0,0,0,0,0.000580213,3.25353e-05,0,0,0.0134534,0.0198086,0.00027655,5.42255e-06,0.000330776,0.000428382,0.000200634,0,0,0,0,0,0,0,0,0,0,0,0,0,0,0,0,0,0,0,0,0,0.918429,0,0,0,0,0,0,0,0,0,0,0,0,0,0,0
wide_open_metal_can_,0.0452468,0.00029814,5.42073e-06,0,0.000574597,0.000227671,0,0,0,0,0,0,0,0,0,0,0.000580018,6.50488e-05,5.42073e-06,0,0.0114377,0.021233,0.000314402,0,4.87866e-05,6.50488e-05,0.000216829,0,0,0,0,0,5.42073e-06,0,0,0,0,0,0,0,0,0,0,0,0,0,0,0,0.919676,0,0,0,0,0,0,0,0,0,0,0,0,0,0,0
wet_ones_container_,0.0440564,0.000525643,1.6257e-05,0,0.000157151,0.000233017,6.5028e-05,0,0,0,0,0,0,0,0,0,0.000536481,9.21229e-05,2.1676e-05,0,0.00215134,0.0227002,0.000791174,1.6257e-05,1.0838e-05,5.419e-05,0.000373911,2.1676e-05,0,0,0,0,0,0,0,0,0,0,0,0,0,0,0,0,0,0,0,0,0.928177,0,0,0,0,0,0,0,0,0,0,0,0,0,0,0
wet_ones_container_,0.0437984,0.000633896,4.87612e-05,5.41791e-06,0.000222134,0.000363,0.000319657,1.08358e-05,0,0,0,0,0,0,0,0,0.000400925,8.66866e-05,1.62537e-05,0,0.00206422,0.0227715,0.000628478,5.41791e-05,0,4.33433e-05,0.000406343,7.58507e-05,0,0,0,0,0,0,0,0,0,0,0,0,0,0,0,0,0,0,0,0,0.92805,0,0,0,0,0,0,0,0,0,0,0,0,0,0,0
wet_ones_container_,0.0446021,0.000423644,8.69013e-05,0,0.00032588,0.000347605,0.000412781,1.08627e-05,0,0,0,0,0,0,0,0,0.000445369,9.23326e-05,0,0,0.00538245,0.0196234,0.000581152,3.2588e-05,5.43133e-06,9.23326e-05,0.000385624,0.000146646,0,0,0,0,0,0,0,0,0,0,0,0,0,0,0,0,0,0,0,0,0.927003,0,0,0,0,0,0,0,0,0,0,0,0,0,0,0
wet_ones_container_,0.0426232,0.000451413,8.15807e-05,5.43871e-06,0.000201232,0.000271936,0.000467729,2.17549e-05,0,0,5.43871e-06,0,0,0,0,0,0.000429658,5.98259e-05,1.08774e-05,0,0.00245286,0.0220975,0.000484046,6.52646e-05,1.08774e-05,8.15807e-05,0.000282813,0.000195794,0,0,0,0,0,0,0,0,0,0,0,0,0,0,0,0,0,0,0,0,0.929699,0,0,0,0,0,0,0,0,0,0,0,0,0,0,0
wet_ones_container_,0.0435839,0.000456775,8.1567e-05,0,0.000315392,0.000424148,0.000358895,0,0,0,0,0,0,0,0,0,0.00036977,7.61292e-05,5.4378e-06,0,0.00406747,0.0206582,0.000603595,8.70048e-05,0,0.000130507,0.000407835,3.26268e-05,0,0,0,0,0,0,0,0,0,0,0,0,0,0,0,0,0,0,0,0,0.928341,0,0,0,0,0,0,0,0,0,0,0,0,0,0,0
tall_blue_pringles_,0.0445122,0.000630222,2.71648e-05,0,0.000260782,0.000825809,0.00460171,4.88966e-05,0,0,5.43295e-06,0,0,0,0,0,0.0009562,0.000152123,0,0,0.00216775,0.0260836,0.00222751,0.000249916,0,0.000119525,0.000814943,0.000396605,0,0,0,0,0,0,0,0,0,0,0,0,0,0,0,0,0,0,0,0,0.91592,0,0,0,0,0,0,0,0,0,0,0,0,0,0,0
tall_blue_pringles_,0.0439843,0.000387022,7.08632e-05,0,0.000207139,0.000468787,0.00581078,9.81183e-05,0,0,5.45102e-06,0,0,0,0,0,0.000436081,4.90592e-05,0,0,0.00278547,0.0251237,0.00179884,0.000196237,1.63531e-05,0.000103569,0.000441532,0.000207139,0,0,0,0,0,0,0,0,0,0,0,0,0,0,0,0,0,0,0,0,0.91781,0,0,0,0,0,0,0,0,0,0,0,0,0,0,0
tall_blue_pringles_,0.045535,0.000765431,6.5143e-05,0,0.000282287,0.000618859,0.00607459,5.42859e-05,0,0,0,0,0,0,0,0,0.000586287,7.60002e-05,0,0,0.00241572,0.0260898,0.00185115,0.000130286,1.08572e-05,0.000130286,0.00092286,0.000206286,0,0,0,0,0,0,0,0,0,0,0,0,0,0,0,0,0,0,0,0,0.914185,0,0,0,0,0,0,0,0,0,0,0,0,0,0,0
tall_blue_pringles_,0.0437848,0.000730018,7.08227e-05,0,0.000245155,0.00085532,0.0064939,4.90311e-05,0,0,5.4479e-06,1.08958e-05,0,0,0,0,0.000577477,9.80622e-05,0,0,0.00295821,0.0253927,0.00185773,0.000125302,5.4479e-06,0.000136197,0.000768154,0.000228812,0,0,0,0,0,0,0,0,0,0,0,0,0,0,0,0,0,0,0,0,0.915607,0,0,0,0,0,0,0,0,0,0,0,0,0,0,0
tall_blue_pringles_,0.0431969,0.000506981,6.54168e-05,0,0.00034889,0.000523335,0.00577849,0.000152639,0,0,0,0,0,0,0,0,0.000370695,2.18056e-05,0,0,0.00255671,0.0249347,0.00191889,0.000158091,2.18056e-05,0.000109028,0.000506981,0.000207153,0,0,0,0,0,0,0,0,0,0,0,0,0,0,0,0,0,0,0,0,0.918621,0,0,0,0,0,0,0,0,0,0,0,0,0,0,0
green_allergy_pill_jar_,0.0432731,0.000309559,5.43086e-06,0,0.000195511,0.000276974,0,0,0,0,0,0,0,0,0,0,0.000391022,4.34469e-05,0,0,0.0024113,0.0220656,0.00025525,5.43086e-06,0.000325851,7.06011e-05,0.000162926,5.43086e-06,1.62926e-05,5.43086e-06,0,0,0,0,0,0,0,0,0,0,0,0,0,0,0,0,0,0,0.930181,0,0,0,0,0,0,0,0,0,0,0,0,0,0,0
green_allergy_pill_jar_,0.0438826,0.000304401,5.43573e-06,0,0.000266351,0.000228301,0,0,0,0,0,0,0,0,0,0,0.000440294,3.80501e-05,0,0,0.0050661,0.0194545,0.000228301,0,0.000337015,5.9793e-05,0.000119586,0,1.63072e-05,0,0,0,0,0,0,0,0,0,0,0,0,0,0,0,0,0,0,0,0.929553,0,0,0,0,0,0,0,0,0,0,0,0,0,0,0
green_allergy_pill_jar_,0.0442101,0.000287113,5.41724e-06,0,0.000325034,0.000238358,0,0,0,0,0,0,0,0,0,0,0.000422544,2.70862e-05,0,0,0.00339119,0.0213114,0.000270862,0,0.000319617,8.12585e-05,0.000178769,0,1.08345e-05,0,0,0,0,0,0,0,0,0,0,0,0,0,0,0,0,0,0,0,0.92892,0,0,0,0,0,0,0,0,0,0,0,0,0,0,0
green_allergy_pill_jar_,0.0428845,0.000424222,0,0,0.000201234,0.000222988,0,0,0,0,0,0,0,0,0,0,0.00039159,3.26325e-05,0,0,0.00203409,0.0223315,0.000222988,0,0.00030457,3.80712e-05,0.00013053,5.43874e-06,2.1755e-05,0,0,0,0,0,0,0,0,0,0,0,0,0,0,0,0,0,0,0,0.930754,0,0,0,0,0,0,0,0,0,0,0,0,0,0,0
green_allergy_pill_jar_,0.0444791,0.000276301,5.41768e-06,0,0.000205872,0.000270884,5.41768e-06,0,0,0,0,0,0,0,0,0,0.000379237,5.41768e-06,0,0,0.00336979,0.0210639,0.000260048,0,0.000352149,5.95944e-05,0.000173366,5.41768e-06,1.08354e-05,0,0,0,0,0,0,0,0,0,0,0,0,0,0,0,0,0,0,0,0.929077,0,0,0,0,0,0,0,0,0,0,0,0,0,0,0
big_orange_bug_repellent_,0.0430893,0.00032627,0,0,0.000271891,0.000331707,0,0,0,0,0,0,0,0,0,0,0.000435026,3.80648e-05,0,0,0.00251771,0.0219743,0.000233827,0,5.43783e-06,3.2627e-05,0.000184886,1.08757e-05,0,0,0,0,0,0,0,0,0,0,0,0,0,0,0,0,0,0,0,0,0.930548,0,0,0,0,0,0,0,0,0,0,0,0,0,0,0
big_orange_bug_repellent_,0.0773049,0.00106319,2.68032e-05,0,0.000402048,0.000513728,1.34016e-05,0,0,0,0,0,0,0,0,0,0.000978316,0.000317171,4.4672e-06,0,0.00303323,0.0342009,0.00124188,8.93439e-06,8.93439e-06,9.38111e-05,0.000763891,4.4672e-06,0,0,0,0,0,0,0,0,0,0,0,0,0,0,0,0,0,0,0,0,0.88002,0,0,0,0,0,0,0,0,0,0,0,0,0,0,0
big_orange_bug_repellent_,0.0440877,0.000390109,5.41817e-06,0,0.000173382,0.000276327,5.41817e-06,0,0,0,0,0,0,0,0,0,0.000330509,4.33454e-05,0,0,0.00202098,0.0225234,0.000276327,5.41817e-06,0,5.95999e-05,0.000465963,0,0,0,0,0,0,0,0,0,0,0,0,0,0,0,0,0,0,0,0,0,0.929336,0,0,0,0,0,0,0,0,0,0,0,0,0,0,0
big_orange_bug_repellent_,0.0438708,0.00032517,5.4195e-06,0,0.000162585,0.000254716,0,0,0,0,0,0,0,0,0,0,0.000406462,2.1678e-05,0,0,0.00212986,0.0223392,0.000287233,0,0,4.87755e-05,0.000341428,0,0,0,0,0,0,0,0,0,0,0,0,0,0,0,0,0,0,0,0,0,0.929807,0,0,0,0,0,0,0,0,0,0,0,0,0,0,0
big_orange_bug_repellent_,0.0434872,0.000260891,5.43523e-06,0,0.000206539,0.000266326,5.43523e-06,0,0,0,0,0,0,0,0,0,0.000472865,2.17409e-05,0,0,0.00329375,0.0211267,0.00025002,5.43523e-06,0,7.60932e-05,0.000451124,5.43523e-06,0,0,0,0,0,0,0,0,0,0,0,0,0,0,0,0,0,0,0,0,0.930065,0,0,0,0,0,0,0,0,0,0,0,0,0,0,0
coffee_mate_container_,0.0433128,0.000657737,1.08717e-05,0,8.15377e-05,0.000163075,0,0,0,0,0,0,0,0,0,0,0.000733839,5.97943e-05,1.08717e-05,0,0.00181557,0.021863,0.000293536,1.08717e-05,5.43585e-05,3.80509e-05,8.69735e-05,0,0,0,0,0,0,0,0,0,0,0,0,0,0,0,0,0,0,0,0,0,0.930807,0,0,0,0,0,0,0,0,0,0,0,0,0,0,0
coffee_mate_container_,0.0423058,0.000321365,5.44686e-06,0,7.08092e-05,7.08092e-05,5.44686e-06,0,0,0,0,0,0,0,0,0,0.00083337,7.08092e-05,1.08937e-05,0,0.00198266,0.0223049,0.000261449,5.44686e-06,0,5.44686e-06,6.53623e-05,0,0,0,0,0,0,0,0,0,0,0,0,0,0,0,0,0,0,0,0,0,0.93168,0,0,0,0,0,0,0,0,0,0,0,0,0,0,0
coffee_mate_container_,0.0423014,0.000474378,1.09052e-05,0,0.000190842,0.000398041,5.45262e-06,0,0,0,0,0,0,0,0,0,0.00043621,2.18105e-05,5.45262e-06,0,0.00185934,0.0230646,0.000256273,5.45262e-06,1.09052e-05,0.000147221,0.000201747,0,0,0,0,0,0,0,0,0,0,0,0,0,0,0,0,0,0,0,0,0,0.93061,0,0,0,0,0,0,0,0,0,0,0,0,0,0,0
coffee_mate_container_,0.0421346,0.000507055,5.45221e-06,0,0.000141757,0.000119949,0,0,0,0,0,0,0,0,0,0,0.000659717,4.36176e-05,1.09044e-05,0,0.00211,0.0226757,0.000250801,5.45221e-06,0,5.45221e-06,6.54265e-05,0,0,0,0,0,0,0,0,0,0,0,0,0,0,0,0,0,0,0,0,0,0.931264,0,0,0,0,0,0,0,0,0,0,0,0,0,0,0
coffee_mate_container_,0.0509266,0.000356395,1.61998e-05,0,9.17986e-05,6.4799e-05,0,0,0,0,0,0,0,0,0,0,0.000971985,8.09988e-05,5.39992e-06,0,0.00235436,0.0220641,0.000237596,5.39992e-06,8.09988e-05,0,7.01989e-05,0,0,0,0,0,0,0,0,0,0,0,0,0,0,0,0,0,0,0,0,0,0.922673,0,0,0,0,0,0,0,0,0,0,0,0,0,0,0
green_oeange_water_bottle_,0.0431461,0.000364033,6.52e-05,0,0.0004238,0.00913344,0.0001304,2.71667e-05,0,0,0,5.43334e-06,0,0,0,0,0.0004075,6.52e-05,2.17333e-05,0,0.00199403,0.0244826,0.0003423,0.0001304,5.43334e-06,4.89e-05,0.000287967,0.0001793,0,0,0,0,0,0,0,0,0,0,0,0,0,0,0,0,0,0,0,0,0.918739,0,0,0,0,0,0,0,0,0,0,0,0,0,0,0
green_oeange_water_bottle_,0.044374,0.000483922,5.98106e-05,0,0.000342551,0.00932501,0.000103309,2.17493e-05,0,0,0,0,0,0,0,0,0.000614418,0.000103309,2.17493e-05,0,0.00515458,0.0212436,0.000396925,0.000130496,0,4.89359e-05,0.000217493,0.00014137,0,0,0,0,0,0,0,0,0,0,0,0,0,0,0,0,0,0,0,0,0.917217,0,0,0,0,0,0,0,0,0,0,0,0,0,0,0
green_oeange_water_bottle_,0.0440157,0.000396098,8.68159e-05,0,0.000249596,0.00885522,9.76679e-05,8.68159e-05,0,0,0,0,0,0,0,0,0.000401524,3.2556e-05,1.6278e-05,0,0.0020456,0.0242325,0.000428654,8.68159e-05,1.6278e-05,7.05379e-05,0.000401524,0.000195336,0,0,0,0,0,0,0,0,0,0,0,0,0,0,0,0,0,0,0,0,0.918285,0,0,0,0,0,0,0,0,0,0,0,0,0,0,0
green_oeange_water_bottle_,0.0424154,0.000434863,0.000173945,5.43579e-06,0.000521836,0.00930063,0.00014133,5.97937e-05,0,0,0,5.43579e-06,0,0,0,0,0.000293533,2.71789e-05,2.17431e-05,0,0.00226672,0.0244176,0.000342455,3.26147e-05,0,6.52294e-05,0.000380505,0.000179381,0,0,0,0,0,0,0,0,0,0,0,0,0,0,0,0,0,0,0,0,0.918914,0,0,0,0,0,0,0,0,0,0,0,0,0,0,0
green_oeange_water_bottle_,0.0437666,0.000418897,3.80816e-05,0,0.000380816,0.00830178,8.16033e-05,3.26413e-05,0,0,0,0,0,0,0,0,0.000424337,9.24838e-05,1.63207e-05,0,0.00225225,0.025346,0.000369935,7.61631e-05,1.08804e-05,7.61631e-05,0.00023393,0.000206728,0,0,0,0,0,0,0,0,0,0,0,0,0,0,0,0,0,0,0,0,0.917874,0,0,0,0,0,0,0,0,0,0,0,0,0,0,0
blue_red_avengers_water_bottle_full_,0.0435947,0.000401995,8.69178e-05,0,0.00020643,0.000282483,0.000494345,0.00373203,0,0,0,0,0,0,0,0,0.000412859,2.71618e-05,1.08647e-05,0,0.00201541,0.0228539,0.000733369,0.00422638,0,4.34589e-05,0.000271618,0.000923501,0,0,0,0,0,0,0,0,0,0,0,0,0,0,0,0,0,0,0,0,0.919683,0,0,0,0,0,0,0,0,0,0,0,0,0,0,0
blue_red_avengers_water_bottle_full_,0.0426369,0.000555353,6.53356e-05,0,0.000234119,0.000468239,0.000500907,0.00266243,0,0,0,0,0,0,0,0,0.000419237,7.62249e-05,2.17785e-05,0,0.00199818,0.0230363,0.00127949,0.00358802,0,3.81125e-05,0.000234119,0.00103448,0,0,0,0,0,0,0,0,0,0,0,0,0,0,0,0,0,0,0,0,0.921151,0,0,0,0,0,0,0,0,0,0,0,0,0,0,0
blue_red_avengers_water_bottle_full_,0.0431519,0.000407401,4.34561e-05,0,0.000260736,0.000277032,0.000532337,0.00435647,0,0,0,5.43201e-06,0,0,0,0,0.000396537,3.80241e-05,1.0864e-05,0,0.00203157,0.0229285,0.00110813,0.00330809,0,1.0864e-05,0.00024444,0.000624681,0,0,0,0,0,0,0,0,0,0,0,0,0,0,0,0,0,0,0,0,0.920264,0,0,0,0,0,0,0,0,0,0,0,0,0,0,0
blue_red_avengers_water_bottle_full_,0.043986,0.000347115,0.000119321,0,0.000157286,0.000352539,0.000585756,0.00406233,0,0,0,5.42367e-06,0,0,0,0,0.00042847,4.33894e-05,3.2542e-05,0,0.00240811,0.0223509,0.00102507,0.00380742,0,2.71183e-05,0.000249489,0.000547791,0,0,0,0,0,0,0,0,0,0,0,0,0,0,0,0,0,0,0,0,0.919464,0,0,0,0,0,0,0,0,0,0,0,0,0,0,0
blue_red_avengers_water_bottle_full_,0.0442963,0.00046063,0.000119222,5.41917e-06,0.000162575,0.000276378,0.000536498,0.00320815,0,0,0,0,0,0,0,0,0.000585271,5.96109e-05,3.2515e-05,0,0.00239527,0.0227063,0.00128434,0.00340324,0,2.70959e-05,0.000167994,0.000699073,0,0,0,0,0,0,0,0,0,0,0,0,0,0,0,0,0,0,0,0,0.919574,0,0,0,0,0,0,0,0,0,0,0,0,0,0,0
yellow_lysol_wipes_container_,0.0422298,0.00060445,5.4455e-06,0,0.000299502,0.000370294,1.0891e-05,0,0,0,5.4455e-06,0,0,0,0,0,0.000315839,5.4455e-06,0,0,0.00187325,0.0229092,0.00021782,5.4455e-06,5.4455e-06,2.1782e-05,0.000157919,1.0891e-05,0,0,0,0,0,0,0,0,0,0,0,0,0,0,0,0,0,0,0,0,0.930951,0,0,0,0,0,0,0,0,0,0,0,0,0,0,0
yellow_lysol_wipes_container_,0.0435264,0.000488695,3.80096e-05,0,9.7739e-05,0.000228058,2.17198e-05,0,0,0,5.42994e-06,0,0,0,0,0,0.000564714,7.60192e-05,2.17198e-05,0,0.00199822,0.0230718,0.000320367,1.62898e-05,5.42994e-06,1.62898e-05,0.000162898,1.08599e-05,0,0,0,0,0,0,0,0,0,0,0,0,0,0,0,0,0,0,0,0,0.929329,0,0,0,0,0,0,0,0,0,0,0,0,0,0,0
yellow_lysol_wipes_container_,0.0431702,0.000310224,1.08851e-05,0,0.000266684,0.000266684,0,0,0,0,0,0,0,0,0,0,0.00038642,2.17701e-05,5.44253e-06,0,0.00307503,0.0213402,0.000234029,5.44253e-06,0,2.72127e-05,0.000114293,5.44253e-06,0,0,0,0,0,0,0,0,0,0,0,0,0,0,0,0,0,0,0,0,0.93076,0,0,0,0,0,0,0,0,0,0,0,0,0,0,0
yellow_lysol_wipes_container_,0.0444558,0.000358164,1.62802e-05,0,0.000135668,0.000179082,0,0,0,0,0,0,0,0,0,0,0.000450419,1.62802e-05,0,0,0.00242032,0.0224938,0.000233349,0,0,3.25604e-05,0.000119388,1.08535e-05,0,0,0,0,0,0,0,0,0,0,0,0,0,0,0,0,0,0,0,0,0.929078,0,0,0,0,0,0,0,0,0,0,0,0,0,0,0
yellow_lysol_wipes_container_,0.0445051,0.000303493,1.08391e-05,0,0.000157166,0.000211361,0,0,0,0,0,0,0,0,0,0,0.000438982,2.16781e-05,5.41953e-06,0,0.00212445,0.0223772,0.000254718,0,0,4.33562e-05,0.000157166,0,0,0,0,0,0,0,0,0,0,0,0,0,0,0,0,0,0,0,0,0,0.929389,0,0,0,0,0,0,0,0,0,0,0,0,0,0,0
pink_noodle_h5_,0.0433849,0.000288905,1.09021e-05,0,0.000196238,0.000299808,5.45105e-06,1.09021e-05,0,0,0,0,0,0,0,0,0.000397926,1.09021e-05,1.09021e-05,0,0.00206595,0.0229162,0.000267101,0.000130825,0,1.63531e-05,0.000152629,2.18042e-05,0,0,0,0,0,0,0,0,0,0,0,0,0,0,0,0,0,0,0,0,0.929812,0,0,0,0,0,0,0,0,0,0,0,0,0,0,0
pink_noodle_h5_,0.042603,0.000517291,5.44517e-06,0,0.000370272,0.000266813,0,0,0,0,0,0,0,0,0,0,0.000288594,1.63355e-05,0,0,0.00205827,0.0225593,0.000217807,0,5.44517e-06,5.98969e-05,0.000163355,5.44517e-06,0,0,0,0,0,0,0,0,0,0,0,0,0,0,0,0,0,0,0,0,0.930863,0,0,0,0,0,0,0,0,0,0,0,0,0,0,0
pink_noodle_h5_,0.0443008,0.000293131,1.08567e-05,0,0.000162851,0.000195421,4.88552e-05,5.42835e-06,0,0,0,0,0,0,0,0,0.000407126,2.17134e-05,5.42835e-06,0,0.00273589,0.0216211,0.000293131,2.71418e-05,0,2.17134e-05,0.000168279,3.79985e-05,0,0,0,0,0,0,0,0,0,0,0,0,0,0,0,0,0,0,0,0,0.929643,0,0,0,0,0,0,0,0,0,0,0,0,0,0,0
pink_noodle_h5_,0.0433288,0.000430347,5.44742e-06,0,0.000245134,0.000294161,1.63423e-05,5.44742e-06,0,0,0,0,0,0,0,0,0.000370425,1.08948e-05,5.44742e-06,0,0.00201555,0.0230589,0.000288713,0.000119843,1.08948e-05,3.26845e-05,0.000152528,4.35794e-05,0,0,0,0,0,0,0,0,0,0,0,0,0,0,0,0,0,0,0,0,0.929565,0,0,0,0,0,0,0,0,0,0,0,0,0,0,0
pink_noodle_h5_,0.0430461,0.000310429,1.08922e-05,0,0.000152491,0.000223291,5.44612e-06,0,0,0,0,0,0,0,0,0,0.000441136,2.72306e-05,5.44612e-06,0,0.00202596,0.0222746,0.000206953,5.44612e-06,0,3.26767e-05,9.80301e-05,5.44612e-06,0,0,0,0,0,0,0,0,0,0,0,0,0,0,0,0,0,0,0,0,0.931128,0,0,0,0,0,0,0,0,0,0,0,0,0,0,0
white_water_bottle_full_,0.0454839,0.000375002,2.17392e-05,0,0.00015761,0.000217392,1.63044e-05,5.43481e-06,0,0,0,0,0,0,0,0,0.000451089,2.71741e-05,0,0,0.00220653,0.0224947,0.000277175,5.43481e-06,5.43481e-06,6.52177e-05,0.000206523,0,0,0,0,0,0,0,0,0,0,0,0,0,0,0,0,0,0,0,0,0,0.927983,0,0,0,0,0,0,0,0,0,0,0,0,0,0,0
white_water_bottle_full_,0.0445085,0.000387457,5.45715e-06,5.45715e-06,0.000332886,0.000332886,1.63714e-05,0,0,0,0,0,0,0,0,0,0.000316514,5.45715e-05,0,0,0.00226472,0.0230346,0.0002674,1.63714e-05,2.18286e-05,0.000125514,0.000201914,1.63714e-05,0,0,0,0,0,0,0,0,0,0,0,0,0,0,0,0,0,0,0,0,0.928091,0,0,0,0,0,0,0,0,0,0,0,0,0,0,0
white_water_bottle_full_,0.0447656,0.000456792,3.8066e-05,0,0.000184892,0.000364346,2.719e-05,0,0,0,0,0,0,0,0,0,0.00046223,2.1752e-05,0,0,0.0025178,0.0226602,0.000320842,5.438e-06,1.0876e-05,5.9818e-05,0.000179454,1.0876e-05,0,0,0,0,0,0,0,0,0,0,0,0,0,0,0,0,0,0,0,0,0.927914,0,0,0,0,0,0,0,0,0,0,0,0,0,0,0
white_water_bottle_full_,0.0439408,0.000403928,2.18339e-05,0,0.000283841,0.000300217,1.0917e-05,0,0,0,0,0,0,0,0,0,0.000409386,3.27509e-05,0,0,0.00246178,0.0228056,0.000272924,2.72924e-05,5.45849e-06,4.36679e-05,0.000136462,5.45849e-06,0,0,0,0,0,0,0,0,0,0,0,0,0,0,0,0,0,0,0,0,0.928838,0,0,0,0,0,0,0,0,0,0,0,0,0,0,0
white_water_bottle_full_,0.0449457,0.000409988,5.46651e-06,0,0.00023506,0.000300658,1.0933e-05,0,0,0,0,0,0,0,0,0,0.000426388,2.73326e-05,0,0,0.00512759,0.0194608,0.000213194,1.0933e-05,0,2.1866e-05,0.000142129,0,0,0,0,0,0,0,0,0,0,0,0,0,0,0,0,0,0,0,0,0,0.928662,0,0,0,0,0,0,0,0,0,0,0,0,0,0,0
plastic_jar_with_beans_,0.0431121,0.000354809,5.4586e-06,0,0.000103713,0.000256554,0,0,0,0,0,0,0,0,0,0,0.000846084,6.00447e-05,1.63758e-05,0,0.00253279,0.0232973,0.000251096,5.4586e-06,0,1.63758e-05,0.000114631,0,0,0,0,0,2.18344e-05,0,0,0,0,0,0,0,0,0,0,0,0,0,0,0,0.929005,0,0,0,0,0,0,0,0,0,0,0,0,0,0,0
plastic_jar_with_beans_,0.0428061,0.000457412,5.44538e-06,0,0.000147025,0.000234151,0,0,0,0,0,0,0,0,0,0,0.000996504,5.44538e-05,1.08908e-05,0,0.00279892,0.0231537,0.000245042,5.44538e-06,0,2.17815e-05,0.000130689,0,0,0,0,0,1.63361e-05,0,0,0,0,0,0,0,0,0,0,0,0,0,0,0,0.928916,0,0,0,0,0,0,0,0,0,0,0,0,0,0,0
plastic_jar_with_beans_,0.0445003,0.000320968,5.44013e-06,0,0.000217605,0.000228486,0,0,0,0,0,0,0,0,0,0,0.000957464,7.07217e-05,1.63204e-05,0,0.00329128,0.0225167,0.000288327,5.44013e-06,0,4.89612e-05,0.000146884,0,0,0,0,0,5.44013e-06,0,0,0,0,0,0,0,0,0,0,0,0,0,0,0,0.92738,0,0,0,0,0,0,0,0,0,0,0,0,0,0,0
plastic_jar_with_beans_,0.0434133,0.000327154,1.09051e-05,0,0.000185387,0.000239913,0,0,0,0,0,0,0,0,0,0,0.000877863,5.99782e-05,5.45256e-06,0,0.00263904,0.0229771,0.00023446,5.45256e-06,5.45256e-06,3.27154e-05,9.81461e-05,5.45256e-06,0,0,0,0,1.63577e-05,0,0,0,0,0,0,0,0,0,0,0,0,0,0,0,0.928866,0,0,0,0,0,0,0,0,0,0,0,0,0,0,0
plastic_jar_with_beans_,0.0440152,0.000425848,1.09192e-05,0,0.000191086,0.000305737,0,0,0,0,0,0,0,0,0,0,0.00104824,4.91363e-05,1.63788e-05,0,0.00441681,0.0219421,0.00026206,5.45959e-06,0,1.09192e-05,0.000152868,5.45959e-06,0,0,0,0,1.63788e-05,0,0,0,0,0,0,0,0,0,0,0,0,0,0,0,0.927125,0,0,0,0,0,0,0,0,0,0,0,0,0,0,0
yellow_ketchup_bottle_full_,0.0432506,0.000434953,1.63107e-05,0,0.000233787,0.000239224,0.000114175,5.43691e-06,0,0,0,5.43691e-06,0,0,0,0,0.000413205,2.17476e-05,0,0,0.00225088,0.0226882,0.000288156,2.71846e-05,5.43691e-06,3.80584e-05,0.00014136,2.17476e-05,0,0,0,0,0,0,0,0,0,0,0,0,0,0,0,0,0,0,0,0,0.929804,0,0,0,0,0,0,0,0,0,0,0,0,0,0,0
yellow_ketchup_bottle_full_,0.0438432,0.000364273,1.08738e-05,0,0.000201166,0.000326215,0.000130486,5.43691e-06,0,0,0,0,0,0,0,0,0.000424079,1.08738e-05,0,0,0.00233787,0.0226447,0.000277282,1.08738e-05,0,4.34953e-05,0.000125049,1.63107e-05,0,0,0,0,0,0,0,0,0,0,0,0,0,0,0,0,0,0,0,0,0.929228,0,0,0,0,0,0,0,0,0,0,0,0,0,0,0
yellow_ketchup_bottle_full_,0.0431905,0.000353219,1.63024e-05,0,0.000217365,0.000233668,4.34731e-05,1.08683e-05,0,0,0,0,0,0,0,0,0.000412994,2.17365e-05,0,0,0.00238558,0.0223125,0.000260838,1.08683e-05,0,3.80389e-05,0.000119551,5.43413e-06,0,0,0,0,0,0,0,0,0,0,0,0,0,0,0,0,0,0,0,0,0.930367,0,0,0,0,0,0,0,0,0,0,0,0,0,0,0
yellow_ketchup_bottle_full_,0.0433958,0.000417215,1.08368e-05,0,0.000211317,0.000341358,5.41838e-05,4.3347e-05,0,0,0,5.41838e-06,0,0,0,0,0.000298011,2.70919e-05,0,0,0.00191269,0.0224321,0.000254664,8.12757e-05,1.62551e-05,5.41838e-05,0.000276337,1.62551e-05,0,0,0,0,0,0,0,0,0,0,0,0,0,0,0,0,0,0,0,0,0.930152,0,0,0,0,0,0,0,0,0,0,0,0,0,0,0
yellow_ketchup_bottle_full_,0.0427424,0.000417979,5.42829e-06,0,0.00022256,0.000276843,0,0,0,0,0,0,0,0,0,0,0.000450548,4.34263e-05,0,0,0.00210618,0.0226306,0.000211703,0,0,4.34263e-05,9.77093e-05,5.42829e-06,0,0,0,0,0,0,0,0,0,0,0,0,0,0,0,0,0,0,0,0,0.930746,0,0,0,0,0,0,0,0,0,0,0,0,0,0,0
lime_green_purple_water_bottle_,0.043231,0.000440356,9.24204e-05,5.4365e-06,0.000190277,0.000342499,0.000125039,1.63095e-05,0,0,0,0,0,0,0,0,0.000516467,0.000929641,0.000646943,0,0.0022344,0.0234694,0.000619761,0.000130476,8.15474e-05,8.15474e-05,0.000125039,0.000271825,0,0,0,0,0,0,0,0,0,0,0,0,0,0,0,0,0,0,0,0,0.92645,0,0,0,0,0,0,0,0,0,0,0,0,0,0,0
lime_green_purple_water_bottle_,0.0432267,0.000479026,0.000130644,0,0.000146974,0.000228626,9.25392e-05,0,0,0,0,0,0,0,0,0,0.000511687,0.000909061,0.000745757,5.44348e-06,0.00225904,0.0227211,0.000544348,0.000103426,0.000163304,5.98783e-05,0.00014153,0.000299391,0,0,0,0,0,0,0,0,0,0,0,0,0,0,0,0,0,0,0,0,0.927232,0,0,0,0,0,0,0,0,0,0,0,0,0,0,0
lime_green_purple_water_bottle_,0.0435404,0.000396959,0.000125069,0,0.000293641,0.00027189,0.000135945,1.08756e-05,0,0,0,0,0,0,0,0,0.000424148,0.00101143,0.00073954,0,0.00402941,0.0209301,0.00081567,0.000168572,0.00022295,0.000103318,0.000157696,0.00022295,0,0,0,0,0,0,0,0,0,0,0,0,0,0,0,0,0,0,0,0,0.926399,0,0,0,0,0,0,0,0,0,0,0,0,0,0,0
lime_green_purple_water_bottle_,0.0428507,0.000467897,0.000141457,0,0.000310118,0.000233949,9.7932e-05,5.44067e-06,0,0,0,0,0,0,0,0,0.000522304,0.000865066,0.000663761,0,0.00249727,0.0224591,0.000593033,9.24913e-05,0.000108813,9.7932e-05,0.000103373,0.000293796,0,0,0,0,0,0,0,0,0,0,0,0,0,0,0,0,0,0,0,0,0.927596,0,0,0,0,0,0,0,0,0,0,0,0,0,0,0
lime_green_purple_water_bottle_,0.0442172,0.000455122,0.000119199,0,8.66899e-05,0.000167962,9.2108e-05,1.62543e-05,0,0,0,0,0,0,0,0,0.000623083,0.000986097,0.000650174,5.41812e-06,0.00209681,0.0229295,0.000541812,0.000124617,3.79268e-05,0.000102944,0.000130035,0.000265488,0,0,0,0,0,0,0,0,0,0,0,0,0,0,0,0,0,0,0,0,0.926352,0,0,0,0,0,0,0,0,0,0,0,0,0,0,0
tones_pepper_plastic_container_,0.0433631,0.000359002,5.43942e-06,0,0.000266532,0.000266532,0,0,0,0,0,0,0,0,0,0,0.00057114,5.43942e-05,5.43942e-06,0,0.00326365,0.0218719,0.000228456,5.43942e-06,5.43942e-06,4.89548e-05,0.000174062,5.43942e-06,0,0,0,0,0,0,0,0,0,0,0,0,0,0,0,0,0,0,0,0,0.929505,0,0,0,0,0,0,0,0,0,0,0,0,0,0,0
tones_pepper_plastic_container_,0.0440565,0.000319879,5.42167e-06,0,0.000146385,0.000265662,0,0,0,0,0,0,0,0,0,0,0.000439155,4.8795e-05,0,0,0.00225541,0.0227276,0.000287349,5.42167e-06,0,4.33734e-05,0.000151807,0,0,0,0,0,0,0,0,0,0,0,0,0,0,0,0,0,0,0,0,0,0.929247,0,0,0,0,0,0,0,0,0,0,0,0,0,0,0
tones_pepper_plastic_container_,0.0434839,0.000277245,1.08723e-05,0,0.000233755,0.000260936,0,0,0,0,0,0,0,0,0,0,0.000385968,3.80532e-05,0,0,0.00268003,0.02231,0.000233755,0,0,4.34894e-05,0.000173957,5.43617e-06,0,0,0,0,0,0,0,0,0,0,0,0,0,0,0,0,0,0,0,0,0.929863,0,0,0,0,0,0,0,0,0,0,0,0,0,0,0
tones_pepper_plastic_container_,0.0437441,0.000337204,1.08775e-05,0,0.000277377,0.000255622,0,0,0,0,0,0,0,0,0,0,0.000565632,4.8949e-05,0,0,0.00530824,0.020167,0.000304571,0,0,4.35102e-05,0.000174041,1.63163e-05,0,0,0,0,0,0,0,0,0,0,0,0,0,0,0,0,0,0,0,0,0.928747,0,0,0,0,0,0,0,0,0,0,0,0,0,0,0
tones_pepper_plastic_container_,0.0439043,0.00029889,0,0,0.000331497,0.000288022,1.08687e-05,0,0,0,0,0,0,0,0,0,0.000429315,2.17375e-05,0,0,0.00510287,0.0196996,0.000249981,5.43437e-06,0,3.26062e-05,0.000146728,0,0,0,0,0,0,0,0,0,0,0,0,0,0,0,0,0,0,0,0,0,0.929478,0,0,0,0,0,0,0,0,0,0,0,0,0,0,0
small_heb_cola_can_,0.0444646,0.000282764,1.08755e-05,0,0.000255575,0.000293639,5.43777e-06,5.43777e-06,0,0,0,0,0,0,0,0,0.000532901,4.89399e-05,0,0,0.00494837,0.0197337,0.000228386,0,0,2.17511e-05,0.000135944,5.43777e-06,0,0,0,0,1.63133e-05,0,0,0,0,0,0,0,0,0,0,0,0,0,0,0,0.92901,0,0,0,0,0,0,0,0,0,0,0,0,0,0,0
small_heb_cola_can_,0.0438263,0.000303521,5.42002e-06,0,0.000119241,0.000184281,0,0,0,0,0,0,0,0,0,0,0.000563683,4.87802e-05,0,0,0.00205961,0.022363,0.000271001,5.42002e-06,0,1.084e-05,0.000146341,0,0,0,0,0,5.42002e-06,0,0,0,0,0,0,0,0,0,0,0,0,0,0,0,0.930087,0,0,0,0,0,0,0,0,0,0,0,0,0,0,0
small_heb_cola_can_,0.0566688,0.000419406,5.44683e-06,0,0.0067813,0.000838812,5.44683e-06,0,0,0,0,0,0,0,0,0,0.000512002,3.81278e-05,1.63405e-05,0,0.00263082,0.00324631,0.000239661,0,0,0.000201533,0.000675407,0,0,0,0,0,0,0,0,0,0,0,0,0,0,0,0,0,0,0,0,0,0.927721,0,0,0,0,0,0,0,0,0,0,0,0,0,0,0
small_heb_cola_can_,0.0436658,0.00032631,2.71925e-05,0,0.000157717,0.000244733,5.43851e-06,0,0,0,0,0,0,0,0,0,0.000484027,4.89466e-05,0,0,0.00228961,0.0225916,0.00025561,1.0877e-05,0,1.63155e-05,0.000130524,0,0,0,0,0,1.63155e-05,0,0,0,0,0,0,0,0,0,0,0,0,0,0,0,0.929729,0,0,0,0,0,0,0,0,0,0,0,0,0,0,0
small_heb_cola_can_,0.0428485,0.000331653,5.43694e-06,0,0.000233788,0.000299032,5.43694e-06,0,0,0,0,0,0,0,0,0,0.000527383,3.80586e-05,0,5.43694e-06,0.00205516,0.022373,0.000206604,5.43694e-06,5.43694e-06,5.98063e-05,0.000168545,1.08739e-05,0,0,0,0,5.43694e-06,0,0,0,0,0,0,0,0,0,0,0,0,0,0,0,0.930815,0,0,0,0,0,0,0,0,0,0,0,0,0,0,0
orange_plastic_ball_,0.0443706,0.000265692,5.42229e-06,0,0.000233158,0.000292804,5.42229e-06,0,0,0,0,0,0,0,0,0,0.00033076,2.71114e-05,0,0,0.00247799,0.0219169,0.000200625,0,0,3.25337e-05,0.000162669,5.42229e-06,0,0,0,0,0,0,0,0,0,0,0,0,0,0,0,0,0,0,0,0,0.929673,0,0,0,0,0,0,0,0,0,0,0,0,0,0,0
orange_plastic_ball_,0.043479,0.000315262,5.43555e-06,0,0.000135889,0.000250035,0,0,0,0,0,0,0,0,0,0,0.000423973,1.08711e-05,0,0,0.00225032,0.0227478,0.0002446,5.43555e-06,0,2.17422e-05,0.000125018,1.08711e-05,0,0,0,0,0,0,0,0,0,0,0,0,0,0,0,0,0,0,0,0,0.929974,0,0,0,0,0,0,0,0,0,0,0,0,0,0,0
orange_plastic_ball_,0.0434329,0.000293576,1.08732e-05,0,0.000195717,0.000228337,5.43658e-06,0,0,0,0,0,0,0,0,0,0.00046211,4.89293e-05,0,0,0.00237579,0.0224585,0.000201154,1.08732e-05,5.43658e-06,3.80561e-05,0.000130478,0,0,0,0,0,0,0,0,0,0,0,0,0,0,0,0,0,0,0,0,0,0.930102,0,0,0,0,0,0,0,0,0,0,0,0,0,0,0
orange_plastic_ball_,0.0440561,0.000561051,4.35768e-05,1.08942e-05,0.000283249,0.000321379,4.35768e-05,1.63413e-05,0,0,0,1.63413e-05,0,0,0,0,0.00037585,3.26826e-05,5.4471e-06,0,0.00236949,0.0203231,0.000370403,1.63413e-05,1.08942e-05,3.26826e-05,0.000256014,1.63413e-05,0,5.4471e-06,0,5.4471e-06,0,0,0,0,0,0,0,0,0,0,0,0,0,0,0,0,0.930827,0,0,0,0,0,0,0,0,0,0,0,0,0,0,0
orange_plastic_ball_,0.0435254,0.000276472,5.42102e-06,0,0.000195157,0.000200578,0,0,0,0,0,0,0,0,0,0,0.00047705,2.71051e-05,0,0,0.00218467,0.0222208,0.00026563,0,0,4.33682e-05,0.000151789,0,0,0,0,0,0,0,0,0,0,0,0,0,0,0,0,0,0,0,0,0,0.930427,0,0,0,0,0,0,0,0,0,0,0,0,0,0,0
white_styrofoam_square_block_,0.0442491,0.00026607,5.43e-06,0,0.00019548,0.00020634,0,0,0,0,0,0,0,0,0,0,0.00044526,2.172e-05,0,0,0.00199281,0.0222739,0.00024435,0,5.43e-06,4.344e-05,0.00019005,5.43e-06,0,0,0,0,0,0,0,0,0,0,0,0,0,0,0,0,0,0,0,0,0.929855,0,0,0,0,0,0,0,0,0,0,0,0,0,0,0
white_styrofoam_square_block_,0.0434747,0.000294006,1.08891e-05,0,0.000163336,0.000288561,0,0,0,0,0,0,0,0,0,0,0.000462787,1.63336e-05,0,0,0.00192737,0.0229978,0.000212337,5.44455e-06,5.44455e-06,3.26673e-05,0.000103446,1.08891e-05,0,0,0,0,0,0,0,0,0,0,0,0,0,0,0,0,0,0,0,0,0.929994,0,0,0,0,0,0,0,0,0,0,0,0,0,0,0
white_styrofoam_square_block_,0.0440454,0.000452222,5.44846e-06,5.44846e-06,0.000196145,0.000239732,5.44846e-06,0,5.44846e-06,0,0,5.44846e-06,0,0,0,0,0.000561192,3.26908e-05,5.44846e-06,0,0.00220663,0.0227691,0.000326908,0,0,1.63454e-05,0.000234284,5.44846e-06,0,0,0,0,0,0,0,0,0,0,0,0,0,0,0,0,0,0,0,0,0.928881,0,0,0,0,0,0,0,0,0,0,0,0,0,0,0
white_styrofoam_square_block_,0.0436564,0.000359671,1.08991e-05,0,0.000190735,0.000201634,5.44956e-06,0,0,0,0,0,0,0,0,0,0.000452314,2.72478e-05,0,0,0.00195094,0.0229045,0.000217982,5.44956e-06,0,2.72478e-05,0.000136239,0,0,0,0,0,0,0,0,0,0,0,0,0,0,0,0,0,0,0,0,0,0.929853,0,0,0,0,0,0,0,0,0,0,0,0,0,0,0
white_styrofoam_square_block_,0.0428001,0.000348899,5.45155e-06,0,0.000179901,0.000305287,5.45155e-06,0,0,0,0,0,0,0,0,0,0.000436124,2.72578e-05,0,0,0.0021152,0.0226785,0.000234417,5.45155e-06,0,2.72578e-05,0.000152643,1.09031e-05,0,0,0,0,0,0,0,0,0,0,0,0,0,0,0,0,0,0,0,0,0.930667,0,0,0,0,0,0,0,0,0,0,0,0,0,0,0
yogurt_container_with_beans_,0.0436907,0.000353221,1.08683e-05,0,0.000255406,0.000304313,3.80391e-05,0,0,0,0,0,0,0,0,0,0.000407562,3.2605e-05,5.43416e-06,0,0.00198347,0.023568,0.000434733,0,5.43416e-06,7.60783e-05,0.000374957,1.08683e-05,0,0,0,0,0,0,0,0,0,0,0,0,0,0,0,0,0,0,0,0,0.928448,0,0,0,0,0,0,0,0,0,0,0,0,0,0,0
yogurt_container_with_beans_,0.0453767,0.000276489,1.08427e-05,0,0.00020059,0.000292753,5.42135e-06,0,0,0,5.42135e-06,0,0,0,0,0,0.000449972,2.71067e-05,0,0,0.00255345,0.0221408,0.000384916,1.08427e-05,0,6.50562e-05,0.000449972,1.6264e-05,0,0,0,0,0,0,0,0,0,0,0,0,0,0,0,0,0,0,0,0,0.927733,0,0,0,0,0,0,0,0,0,0,0,0,0,0,0
yogurt_container_with_beans_,0.0510676,0.00143095,5.3795e-06,0,0.000145246,0.000543329,2.1518e-05,0,0,0,0,0,0,0,0,0,0.000650919,0.000268975,5.3795e-06,0,0.00238312,0.0237021,0.000650919,1.61385e-05,6.4554e-05,0.0002098,0.000225939,5.3795e-06,0,0,0,0,0,0,0,0,0,0,0,0,0,0,0,0,0,0,0,0,0.918603,0,0,0,0,0,0,0,0,0,0,0,0,0,0,0
yogurt_container_with_beans_,0.0450621,0.000461813,5.4331e-06,1.08662e-05,0.000249923,0.000277088,5.4331e-06,0,0,5.4331e-06,5.4331e-06,5.4331e-06,0,0,0,0,0.000467247,7.06303e-05,0,0,0.00438451,0.0206621,0.000793233,0,0,8.69296e-05,0.000440081,1.62993e-05,0,0,0,0,0,0,0,0,0,0,0,0,0,0,0,0,0,0,0,0,0.92699,0,0,0,0,0,0,0,0,0,0,0,0,0,0,0
yogurt_container_with_beans_,0.0436428,0.00140853,1.63151e-05,0,0.000261041,0.000402439,5.43836e-06,0,0,0,0,0,0,0,0,0,0.000462261,9.24521e-05,0,0,0.00379597,0.0219927,0.000571028,5.43836e-06,0,8.70137e-05,0.000320863,0,0,0,0,0,0,0,0,0,0,0,0,0,0,0,0,0,0,0,0,0,0.926936,0,0,0,0,0,0,0,0,0,0,0,0,0,0,0
red_water_bottle_,0.0435201,0.000342164,1.08624e-05,0,0.000211816,0.000353027,5.43118e-06,0,0,0,0,0,0,0,0,0,0.000445357,7.60365e-05,0,0,0.00222135,0.0224525,0.000244403,5.43118e-06,0,2.71559e-05,0.000190091,5.43118e-06,0,0,0,0,5.43118e-06,0,0,0,0,0,0,0,0,0,0,0,0,0,0,0,0.929883,0,0,0,0,0,0,0,0,0,0,0,0,0,0,0
red_water_bottle_,0.043409,0.000260813,5.4336e-06,0,0.000260813,0.000298848,5.4336e-06,0,0,0,0,0,0,0,0,0,0.000478157,5.4336e-05,0,0,0.00556944,0.0186101,0.000206477,0,0,2.17344e-05,0.000130406,5.4336e-06,0,0,0,0,1.08672e-05,0,0,0,0,0,0,0,0,0,0,0,0,0,0,0,0.930673,0,0,0,0,0,0,0,0,0,0,0,0,0,0,0
red_water_bottle_,0.0437225,0.000293695,5.4388e-06,0,0.000212113,0.000310012,5.4388e-06,0,0,0,0,0,0,0,0,0,0.000402471,5.4388e-05,0,0,0.00274116,0.0221522,0.000250185,5.4388e-06,0,2.7194e-05,0.000163164,5.4388e-06,0,0,0,0,2.17552e-05,0,0,0,0,0,0,0,0,0,0,0,0,0,0,0,0.929627,0,0,0,0,0,0,0,0,0,0,0,0,0,0,0
red_water_bottle_,0.0446067,0.000314018,5.4141e-06,0,0.000265291,0.000232806,0,0,0,0,0,0,0,0,0,0,0.00056848,6.49692e-05,0,0,0.00217647,0.022566,0.000265291,5.4141e-06,0,4.33128e-05,0.000189493,0,0,0,0,0,0,0,0,0,0,0,0,0,0,0,0,0,0,0,0,0,0.928696,0,0,0,0,0,0,0,0,0,0,0,0,0,0,0
red_water_bottle_,0.0433934,0.000331704,5.43777e-06,0,0.000179446,0.00019576,0,0,0,0,0,0,0,0,0,0,0.000565528,7.0691e-05,0,0,0.00230018,0.0226048,0.000206635,1.08755e-05,1.08755e-05,2.17511e-05,0.000168571,0,0,0,0,0,5.43777e-06,0,0,0,0,0,0,0,0,0,0,0,0,0,0,0,0.929929,0,0,0,0,0,0,0,0,0,0,0,0,0,0,0
butter_container_with_coffee_,0.0433828,0.000293421,1.08674e-05,0,0.000239084,0.000222782,0,0,1.63012e-05,5.43372e-06,0,0,0,0,0,0,0.000418396,1.63012e-05,0,0,0.00229303,0.0229086,0.000217349,5.43372e-06,0.000114108,9.23732e-05,0.000103241,5.43372e-06,0,5.43372e-06,0,0,0,0,0,0,0,0,0,0,0,0,0,0,0,0,0,0,0.92965,0,0,0,0,0,0,0,0,0,0,0,0,0,0,0
butter_container_with_coffee_,0.043369,0.000347516,5.42994e-06,0,0.000276927,0.000217198,1.08599e-05,0,1.08599e-05,0,0,0,0,0,0,0,0.000439825,3.25797e-05,0,0,0.00263895,0.0221162,0.000249777,0,0.000114029,6.51593e-05,0.000135749,5.42994e-06,5.42994e-06,0,5.42994e-06,0,0,0,0,0,0,0,0,0,0,0,0,0,0,0,0,0,0.929954,0,0,0,0,0,0,0,0,0,0,0,0,0,0,0
butter_container_with_coffee_,0.0432098,0.000315003,1.08622e-05,0,0.000320434,0.000304141,5.43109e-06,0,3.25866e-05,5.43109e-06,0,0,0,0,0,0,0.000342159,4.88798e-05,0,0,0.00252003,0.0223435,0.000244399,1.08622e-05,0.000103191,0.00014664,0.000141208,0,0,0,5.43109e-06,0,0,0,0,0,0,0,0,0,0,0,0,0,0,0,0,0,0.92989,0,0,0,0,0,0,0,0,0,0,0,0,0,0,0
butter_container_with_coffee_,0.0445996,0.000308967,1.08409e-05,0,0.000325228,0.000249341,0,0,3.25228e-05,0,0,0,0,0,0,0,0.000379433,2.71023e-05,0,0,0.00332817,0.0215735,0.000271023,0,0.000108409,9.75684e-05,0.000140932,0,5.42047e-06,0,0,0,0,0,0,0,0,0,0,0,0,0,0,0,0,0,0,0,0.928542,0,0,0,0,0,0,0,0,0,0,0,0,0,0,0
butter_container_with_coffee_,0.0434175,0.000331763,1.08775e-05,0,0.000244743,0.00021755,0,0,2.1755e-05,5.43874e-06,5.43874e-06,0,0,0,0,0,0.00039159,5.98262e-05,0,0,0.00319798,0.0226741,0.000201234,5.43874e-06,8.70199e-05,0.000135969,0.000119652,5.43874e-06,0,0,0,5.43874e-06,0,0,0,0,0,0,0,0,0,0,0,0,0,0,0,0,0.928861,0,0,0,0,0,0,0,0,0,0,0,0,0,0,0
