diced_tomatoes_can_full_1,0.0444546,-8.52838,0.990824,-0.0658047,0.38041,-0.116445,-0.0848751,-8.54751,0.958655,-0.0339049,0.397377,-0.124676,-0.198311,-8.45968,0.919652,0.0691089,0.432937,-0.111743,-0.0392773,-8.47461,1.02902,0.12395,0.454876,-0.095676,-0.0569943,-8.61676,1.20722,0.103301,0.445553,-0.0840199,-0.158788,-8.64642,1.54346,0.159828,0.463624,-0.0946509,-0.114376,-9.13577,2.13973,0.0539391,0.568769,-0.0860734,-0.195627,-9.50384,2.48727,-0.0911447,0.593165,-0.0936486,-0.00203014,-9.63496,2.4708,-0.168459,0.572404,-0.0963098,-0.04764,-9.62742,2.48827,-0.152139,0.58121,-0.0938288
diced_tomatoes_can_full_2,-0.195488,-8.50441,0.998237,0.0438482,0.413487,-0.1527,-0.177535,-9.34116,2.29469,-0.0848894,0.53608,-0.12962,0.195101,-9.4023,1.72597,-0.519015,0.250639,-0.094798,-0.154243,-8.76506,1.17179,-0.791719,0.00738754,-0.0848014,-0.113747,-8.75433,1.16185,-0.793714,0.005116,-0.0844642,-0.12024,-8.76344,1.1756,-0.794893,0.00454195,-0.0857661,-0.125168,-8.75361,1.17349,-0.796109,0.00532457,-0.0852504,-0.0360324,-8.24514,0.759572,-0.31141,0.146303,-0.0859127,0.121184,-9.11688,2.28761,-0.678873,0.0723418,-0.11576,0.257321,-8.73079,2.49183,-1.15404,-0.112812,-0.0971248
diced_tomatoes_can_full_3,-0.0182235,-8.50463,0.959977,-0.0537657,0.369851,-0.132739,-0.145668,-8.49173,0.896204,-0.0378468,0.386112,-0.156151,-0.219502,-8.45175,0.870448,0.0543389,0.38558,-0.153231,-0.148846,-8.54339,0.980918,0.106935,0.368907,-0.126183,-0.124909,-8.53461,1.1046,0.132118,0.431399,-0.133259,-0.101818,-8.61041,1.45843,0.0824193,0.422561,-0.131906,-0.17446,-8.90428,2.04779,0.00190739,0.460229,-0.125909,-0.0522956,-9.46558,2.3914,-0.15829,0.518857,-0.117189,-0.0520562,-9.42195,2.3922,-0.189071,0.511413,-0.125831,-0.101218,-9.42173,2.38592,-0.177688,0.511286,-0.117457
diced_tomatoes_can_full_4,-0.044942,-8.49088,0.956045,-0.0617362,0.370834,-0.142895,-0.185835,-8.46255,0.909001,-0.0485226,0.373254,-0.148793,-0.325754,-8.39921,0.872837,0.139982,0.415524,-0.170195,-0.314088,-8.48502,1.0364,0.134095,0.384292,-0.1671,-0.135127,-8.67605,1.25986,0.114745,0.406357,-0.125626,-0.16808,-8.80729,1.65623,0.063513,0.457325,-0.155283,-0.0948405,-9.12473,2.14476,-0.00626127,0.495605,-0.111609,-0.107076,-9.50028,2.41778,-0.122492,0.559956,-0.11635,-0.089833,-9.44414,2.44938,-0.158687,0.531852,-0.11704,-0.0226943,-9.42429,2.42658,-0.173385,0.523663,-0.118191
diced_tomatoes_can_full_5,-0.023453,-8.49725,0.968141,-0.0661175,0.375873,-0.142239,-0.139631,-8.4382,0.900225,-0.0564411,0.392652,-0.146649,-0.376913,-8.3929,0.870404,0.143018,0.423703,-0.166328,-0.12054,-8.6044,1.10773,0.128767,0.402525,-0.145169,-0.159672,-8.62825,1.26389,0.144242,0.473503,-0.086584,-0.143237,-8.68962,1.62645,0.129179,0.47482,-0.139598,-0.149408,-9.32145,2.21791,-0.0267251,0.537053,-0.1343,-0.0989683,-9.60325,2.47556,-0.140509,0.542722,-0.114702,-0.164613,-9.52076,2.465,-0.159361,0.529881,-0.124868,-0.254976,-9.55152,2.49286,-0.116918,0.556591,-0.128775
small_orange_bug_repellent_1,0.100626,-8.53584,0.987886,-0.0636016,0.393772,-0.103552,0.0693435,-8.56127,0.969144,-0.049836,0.410841,-0.1073,0.137721,-8.50294,0.909959,-0.0156541,0.399745,-0.111596,0.198668,-8.584,1.06207,-0.00721438,0.372021,-0.0702764,0.314182,-8.83145,1.19853,-0.0121074,0.438924,-0.0550022,0.199891,-8.74164,1.57388,-0.0504876,0.466935,-0.0651502,0.260129,-9.10987,2.19032,-0.124881,0.48529,-0.0759038,0.372793,-9.40873,2.38094,-0.225797,0.540837,-0.0645795,0.230187,-9.44669,2.40035,-0.237114,0.515111,-0.0715804,0.208784,-9.50533,2.41116,-0.240293,0.52947,-0.0718742
small_orange_bug_repellent_2,0.0115464,-8.49569,1.0938,-0.0272557,0.381492,-0.128472,0.186643,-9.46381,2.31885,-0.23313,0.503736,-0.112274,0.0215281,-9.06381,1.34721,-0.688632,0.0928022,-0.0860604,-0.116095,-8.76691,1.17469,-0.798352,0.00758096,-0.0805618,-0.116137,-8.76476,1.17192,-0.79664,0.00893456,-0.0800117,-0.11386,-8.76957,1.17395,-0.795907,0.00682663,-0.0817548,-0.116562,-8.77223,1.17405,-0.798606,0.00761793,-0.0787986,-0.0523223,-8.46955,0.94404,-0.611865,0.0602285,-0.0718402,0.037992,-8.78628,1.72404,-0.394565,0.156508,-0.110674,0.269612,-8.94281,2.59888,-1.18152,-0.106228,-0.101791
small_orange_bug_repellent_3,0.0484391,-8.49092,0.98618,-0.0270871,0.373506,-0.12659,0.128376,-9.17457,2.12756,-0.144399,0.468019,-0.0974014,0.255905,-9.57939,1.92752,-0.413726,0.347028,-0.0865808,-0.0667701,-8.7898,1.18992,-0.787714,0.00629743,-0.0766909,-0.0747463,-8.774,1.18057,-0.787916,0.00204003,-0.079323,-0.0762075,-8.77037,1.17976,-0.787748,0.0054781,-0.0752532,-0.118116,-8.77564,1.17293,-0.7909,0.00627685,-0.0815654,0.0720131,-8.17043,0.735395,-0.189859,0.174424,-0.0756635,0.147882,-9.26341,2.45589,-0.74865,0.0495608,-0.114691,0.280223,-8.88175,2.48914,-1.14746,-0.115738,-0.0840958
small_orange_bug_repellent_4,-0.0677139,-8.50896,0.968559,-0.0647095,0.364104,-0.14894,-0.190274,-8.45141,0.895798,-0.0429713,0.384579,-0.142248,0.0129982,-8.47451,0.896511,-0.034046,0.382734,-0.144174,0.0741432,-8.62255,1.02177,-0.00780659,0.360227,-0.116998,0.131488,-8.63572,1.19618,-0.00931569,0.404944,-0.115283,0.180156,-8.74629,1.51335,-0.0452283,0.432951,-0.114447,0.0962873,-9.03049,2.06381,-0.095379,0.482173,-0.106089,0.183533,-9.23827,2.30516,-0.223773,0.490194,-0.0997552,0.112194,-9.40272,2.37426,-0.210716,0.50121,-0.104387,0.129718,-9.37934,2.38696,-0.231353,0.509841,-0.110661
small_orange_bug_repellent_5,-0.0151534,-8.48921,0.990991,-0.0668082,0.362038,-0.137416,-0.175605,-8.49066,0.932332,-0.0735821,0.383875,-0.152022,0.04372,-8.42254,0.913156,-0.0255222,0.38087,-0.142057,0.0810356,-8.49316,1.03643,-0.0206228,0.361982,-0.131208,0.288096,-8.60027,1.134,0.0164157,0.36808,-0.126181,0.177377,-8.73801,1.61746,-0.028558,0.436244,-0.0996882,0.198739,-9.11822,2.11854,-0.142099,0.462997,-0.120085,0.126198,-9.35112,2.35952,-0.19611,0.516904,-0.130696,0.114206,-9.44263,2.38379,-0.234067,0.501449,-0.103876,0.139463,-9.44707,2.40465,-0.239569,0.494747,-0.104685
heb_coffee_container_1,0.108399,-8.57876,0.99201,-0.0678589,0.397842,-0.0913862,-0.0487958,-8.56063,0.921782,-0.0257456,0.40817,-0.10097,-0.0377291,-8.53587,0.954055,0.0400392,0.4139,-0.110545,0.0680304,-8.60057,1.02859,0.0705515,0.411674,-0.118691,0.134527,-8.689,1.23365,0.0531188,0.440013,-0.0678722,0.0292747,-8.64821,1.60471,0.0354237,0.42975,-0.0396469,0.136316,-9.24587,2.2854,-0.0843574,0.525797,-0.0999194,0.104667,-9.54501,2.47126,-0.161676,0.577448,-0.0865069,0.12149,-9.62289,2.47359,-0.213659,0.546144,-0.0785545,0.0930953,-9.6181,2.4844,-0.213026,0.550212,-0.0799106
heb_coffee_container_2,-0.0654318,-8.49402,1.00632,0.0139513,0.398034,-0.140213,0.0242111,-9.15118,2.18042,-0.138147,0.501392,-0.123579,0.225666,-9.4429,1.8042,-0.491939,0.293062,-0.0943877,-0.153488,-8.77148,1.16593,-0.799943,0.00821327,-0.0804384,-0.10766,-8.77488,1.16758,-0.799678,0.00651663,-0.0754668,-0.109943,-8.77453,1.17053,-0.801107,0.00819371,-0.0805763,-0.108338,-8.78522,1.1752,-0.801187,0.00911695,-0.0792329,0.0293244,-8.27013,0.787959,-0.305689,0.147729,-0.0717966,0.137167,-9.15921,2.29312,-0.679061,0.077656,-0.115822,0.282983,-8.81231,2.47485,-1.15118,-0.10474,-0.0909699
heb_coffee_container_3,0.0137572,-8.53454,0.965999,-0.0611037,0.356836,-0.138561,-0.128069,-8.53517,0.934242,-0.0419381,0.382914,-0.136263,-0.275255,-8.45174,0.893845,0.0734776,0.405034,-0.14572,-0.0867132,-8.57481,0.985821,0.0584093,0.371068,-0.118632,0.0233487,-8.55775,1.13777,0.0896873,0.432243,-0.121049,0.0603828,-8.71854,1.47724,0.0370242,0.388385,-0.134845,-0.0935381,-8.9738,2.01272,0.021334,0.496443,-0.120161,0.154122,-9.30133,2.36052,-0.118868,0.527028,-0.109782,0.041402,-9.34146,2.36548,-0.158064,0.528253,-0.114185,0.0400068,-9.32769,2.35687,-0.161964,0.526852,-0.115324
heb_coffee_container_4,-0.0467722,-8.51453,0.970107,-0.0651364,0.371432,-0.14013,-0.105621,-8.49035,0.927747,-0.0511463,0.392605,-0.139919,-0.180272,-8.43987,0.908707,0.0517574,0.389594,-0.151431,-0.0408748,-8.54403,1.05896,0.0791516,0.407494,-0.139906,0.0663876,-8.52942,1.22402,0.0496914,0.386744,-0.101189,0.0259601,-8.70117,1.57646,0.0320718,0.451773,-0.101158,0.0775737,-8.99364,2.05979,-0.0335845,0.494091,-0.108806,0.0406779,-9.33236,2.34873,-0.1725,0.523727,-0.112229,0.0377829,-9.42755,2.40499,-0.192581,0.517819,-0.109991,-0.0132649,-9.43917,2.42672,-0.192145,0.513154,-0.116758
heb_coffee_container_5,-0.00858827,-8.49819,0.999567,-0.0679125,0.369368,-0.133747,-0.0655554,-8.50636,0.965747,-0.0659225,0.386376,-0.139422,-0.140753,-8.39989,0.871582,0.0692769,0.405402,-0.154148,0.00895796,-8.46562,0.959984,0.0845527,0.384087,-0.134171,0.0913783,-8.74903,1.19505,0.0415703,0.411794,-0.127668,0.0803889,-8.78644,1.57542,0.00831182,0.465608,-0.105321,-0.00128276,-9.14026,2.09183,-0.0808822,0.500225,-0.121379,0.0785786,-9.42363,2.37507,-0.134989,0.538365,-0.126385,0.0575847,-9.41377,2.41136,-0.202804,0.518628,-0.107791,0.0157476,-9.44337,2.41353,-0.199971,0.524954,-0.10822
long_paper_roll_tube_1,0.115881,-8.59784,0.995597,-0.068733,0.384562,-0.0965435,0.0111568,-8.58424,0.99678,-0.0728572,0.401668,-0.114932,0.208952,-8.52323,0.910148,-0.0580189,0.39315,-0.10197,0.291381,-8.54825,0.930799,-0.00405801,0.395593,-0.0772549,0.420803,-8.83683,1.20903,-0.054841,0.409196,-0.0512161,0.30628,-8.70172,1.45983,-0.0584798,0.397965,-0.0915815,0.309341,-9.01886,2.02672,-0.129632,0.480205,-0.0778851,0.449267,-9.26419,2.27425,-0.220211,0.474296,-0.0619334,0.303161,-9.3698,2.3673,-0.241998,0.52177,-0.0754428,0.291448,-9.40282,2.37723,-0.230184,0.519451,-0.0793535
long_paper_roll_tube_2,-0.0234263,-8.51784,0.960899,-0.0723395,0.365155,-0.132755,-0.122116,-8.5214,0.953249,-0.0318882,0.386383,-0.150389,0.0486972,-8.43024,0.876841,-0.0537754,0.374821,-0.132882,0.168435,-8.54761,0.941148,-0.0155635,0.394478,-0.121967,0.264149,-8.48369,1.09992,-0.0345584,0.363084,-0.119871,0.227247,-8.68764,1.47693,-0.0615053,0.403903,-0.128602,0.222526,-8.96505,2.00095,-0.147464,0.441958,-0.109575,0.257573,-9.24586,2.29035,-0.224509,0.469999,-0.119368,0.168678,-9.47473,2.40345,-0.247523,0.50844,-0.109227,0.154806,-9.42049,2.37024,-0.243332,0.501016,-0.109901
long_paper_roll_tube_3,-0.0315219,-8.5318,0.962735,-0.0642797,0.36591,-0.131822,-0.124609,-8.51334,0.930688,-0.0467991,0.375535,-0.13771,0.112275,-8.49426,0.894601,-0.0662038,0.36327,-0.129446,0.129665,-8.41169,0.907341,0.0218062,0.341083,-0.129162,0.378885,-8.64207,1.18403,-0.0280466,0.382437,-0.12657,0.187543,-8.66258,1.48782,-0.039322,0.406864,-0.131263,0.20499,-8.93003,2.03406,-0.091128,0.459784,-0.109118,0.211856,-9.40478,2.38426,-0.201746,0.506655,-0.0843367,0.156124,-9.45957,2.37583,-0.240641,0.505227,-0.0958632,0.112577,-9.47509,2.38365,-0.237173,0.507644,-0.104553
long_paper_roll_tube_4,-0.0275951,-8.50701,0.977246,-0.070951,0.372186,-0.126309,-0.119537,-8.44244,0.897042,-0.0290305,0.387971,-0.138702,0.0371316,-8.53062,0.912523,-0.076913,0.363865,-0.133641,0.139113,-8.42868,0.932455,-0.0448644,0.371726,-0.0993523,0.338586,-8.69702,1.24012,-0.0620396,0.40226,-0.107191,0.21919,-8.69516,1.5617,-0.0858223,0.433496,-0.117678,0.22581,-9.22008,2.18929,-0.173736,0.439765,-0.0847866,0.20263,-9.37421,2.38865,-0.235665,0.507029,-0.10275,0.119376,-9.29814,2.3632,-0.231249,0.492229,-0.103811,0.134032,-9.51719,2.39285,-0.248327,0.500308,-0.103408
long_paper_roll_tube_5,0.101567,-8.5562,1.05619,-0.0518018,0.383023,-0.121989,0.198094,-9.31101,2.27641,-0.206715,0.487419,-0.0999359,0.206613,-9.38906,1.61279,-0.611294,0.196556,-0.0724921,-0.0480692,-8.81721,1.20339,-0.809402,0.00962804,-0.0656543,-0.0587844,-8.81208,1.19666,-0.806056,0.00647935,-0.0673453,-0.060563,-8.80934,1.19522,-0.807549,0.00624984,-0.0725524,-0.0564834,-8.81014,1.1933,-0.808832,0.00670289,-0.0662411,0.0336028,-8.40033,0.862441,-0.441271,0.111299,-0.0673775,0.132618,-9.08965,2.0584,-0.550112,0.123109,-0.10174,0.340879,-8.89258,2.55965,-1.17524,-0.108764,-0.085278
pineapple_cup_1,0.116189,-8.60586,0.985737,-0.0662292,0.388367,-0.0953761,0.0308035,-8.58833,0.985979,-0.0455837,0.41096,-0.101744,0.134349,-8.5058,0.905508,-0.0179141,0.397538,-0.112942,0.156206,-8.54906,0.955277,0.0400558,0.417971,-0.0976415,0.201855,-8.68061,1.114,0.0434844,0.43793,-0.0726271,0.27051,-8.79204,1.59618,0.00843239,0.45177,-0.0799273,0.209264,-9.05482,2.03785,-0.0618177,0.512327,-0.0593868,0.253011,-9.439,2.36414,-0.205163,0.512624,-0.0619463,0.215537,-9.46129,2.38978,-0.215583,0.531682,-0.0669287,0.205051,-9.50351,2.39198,-0.213715,0.521438,-0.0691447
pineapple_cup_2,-0.0289989,-8.53224,0.972086,-0.0719496,0.371031,-0.130943,-0.119666,-8.50221,0.917643,-0.0641485,0.377374,-0.134762,-0.0693624,-8.45381,0.898063,-0.0295147,0.394612,-0.14112,-0.0777245,-8.56704,0.987844,0.0243514,0.412815,-0.129847,0.120999,-8.53844,1.09873,0.00988506,0.354448,-0.107384,0.123509,-8.69787,1.42243,0.0164912,0.408029,-0.0700461,0.0470912,-8.96569,2.0424,-0.0236895,0.45623,-0.0874178,0.0883826,-9.23488,2.29507,-0.179236,0.498625,-0.120311,0.0667007,-9.29873,2.3272,-0.200075,0.517743,-0.109524,0.0670083,-9.31956,2.33091,-0.200542,0.511456,-0.116658
pineapple_cup_3,0.00132403,-8.55438,0.961993,-0.0610115,0.373522,-0.127834,-0.0844443,-8.55425,0.960374,-0.0346473,0.386612,-0.146963,-0.0709747,-8.52584,0.892796,0.0111211,0.401847,-0.130035,0.0554958,-8.57777,0.966301,0.032183,0.381627,-0.125317,0.12776,-8.72847,1.16163,0.0147947,0.383937,-0.0844049,0.0717658,-8.68471,1.46872,0.00908608,0.453197,-0.0758478,0.0585966,-9.01146,2.04165,-0.0631475,0.400697,-0.131007,0.156904,-9.36542,2.36456,-0.177915,0.530096,-0.112168,0.128033,-9.29964,2.33858,-0.200015,0.500434,-0.109994,0.175416,-9.39845,2.37889,-0.21966,0.503561,-0.111955
pineapple_cup_4,0.00623605,-8.58258,1.02886,-0.0187228,0.391274,-0.122554,0.107628,-9.244,2.18829,-0.140985,0.489721,-0.0996606,0.243655,-9.55438,1.92043,-0.433058,0.342806,-0.0851975,-0.0938947,-8.82312,1.19965,-0.801618,0.0116064,-0.0759395,-0.0806781,-8.80151,1.19104,-0.801978,0.009376,-0.074594,-0.0757424,-8.80373,1.19213,-0.803949,0.00825674,-0.0737601,-0.138549,-8.8007,1.17533,-0.797716,0.0139691,-0.0749729,0.0914595,-8.20816,0.755777,-0.166525,0.195906,-0.0704794,0.196803,-9.39571,2.57785,-0.825052,0.036243,-0.121685,0.289601,-8.72331,2.39319,-1.12028,-0.0982997,-0.0877015
pineapple_cup_5,0.0348026,-8.53915,0.96957,-0.0781549,0.367862,-0.123384,-0.0684288,-8.55034,0.936992,-0.0666248,0.381551,-0.131805,-0.0476306,-8.47044,0.929123,-0.00530166,0.399689,-0.138604,0.130341,-8.63927,1.03477,0.0189885,0.385379,-0.0977024,0.236096,-8.73051,1.17561,0.0182212,0.407893,-0.104911,0.238674,-8.8165,1.49044,-0.00867902,0.460761,-0.0748042,0.18333,-9.10891,1.95901,-0.0763972,0.464866,-0.10062,0.169632,-9.23458,2.26476,-0.187416,0.505582,-0.0913565,0.127416,-9.43723,2.37414,-0.204015,0.52815,-0.110932,0.0954765,-9.34759,2.35013,-0.195936,0.5096,-0.0996674
yellow_butter_cooking_spray_1,0.12018,-8.61485,0.998182,-0.0622953,0.388881,-0.0979496,0.0314882,-8.59093,0.951687,-0.0374955,0.413237,-0.105396,0.139703,-8.56042,0.926837,-0.0249651,0.395369,-0.11069,0.197993,-8.6449,0.962508,0.0220832,0.386133,-0.0692585,0.201881,-8.68532,1.16454,0.0335024,0.438,-0.076584,0.215698,-8.75631,1.49592,0.0037788,0.459765,-0.083833,0.230199,-8.94989,1.98805,-0.0561597,0.502229,-0.0714403,0.229408,-9.36823,2.29058,-0.184207,0.512117,-0.0708324,0.231597,-9.46497,2.39187,-0.210989,0.529525,-0.0707313,0.270668,-9.48637,2.37645,-0.236289,0.529558,-0.083978
yellow_butter_cooking_spray_2,-0.0046964,-8.50852,0.968273,-0.0816601,0.373877,-0.124787,-0.136205,-8.49912,0.917552,-0.0375503,0.393883,-0.139698,-0.0910219,-8.45585,0.8961,-0.0128566,0.392917,-0.129821,0.0603337,-8.47017,1.00091,0.00308447,0.401226,-0.11912,0.0845422,-8.78818,1.29394,0.00937293,0.440465,-0.0984104,0.0829276,-8.70724,1.56858,-0.000771988,0.422806,-0.142269,0.069913,-9.06516,2.16629,-0.109127,0.459467,-0.0951549,0.102983,-9.35674,2.34586,-0.225023,0.503163,-0.10409,0.073364,-9.49106,2.43479,-0.242756,0.516451,-0.0971839,0.072672,-9.52825,2.43014,-0.241237,0.508085,-0.107147
yellow_butter_cooking_spray_3,0.00873203,-8.55722,0.947648,-0.0594014,0.364515,-0.124239,-0.159787,-8.5522,0.931677,-0.0433377,0.377035,-0.13261,-0.0951504,-8.53665,0.888323,0.00142691,0.382321,-0.1363,0.0645882,-8.56996,0.939399,0.0258169,0.374116,-0.113151,0.1462,-8.70366,1.19125,0.0191949,0.389571,-0.0999195,0.148492,-8.69723,1.52309,-0.000121755,0.417558,-0.0728436,0.0508174,-8.94481,2.0233,-0.0789201,0.450318,-0.131436,0.110967,-9.29831,2.30735,-0.160213,0.495019,-0.091627,0.190383,-9.4871,2.3815,-0.233276,0.517221,-0.101261,0.170309,-9.44676,2.3803,-0.233145,0.501118,-0.108485
yellow_butter_cooking_spray_4,0.0314729,-8.58552,1.02336,-0.0239553,0.387716,-0.120103,0.130602,-9.22804,2.20046,-0.156046,0.482645,-0.106934,0.279704,-9.57696,1.94778,-0.454477,0.340979,-0.0788071,-0.0868802,-8.82546,1.19778,-0.797274,0.00712772,-0.071337,-0.0849615,-8.80936,1.19668,-0.801499,0.00688312,-0.0668885,-0.0824078,-8.81237,1.19135,-0.796168,0.00678313,-0.0716616,-0.0892181,-8.81082,1.20083,-0.79785,0.00942929,-0.0730325,0.0457767,-8.26465,0.779912,-0.260673,0.170704,-0.0723125,0.159338,-9.34614,2.45205,-0.743201,0.0658064,-0.102099,0.29746,-8.83403,2.49203,-1.14621,-0.107832,-0.089515
yellow_butter_cooking_spray_5,0.0401787,-8.55686,0.963561,-0.0736668,0.375184,-0.122879,-0.172528,-8.54011,0.944758,-0.0541783,0.374887,-0.117843,0.0562815,-8.52864,0.947597,0.00424263,0.397623,-0.124606,0.150053,-8.53051,1.08108,-0.0191265,0.358421,-0.0780493,0.254871,-8.70858,1.28133,0.0143392,0.41939,-0.10045,0.155551,-8.79818,1.75427,0.000745749,0.418191,-0.0842537,0.0877154,-9.18267,2.1604,-0.0946163,0.489798,-0.0876431,0.155701,-9.50884,2.42175,-0.229441,0.540305,-0.0941778,0.0988612,-9.59073,2.44972,-0.24537,0.514218,-0.0919156,0.104311,-9.57974,2.4546,-0.249733,0.518434,-0.0988359
zinc_pill_jar_1,0.159663,-8.59783,0.965894,-0.0330944,0.395606,-0.0849868,0.301303,-9.08429,1.95335,-0.123543,0.480708,-0.0757458,0.424261,-9.77697,2.19527,-0.299357,0.492558,-0.0579565,0.120251,-8.97795,1.31254,-0.773245,0.0510142,-0.0388098,0.0813015,-8.8714,1.19891,-0.798027,0.0293632,-0.0361765,0.0786529,-8.8792,1.1924,-0.79631,0.0312264,-0.042175,0.184685,-8.56451,0.947968,-0.607246,0.0748936,-0.0303116,0.0810659,-8.54608,0.965081,-0.0276107,0.259757,-0.0597658,0.450573,-9.54066,2.96026,-1.11219,-0.021807,-0.0719871,0.375528,-8.57046,2.33213,-1.10338,-0.0558851,-0.046513
zinc_pill_jar_2,-0.0117707,-8.53994,0.975599,-0.0835402,0.377438,-0.130091,-0.153751,-8.50854,0.904187,-0.0536163,0.400631,-0.130307,-0.0233701,-8.54924,0.910108,-0.0512866,0.387935,-0.126845,0.133906,-8.59245,0.983711,-0.0336927,0.367663,-0.109292,0.207653,-8.72685,1.23475,-0.0128588,0.415355,-0.110391,0.244324,-8.72584,1.57162,-0.0316894,0.39428,-0.0793026,0.151719,-8.88629,1.92296,-0.0696138,0.429809,-0.0991731,0.158379,-9.33857,2.34182,-0.204001,0.526619,-0.119125,0.149795,-9.44263,2.36977,-0.229074,0.508454,-0.104146,0.149079,-9.43721,2.38615,-0.243214,0.503758,-0.114707
zinc_pill_jar_3,0.0090732,-8.56761,0.978113,-0.0574135,0.363077,-0.127439,-0.138619,-8.54396,0.92846,-0.0634717,0.381772,-0.12717,0.0617487,-8.49211,0.885907,-0.03578,0.385129,-0.12914,0.073286,-8.54315,0.983874,-0.000104235,0.352334,-0.110852,0.227685,-8.77147,1.16873,-0.019295,0.374332,-0.0914906,0.267421,-8.76635,1.41229,-0.0600198,0.385728,-0.101712,0.173479,-8.78268,1.84293,-0.0661163,0.430129,-0.134506,0.266043,-9.21846,2.25469,-0.183391,0.492992,-0.106023,0.23364,-9.34252,2.33145,-0.203939,0.49172,-0.0922238,0.217902,-9.35397,2.32675,-0.20296,0.502318,-0.104123
zinc_pill_jar_4,0.000814128,-8.55648,0.986459,-0.0738071,0.376522,-0.124029,-0.18098,-8.51456,0.919515,-0.0553292,0.38622,-0.127945,0.0669643,-8.51208,0.914586,-0.0444771,0.38884,-0.121697,0.183415,-8.54312,1.00509,0.0178844,0.36688,-0.112403,0.259752,-8.72035,1.22522,-0.0375854,0.413953,-0.0774929,0.19407,-8.80219,1.61982,-0.0470454,0.416884,-0.0796196,0.242657,-9.09401,2.14722,-0.142608,0.44821,-0.0854172,0.182057,-9.42286,2.3723,-0.187432,0.492269,-0.103516,0.137994,-9.5743,2.42142,-0.235661,0.504126,-0.0991281,0.138776,-9.54118,2.4125,-0.238777,0.501565,-0.103339
zinc_pill_jar_5,0.0433798,-8.56996,0.980618,-0.0746018,0.377624,-0.119538,-0.0162935,-8.53977,0.953552,-0.0670972,0.373379,-0.136795,0.0140917,-8.5849,0.948873,-0.0487333,0.379535,-0.128786,0.147996,-8.51027,1.02083,-0.0185335,0.367322,-0.0960884,0.307036,-8.76147,1.20815,-0.0373475,0.417351,-0.0980942,0.282447,-8.82399,1.53274,-0.01437,0.389583,-0.103836,0.226361,-8.95466,1.99256,-0.0940123,0.491189,-0.0837766,0.296184,-9.32334,2.28461,-0.211403,0.477545,-0.078709,0.165158,-9.34223,2.35865,-0.221876,0.503373,-0.0945902,0.168459,-9.43534,2.3588,-0.219917,0.509484,-0.105574
Pink_crayon_bank_1,0.102417,-8.62299,0.993443,-0.0694814,0.390416,-0.09733,0.00333881,-8.61043,0.952698,-0.0579059,0.405788,-0.113288,0.125521,-8.53194,0.879733,-0.0291236,0.40037,-0.0994171,0.266192,-8.60146,1.01512,-0.00597832,0.423557,-0.0953351,0.3153,-8.84216,1.22737,-0.012254,0.433358,-0.075696,0.205585,-8.76297,1.48967,-0.00632532,0.418154,-0.125232,0.175673,-9.00319,2.01265,-0.0928887,0.500264,-0.0669451,0.25149,-9.40762,2.38154,-0.207085,0.524903,-0.0514138,0.246125,-9.57781,2.40592,-0.241753,0.534825,-0.0664267,0.273778,-9.55997,2.40494,-0.242891,0.530072,-0.0737146
Pink_crayon_bank_2,0.0401939,-8.59546,1.03778,-0.0409023,0.389152,-0.120197,0.126234,-9.31713,2.26401,-0.177609,0.489306,-0.0972388,0.281434,-9.51739,1.75246,-0.5558,0.259449,-0.078089,-0.0821078,-8.82371,1.17301,-0.800849,0.0157813,-0.0676097,-0.0545831,-8.82822,1.17771,-0.801516,0.0139083,-0.0653938,-0.0557536,-8.83031,1.17717,-0.802326,0.0125685,-0.0672399,-0.064757,-8.82731,1.18341,-0.80087,0.0117609,-0.067867,0.0509619,-8.32969,0.817666,-0.353359,0.139525,-0.0682493,0.174995,-9.19025,2.17455,-0.604339,0.104286,-0.103645,0.292424,-8.85152,2.50365,-1.16652,-0.103594,-0.0807641
Pink_crayon_bank_3,0.0319665,-8.56823,0.960835,-0.0563662,0.366657,-0.130983,-0.168519,-8.56206,0.908775,-0.0178453,0.406694,-0.12431,0.0664652,-8.49222,0.872096,0.00082546,0.383883,-0.124442,0.0968633,-8.61944,0.97375,-0.0108953,0.37387,-0.0768365,0.218524,-8.77808,1.28206,-0.00751145,0.39105,-0.112822,0.107207,-8.66047,1.56786,0.0457318,0.418245,-0.113701,0.136617,-8.9714,2.06074,-0.103129,0.475665,-0.0951604,0.177984,-9.4674,2.3201,-0.211975,0.49613,-0.0972366,0.168174,-9.51032,2.41867,-0.248026,0.498217,-0.0995408,0.0659342,-9.60517,2.44399,-0.228967,0.515535,-0.0974574
Pink_crayon_bank_4,0.020178,-8.55566,0.97215,-0.0724903,0.383356,-0.123591,-0.087581,-8.53569,0.913552,-0.0546485,0.379237,-0.132536,0.0221672,-8.45422,0.874696,0.00572866,0.394069,-0.12852,0.113153,-8.54801,0.991087,0.0269603,0.386409,-0.118609,0.172104,-8.56759,1.18341,-0.000839595,0.400656,-0.107107,0.231469,-8.67082,1.49918,-0.00200359,0.399204,-0.0942959,0.194612,-8.96214,1.96015,-0.0876091,0.452335,-0.096255,0.179692,-9.41984,2.34412,-0.180583,0.498459,-0.0932913,0.155069,-9.43697,2.37433,-0.217703,0.497883,-0.109776,0.139861,-9.44297,2.38075,-0.22279,0.495741,-0.110862
Pink_crayon_bank_5,0.042722,-8.56642,0.979727,-0.0765784,0.374027,-0.124188,-0.0517018,-8.51734,0.918654,-0.0208241,0.403952,-0.133113,-0.0283886,-8.59901,0.952882,-0.0428541,0.388109,-0.124387,0.133447,-8.58585,0.965848,0.0170268,0.382002,-0.0962212,0.212669,-8.66201,1.20969,-0.00366994,0.419965,-0.0742197,0.142137,-8.73543,1.52223,0.0221428,0.436074,-0.0612621,0.16882,-9.14889,2.07078,-0.0715963,0.489057,-0.0812771,0.163809,-9.37247,2.31649,-0.187788,0.533211,-0.0988283,0.18869,-9.40836,2.38241,-0.226408,0.501913,-0.0902847,0.189444,-9.479,2.38329,-0.238738,0.507125,-0.099997
big_open_metal_jar_1,0.124994,-8.64058,0.99936,-0.0650427,0.385079,-0.0984194,-0.00941081,-8.60301,0.900236,-0.0419174,0.404325,-0.104387,0.151242,-8.57945,0.927131,-0.0371812,0.391721,-0.100536,0.350144,-8.60525,1.0287,-0.0103805,0.372603,-0.0770848,0.345219,-8.86962,1.26039,-0.0242928,0.443776,-0.0644548,0.214809,-8.63677,1.5434,-0.00758446,0.438588,-0.0914556,0.226894,-9.18061,2.06298,-0.0976559,0.506233,-0.0734754,0.303486,-9.38894,2.28285,-0.183513,0.533624,-0.0850549,0.307113,-9.70591,2.47057,-0.263377,0.529564,-0.0549611,0.255804,-9.59264,2.40926,-0.241332,0.534485,-0.05776
big_open_metal_jar_2,0.00566366,-8.55021,0.982232,-0.0782462,0.370647,-0.124789,-0.100546,-8.56607,0.929738,-0.0484311,0.398826,-0.132859,0.043648,-8.52775,0.874892,-0.0502854,0.379755,-0.128035,0.0982936,-8.54543,0.971198,-0.0296305,0.363644,-0.115588,0.211234,-8.62977,1.15687,-0.0147478,0.394416,-0.113544,0.265061,-8.72619,1.44152,-0.0275185,0.445062,-0.0879753,0.141499,-8.85827,1.98453,-0.112674,0.449971,-0.102412,0.3079,-9.36189,2.30389,-0.195644,0.490885,-0.117801,0.182282,-9.34726,2.35154,-0.235939,0.503818,-0.103241,0.184855,-9.43303,2.37464,-0.249719,0.500074,-0.100261
big_open_metal_jar_3,0.0268431,-8.55775,0.97962,-0.063081,0.36468,-0.112615,-0.0897338,-8.58285,0.920556,-0.0268494,0.412507,-0.130007,0.0208281,-8.58998,0.926129,-0.0226827,0.382228,-0.12964,0.163861,-8.6226,1.00414,-0.00912233,0.377661,-0.114884,0.254184,-8.61625,1.17318,-0.0147812,0.397493,-0.0852854,0.104058,-8.54512,1.52655,-0.0107163,0.361494,-0.0582105,0.208741,-9.11475,2.19564,-0.141668,0.482635,-0.112101,0.203601,-9.48755,2.41089,-0.205508,0.520941,-0.0824041,0.173042,-9.6138,2.44592,-0.249875,0.509061,-0.0938836,0.149204,-9.59786,2.44283,-0.245863,0.51338,-0.0948843
big_open_metal_jar_4,0.0463872,-8.57948,0.977616,-0.0776545,0.377565,-0.119369,-0.103911,-8.533,0.945056,-0.0559297,0.379686,-0.131074,-0.0237864,-8.48793,0.912063,-0.00347645,0.386332,-0.123924,0.178848,-8.64177,0.967523,-0.00955771,0.397408,-0.102211,0.307032,-8.82024,1.17931,-0.017173,0.418292,-0.0998272,0.244906,-8.84283,1.62482,-0.0888525,0.403175,-0.130325,0.216042,-9.17187,2.12075,-0.146271,0.486152,-0.0978989,0.190378,-9.39799,2.36825,-0.216245,0.496856,-0.0819156,0.143616,-9.55672,2.44881,-0.249964,0.522624,-0.0931095,0.121744,-9.5664,2.435,-0.252699,0.507743,-0.103567
big_open_metal_jar_5,0.0626524,-8.57871,0.979831,-0.0742211,0.376926,-0.119379,-0.0409271,-8.57678,0.918761,-0.0642483,0.379661,-0.121171,0.111377,-8.52609,0.913073,-0.0518206,0.382549,-0.128519,0.209751,-8.45868,0.969979,-0.0106936,0.392202,-0.102828,0.246782,-8.75358,1.1785,-0.00295003,0.414215,-0.0883518,0.314949,-8.88334,1.56412,-0.0595255,0.454453,-0.122726,0.226262,-9.06393,2.04207,-0.0819727,0.472287,-0.07337,0.226674,-9.44249,2.36745,-0.220118,0.495992,-0.10219,0.187043,-9.56122,2.42407,-0.245068,0.514002,-0.0932543,0.154238,-9.55869,2.41085,-0.24753,0.51585,-0.0909189
red_folders_coffee_jar_1,0.132027,-8.65234,0.992088,-0.0668434,0.388138,-0.0966545,-0.00620898,-8.61342,0.925322,-0.0378781,0.410183,-0.111522,-0.0592723,-8.52838,0.907045,0.0359831,0.423133,-0.105626,0.0823517,-8.72393,1.00843,0.0640686,0.404109,-0.086053,0.243087,-8.78013,1.18897,0.0368551,0.41749,-0.0802798,0.0641476,-8.72548,1.42438,0.0794192,0.410031,-0.0882159,0.125419,-8.96294,2.01171,-0.0277428,0.425676,-0.0614008,0.181799,-9.45571,2.33884,-0.148102,0.513328,-0.0964779,0.211924,-9.5021,2.36851,-0.192523,0.534686,-0.071204,0.180905,-9.5218,2.38988,-0.191286,0.532703,-0.06682
red_folders_coffee_jar_2,0.0254838,-8.54786,0.962245,-0.0659592,0.369688,-0.131157,-0.0641356,-8.56859,0.955955,-0.0442682,0.397271,-0.138178,-0.0809826,-8.48362,0.887854,0.021486,0.401118,-0.138396,-0.0825327,-8.52372,1.03971,0.0626384,0.419807,-0.114704,0.112643,-8.79885,1.20328,0.0433444,0.405929,-0.086719,-0.0246806,-8.64009,1.48487,0.0313883,0.437104,-0.0968198,0.0312167,-9.15404,2.19173,-0.0515908,0.493589,-0.102759,0.0270597,-9.52555,2.47225,-0.144332,0.51765,-0.106376,0.0639924,-9.46652,2.42399,-0.203072,0.521891,-0.10277,0.0528108,-9.56206,2.42945,-0.210687,0.513198,-0.0989976
red_folders_coffee_jar_3,0.0279168,-8.59062,0.967717,-0.0642668,0.366904,-0.120367,-0.0177698,-8.53994,0.921563,-0.0456823,0.397838,-0.136666,-0.213759,-8.56457,0.882791,0.0217894,0.402727,-0.139181,0.0795342,-8.56833,0.99436,0.0683565,0.385113,-0.127914,0.135436,-8.60878,1.13342,0.0405044,0.41013,-0.110372,0.0955836,-8.73092,1.41356,0.0289213,0.418838,-0.0947616,-0.0688576,-8.76294,1.81741,-0.0168641,0.387724,-0.113292,0.193733,-9.31797,2.2849,-0.113326,0.490141,-0.132641,0.134228,-9.40188,2.36492,-0.198813,0.52178,-0.104106,0.0982923,-9.41558,2.37132,-0.192665,0.522748,-0.0999162
red_folders_coffee_jar_4,0.0178471,-8.58916,0.999469,-0.0685348,0.374771,-0.121414,-0.0704549,-8.57614,0.943874,-0.0415292,0.393163,-0.133436,-0.0460072,-8.52963,0.922412,0.00224374,0.386842,-0.119094,-0.0167398,-8.58107,0.991183,0.066993,0.391547,-0.119223,0.0384083,-8.52477,1.14311,0.0566599,0.420452,-0.112042,0.15086,-8.80302,1.55151,-0.00503399,0.47482,-0.120292,0.102165,-9.121,2.15137,-0.0712813,0.441821,-0.104614,0.0610259,-9.47487,2.36821,-0.141409,0.529552,-0.0908455,0.144413,-9.431,2.41381,-0.218294,0.51786,-0.096012,0.167795,-9.51351,2.39527,-0.238373,0.501453,-0.0982805
red_folders_coffee_jar_5,0.0134084,-8.64074,1.04508,0.00205906,0.405707,-0.114404,0.0989376,-9.29297,2.21107,-0.126388,0.509581,-0.0962872,0.311214,-9.47509,1.74216,-0.530416,0.265498,-0.07258,-0.0359442,-8.87477,1.19144,-0.808124,0.0162358,-0.0606225,-0.00397098,-8.87362,1.19987,-0.807931,0.0136829,-0.0582949,-0.00371714,-8.86599,1.19784,-0.807945,0.0119857,-0.0598006,-0.00142807,-8.87441,1.18601,-0.808956,0.0144738,-0.0563278,0.090905,-8.39245,0.825941,-0.412951,0.140201,-0.0538431,0.175269,-9.2096,2.10178,-0.579072,0.117814,-0.0842853,0.345969,-9.01597,2.59744,-1.18331,-0.111326,-0.0751997
campbells_noodle_soup_1,0.134346,-8.67052,1.00102,-0.0653093,0.389508,-0.0979534,0.0504573,-8.65598,0.985705,-0.0371553,0.417176,-0.0961921,-0.0883458,-8.65404,0.910884,0.0943532,0.439931,-0.107238,-0.0817684,-8.72633,1.00055,0.122764,0.446952,-0.0973961,0.0141057,-8.69581,1.16551,0.116075,0.46232,-0.0906522,-0.0431936,-8.76333,1.50441,0.122967,0.447459,-0.0375739,-0.0439058,-9.18051,1.99028,0.0352229,0.480509,-0.0980375,0.0381855,-9.67155,2.44322,-0.115283,0.594271,-0.0720129,0.113645,-9.72386,2.46491,-0.15957,0.578622,-0.0721868,0.0471119,-9.66759,2.46867,-0.152217,0.563529,-0.078366
campbells_noodle_soup_2,0.0107259,-8.58296,0.967606,-0.0771428,0.372699,-0.114424,-0.111231,-8.54976,0.918965,-0.0568602,0.380881,-0.127392,-0.267532,-8.49931,0.889505,0.0895319,0.416305,-0.137869,-0.249174,-8.64861,0.983289,0.133547,0.410854,-0.11433,-0.149286,-8.73951,1.17133,0.113454,0.429407,-0.119956,-0.136679,-8.7779,1.56655,0.0894628,0.492402,-0.131601,-0.15947,-9.06858,2.05256,0.0447514,0.559544,-0.112404,-0.128972,-9.5465,2.42115,-0.109053,0.586421,-0.101166,-0.0755232,-9.5729,2.46664,-0.147473,0.5544,-0.102508,-0.0891161,-9.60237,2.44712,-0.149184,0.562984,-0.100071
campbells_noodle_soup_3,0.0475685,-8.58572,0.988601,-0.0536663,0.37232,-0.12069,-0.050952,-8.55574,0.911097,-0.0368274,0.395309,-0.123881,-0.311566,-8.5984,0.894692,0.0622725,0.407495,-0.132807,-0.174027,-8.50842,0.958741,0.167821,0.401065,-0.145476,-0.125461,-8.54881,1.09666,0.154987,0.444564,-0.147348,-0.179447,-8.7051,1.52336,0.127688,0.426678,-0.130714,-0.246902,-8.97953,1.99315,0.0495219,0.453025,-0.159694,-0.148814,-9.31199,2.32433,-0.0799518,0.515527,-0.142157,-0.0933803,-9.3635,2.32749,-0.11297,0.511889,-0.11821,-0.139439,-9.40175,2.34382,-0.110951,0.51449,-0.115741
campbells_noodle_soup_4,-0.0991682,-8.62431,1.00292,0.0386339,0.408149,-0.124708,-0.114421,-9.2197,2.07009,-0.0256404,0.51267,-0.124773,0.224103,-9.68051,2.06059,-0.335588,0.416156,-0.0837443,-0.0215666,-8.91097,1.24805,-0.801141,0.0105954,-0.0614692,-0.0407103,-8.87076,1.199,-0.805467,0.0145638,-0.0632924,-0.0391584,-8.88268,1.20097,-0.805039,0.0134907,-0.0612123,-0.111851,-8.87481,1.17397,-0.799281,0.0122742,-0.0594329,0.149985,-8.25471,0.732561,-0.186789,0.185237,-0.0589726,0.22229,-9.36902,2.46416,-0.765499,0.0643905,-0.10469,0.337243,-9.01705,2.55003,-1.17603,-0.1082,-0.0704455
campbells_noodle_soup_5,0.0744758,-8.62366,0.979299,-0.0679501,0.378654,-0.122081,-0.0479369,-8.61666,0.959185,-0.0632636,0.394961,-0.124304,-0.236638,-8.48888,0.896143,0.0989528,0.412439,-0.13988,-0.187592,-8.61825,0.996514,0.178173,0.436425,-0.127798,-0.00282772,-8.902,1.31483,0.117735,0.468834,-0.0960393,-0.137149,-8.79918,1.55519,0.134062,0.472753,-0.0774339,-0.125164,-9.3003,2.17717,0.025327,0.5816,-0.113086,-0.0787417,-9.66506,2.49296,-0.0706975,0.609406,-0.111487,-0.0571294,-9.58002,2.45695,-0.140905,0.559509,-0.0876546,-0.0789413,-9.67091,2.46908,-0.143505,0.564149,-0.0908168
wide_open_metal_can_1,0.202435,-8.65627,0.982518,-0.029027,0.40592,-0.090865,0.275795,-9.23775,2.02492,-0.1299,0.486093,-0.05748,0.415727,-9.88569,2.14429,-0.327284,0.462151,-0.0516441,0.164209,-9.00143,1.27881,-0.793286,0.0320515,-0.0339411,0.0930923,-8.93463,1.2017,-0.803609,0.0275802,-0.035858,0.0899935,-8.93477,1.19559,-0.799354,0.0251381,-0.0364671,0.0574628,-8.85092,1.1255,-0.764849,0.0338461,-0.0321846,0.285422,-8.32198,0.740774,-0.0930223,0.24026,-0.0365424,0.34958,-9.51406,2.70119,-0.889762,0.0443023,-0.0815393,0.439676,-8.92331,2.50394,-1.14571,-0.0841673,-0.0400917
wide_open_metal_can_2,0.0226508,-8.59456,0.981706,-0.0724844,0.374591,-0.121898,-0.0619488,-8.56427,0.921055,-0.0649894,0.395873,-0.124897,0.0771559,-8.51624,0.891239,-0.0445174,0.37977,-0.131111,0.137296,-8.65956,1.01919,-0.00186617,0.377846,-0.110652,0.259244,-8.70371,1.16315,-0.0431236,0.395747,-0.0887449,0.225096,-8.75155,1.52161,-0.0243823,0.38501,-0.0866169,0.167459,-8.92787,1.93807,-0.1025,0.426297,-0.0772986,0.138163,-9.30301,2.29322,-0.231023,0.498168,-0.0986563,0.236097,-9.59893,2.41379,-0.240803,0.513011,-0.0884572,0.168877,-9.51813,2.40771,-0.251914,0.509993,-0.0909269
wide_open_metal_can_3,0.0524003,-8.60081,1.00542,-0.0596558,0.373932,-0.121086,-0.087155,-8.57612,0.931958,-0.0180022,0.397677,-0.126666,0.0792072,-8.63836,0.935358,-0.0263327,0.384111,-0.116331,0.240763,-8.43215,0.88342,-0.0181466,0.342331,-0.0971206,0.243522,-8.78302,1.25524,-0.00657552,0.398457,-0.0778686,0.181533,-8.68313,1.55389,0.0259329,0.367847,-0.13645,0.184842,-9.07993,2.09207,-0.0914984,0.441645,-0.0916361,0.279911,-9.51034,2.32731,-0.232846,0.518893,-0.0835317,0.170934,-9.51744,2.37977,-0.231702,0.500917,-0.0889629,0.159357,-9.57941,2.40503,-0.245337,0.510888,-0.0848452
wide_open_metal_can_4,0.0314861,-8.59272,0.978157,-0.0700904,0.375918,-0.119113,-0.00364926,-8.5755,0.962514,-0.0525724,0.395609,-0.121503,0.0819569,-8.61472,0.963779,-0.0341849,0.378917,-0.122269,0.142738,-8.65061,1.00703,-0.0292301,0.34535,-0.0999854,0.255399,-8.81641,1.22135,-0.0148178,0.404221,-0.0803196,0.252561,-8.86741,1.47219,-0.0358268,0.421039,-0.0709827,0.213102,-9.04656,1.96612,-0.0925373,0.447392,-0.0714806,0.240758,-9.39564,2.35746,-0.189407,0.491209,-0.0835567,0.183495,-9.40388,2.38052,-0.232579,0.498203,-0.0904052,0.21563,-9.4909,2.39794,-0.24168,0.505432,-0.0978793
wide_open_metal_can_5,0.0574358,-8.61133,0.989394,-0.0713798,0.373776,-0.114866,-0.0454852,-8.63272,0.967185,-0.0570406,0.396646,-0.131183,0.0265163,-8.57162,0.918849,-0.0188584,0.385019,-0.125158,0.209312,-8.57385,0.997427,0.000308001,0.388437,-0.109888,0.349998,-8.87334,1.29931,-0.0435924,0.393551,-0.0889143,0.293476,-8.85962,1.5422,-0.0537845,0.371159,-0.0905954,0.241569,-9.08991,1.99966,-0.0922944,0.480944,-0.083651,0.304376,-9.42193,2.31165,-0.228115,0.492676,-0.0724792,0.17097,-9.62684,2.4404,-0.23305,0.516839,-0.0884753,0.21026,-9.53182,2.3866,-0.239765,0.51347,-0.0960626
wet_ones_container_1,0.168642,-8.63607,0.947188,-0.0272318,0.404622,-0.0865284,0.293824,-9.1397,1.89836,-0.0905363,0.473916,-0.0695497,0.429481,-9.8159,2.25029,-0.268297,0.511046,-0.0652453,0.181376,-9.10825,1.35291,-0.756512,0.0681201,-0.0303743,0.112452,-8.93684,1.20761,-0.801714,0.0296493,-0.0344114,0.105374,-8.95324,1.20028,-0.798385,0.0249084,-0.0324042,0.144423,-8.7327,1.07921,-0.687604,0.0614103,-0.0358618,0.168651,-8.47695,0.798848,-0.0303784,0.266954,-0.0444888,0.477394,-9.54342,2.87915,-0.998909,0.00948432,-0.0644752,0.428943,-8.93963,2.48865,-1.15544,-0.0976166,-0.044383
wet_ones_container_2,0.0288319,-8.59132,0.981981,-0.0774597,0.374745,-0.115586,-0.101519,-8.59761,0.955114,-0.0492997,0.404657,-0.127301,0.0741733,-8.57276,0.939277,-0.0420498,0.390121,-0.128224,0.118068,-8.5875,0.962157,0.00949449,0.361844,-0.0931495,0.346338,-8.77901,1.20635,-0.0147655,0.411639,-0.115308,0.160811,-8.66291,1.54155,0.0162559,0.39021,-0.102483,0.120709,-9.16834,2.14065,-0.109077,0.522772,-0.0930596,0.231147,-9.59852,2.45334,-0.236882,0.531691,-0.0973726,0.107207,-9.55097,2.4166,-0.244881,0.509351,-0.0927692,0.126136,-9.59702,2.4522,-0.252525,0.523988,-0.0918843
wet_ones_container_3,0.0546272,-8.61524,0.965422,-0.0618325,0.376605,-0.11654,-0.105864,-8.59553,0.925414,-0.0340535,0.399758,-0.129561,0.0206067,-8.58882,0.908843,-0.0323294,0.374783,-0.124711,0.130579,-8.58923,1.05254,0.00887174,0.408178,-0.103343,0.271851,-8.62931,1.12257,-0.00790761,0.370932,-0.0770018,0.149702,-8.65993,1.43826,0.0263122,0.406228,-0.0983656,0.0957005,-8.95704,1.9935,-0.0597395,0.456822,-0.0857799,0.289703,-9.46391,2.38846,-0.220906,0.529751,-0.116078,0.21329,-9.53197,2.39238,-0.223872,0.513847,-0.0945222,0.204655,-9.53611,2.41676,-0.23019,0.519454,-0.090772
wet_ones_container_4,0.0548961,-8.58943,0.984572,-0.0678657,0.383979,-0.114974,-0.0539003,-8.56992,0.954249,-0.0479246,0.394339,-0.123075,0.0702078,-8.51898,0.886191,-0.0276022,0.386426,-0.124334,0.176943,-8.60442,1.05862,0.00590745,0.36912,-0.11865,0.193704,-8.61919,1.20847,0.00489541,0.394738,-0.0988179,0.279764,-8.89073,1.56276,-0.0183314,0.444973,-0.067008,0.224069,-9.17257,2.12399,-0.099128,0.441773,-0.0804255,0.209038,-9.39149,2.32615,-0.233463,0.501259,-0.062262,0.174567,-9.46659,2.38304,-0.22836,0.507623,-0.0989737,0.165897,-9.4642,2.39281,-0.229944,0.508178,-0.099003
wet_ones_container_5,0.0656184,-8.63328,1.00109,-0.0772937,0.378565,-0.113714,-0.00239925,-8.66648,0.973889,-0.0624608,0.395102,-0.115422,0.100913,-8.61514,0.928535,-0.0398299,0.379567,-0.116754,0.20769,-8.57963,0.995598,0.0302348,0.394065,-0.107213,0.266692,-8.83835,1.18461,-0.00957638,0.397543,-0.0777412,0.188422,-8.84261,1.58776,-0.0140408,0.451148,-0.0608819,0.199146,-9.1753,2.18548,-0.0997992,0.511104,-0.0661289,0.29296,-9.54502,2.36284,-0.208369,0.533594,-0.0788692,0.193437,-9.58082,2.41443,-0.242109,0.508566,-0.0944774,0.177688,-9.58326,2.40249,-0.254622,0.513718,-0.0814564
tall_blue_pringles_1,0.147857,-8.70299,0.980183,-0.0586663,0.383628,-0.0935668,0.0135461,-8.6879,0.974473,-0.0384624,0.426381,-0.0950312,0.239984,-8.63204,0.923689,-0.0315227,0.398319,-0.0972034,0.303665,-8.74181,1.07283,-0.0378601,0.421404,-0.0747023,0.459136,-8.92028,1.24946,-0.0453483,0.434192,-0.0578555,0.273984,-8.76228,1.48808,-0.0101765,0.397663,-0.0642957,0.303055,-9.1156,2.09419,-0.139072,0.460291,-0.0747484,0.354333,-9.49247,2.32321,-0.18464,0.505248,-0.0916574,0.345594,-9.70247,2.4195,-0.255835,0.526656,-0.0601339,0.284803,-9.66249,2.41166,-0.24192,0.52378,-0.0640629
tall_blue_pringles_2,0.0150744,-8.61021,0.95796,-0.0820488,0.38543,-0.123126,-0.137218,-8.55747,0.926861,-0.0717293,0.391201,-0.119236,-0.00286379,-8.59772,0.924929,-0.0732062,0.372595,-0.117885,0.174741,-8.63053,0.951607,-0.0108582,0.372142,-0.101966,0.336747,-8.78902,1.15423,-0.0583313,0.390829,-0.0869359,0.263735,-8.74969,1.44207,-0.0386446,0.432693,-0.0654485,0.191358,-8.93431,1.94874,-0.101687,0.432655,-0.0745962,0.306422,-9.32078,2.29267,-0.216244,0.472702,-0.116231,0.221712,-9.41312,2.35032,-0.239046,0.500725,-0.0968871,0.190625,-9.44725,2.34598,-0.235067,0.51023,-0.0968464
tall_blue_pringles_3,0.0420721,-8.64325,1.00118,-0.0571368,0.379966,-0.117422,-0.0424123,-8.57526,0.972469,-0.051521,0.380428,-0.113238,0.0432871,-8.54861,0.907941,-0.0343002,0.385091,-0.116641,0.221365,-8.6215,0.976318,-0.0236735,0.406825,-0.10175,0.348483,-8.79727,1.2744,-0.066597,0.370662,-0.0759551,0.206452,-8.69949,1.55522,0.00554644,0.389501,-0.0597078,0.205183,-8.97768,2.04871,-0.0784158,0.428744,-0.0797233,0.277686,-9.33658,2.31001,-0.192251,0.492913,-0.102783,0.179734,-9.5747,2.41379,-0.23746,0.513456,-0.0923626,0.201205,-9.55547,2.38829,-0.236303,0.515854,-0.0865115
tall_blue_pringles_4,0.0436909,-8.6214,0.976606,-0.0773926,0.379832,-0.111782,-0.0602227,-8.61296,0.969037,-0.0472895,0.398722,-0.119553,0.159294,-8.53314,0.892973,-0.045012,0.391013,-0.124327,0.178939,-8.50661,1.0067,-0.0442339,0.348168,-0.102585,0.397063,-8.78815,1.17627,-0.027512,0.38121,-0.104521,0.332863,-8.83709,1.62255,-0.0415602,0.422547,-0.091009,0.287796,-9.16147,2.09377,-0.13801,0.475478,-0.085774,0.339928,-9.39483,2.30225,-0.227854,0.50841,-0.0918997,0.155844,-9.48579,2.38426,-0.245016,0.510506,-0.0844264,0.16901,-9.59189,2.39824,-0.255408,0.506706,-0.0907892
tall_blue_pringles_5,0.0773784,-8.64815,0.970109,-0.0719114,0.377324,-0.108196,-0.102867,-8.68066,0.973412,-0.0537688,0.40528,-0.116318,0.151328,-8.60768,0.888769,-0.0234975,0.381386,-0.110458,0.314438,-8.55743,0.99117,-0.0274469,0.334734,-0.108708,0.402446,-8.81926,1.25742,-0.0486207,0.435614,-0.0863584,0.158622,-8.79345,1.6416,-0.0659056,0.417674,-0.0670377,0.308022,-9.21725,2.19248,-0.185491,0.510076,-0.0969187,0.198221,-9.46977,2.35428,-0.227848,0.476451,-0.0938658,0.172754,-9.72164,2.47105,-0.258359,0.528141,-0.090732,0.174486,-9.66005,2.44658,-0.253425,0.523986,-0.0864658
green_allergy_pill_jar_1,0.155107,-8.7132,0.981814,-0.0690354,0.385671,-0.093307,0.061004,-8.65002,0.936644,-0.0444065,0.410968,-0.0971594,0.270252,-8.65634,0.948813,-0.0512207,0.392982,-0.0912948,0.350911,-8.7634,0.988781,-0.0136409,0.390178,-0.0719455,0.482575,-8.79246,1.1721,-0.027718,0.377275,-0.0742896,0.377487,-8.87005,1.57448,-0.0146888,0.443866,-0.0358902,0.331647,-9.06316,1.98206,-0.103778,0.432621,-0.0628568,0.360516,-9.39771,2.32706,-0.225827,0.491885,-0.0655389,0.283519,-9.65603,2.40442,-0.242265,0.528407,-0.0652966,0.287031,-9.64047,2.4236,-0.243214,0.532338,-0.0633399
green_allergy_pill_jar_2,0.0398617,-8.61724,0.994105,-0.0781006,0.377329,-0.112422,-0.0541394,-8.60612,0.948003,-0.0486797,0.402126,-0.123209,0.187459,-8.58412,0.90121,-0.0562334,0.383113,-0.111313,0.240552,-8.62805,0.929995,-0.018369,0.376777,-0.0901553,0.339193,-8.82642,1.24978,-0.0650406,0.387671,-0.0855272,0.143457,-8.67998,1.50939,-0.0396452,0.403377,-0.133843,0.255954,-9.11727,2.03299,-0.124424,0.429928,-0.0816962,0.226958,-9.45513,2.36031,-0.222596,0.46919,-0.097183,0.159199,-9.52108,2.39668,-0.254054,0.51717,-0.0823002,0.156444,-9.60168,2.41399,-0.255459,0.511536,-0.0840769
green_allergy_pill_jar_3,0.0634024,-8.63686,0.980286,-0.0721548,0.372533,-0.120384,-0.0491371,-8.60255,0.972861,-0.0477167,0.386433,-0.121968,0.166752,-8.53495,0.884091,-0.0347161,0.377479,-0.118174,0.238071,-8.5884,1.00495,-0.027211,0.372689,-0.0998859,0.290588,-8.68151,1.19743,-0.0313267,0.401477,-0.0801846,0.24097,-8.74542,1.47236,-0.041931,0.423265,-0.0916861,0.261631,-8.91514,2.00051,-0.106239,0.444427,-0.0909483,0.318353,-9.24991,2.29374,-0.20057,0.450777,-0.0905293,0.210615,-9.53551,2.39763,-0.230326,0.506393,-0.0862971,0.232743,-9.49477,2.37118,-0.230151,0.506485,-0.0916833
green_allergy_pill_jar_4,0.0517815,-8.62232,1.00739,-0.0746486,0.375395,-0.114705,-0.0502303,-8.57658,0.971819,-0.0808085,0.377987,-0.130923,0.0715109,-8.62381,0.935626,-0.0653457,0.382631,-0.117528,0.203131,-8.48743,0.943773,-0.0129014,0.369892,-0.102171,0.375402,-8.5942,1.07756,0.00256539,0.363342,-0.0733783,0.33809,-8.84386,1.40315,-0.0713705,0.430178,-0.0884009,0.297149,-9.04179,1.95407,-0.0946468,0.457503,-0.100648,0.299689,-9.34421,2.25603,-0.234205,0.487278,-0.0617751,0.272356,-9.49688,2.36849,-0.23935,0.514346,-0.0924299,0.232013,-9.44717,2.37636,-0.236854,0.511837,-0.0882784
green_allergy_pill_jar_5,0.0908367,-8.65683,0.991753,-0.0735561,0.389224,-0.10546,-0.0160318,-8.59931,0.931614,-0.0591839,0.387414,-0.118111,0.166724,-8.59655,0.920585,-0.0497997,0.382111,-0.10771,0.323403,-8.64181,0.985228,-0.0291344,0.355452,-0.0865669,0.399092,-8.65484,1.19425,-0.0317561,0.389111,-0.0772097,0.354823,-8.91522,1.53718,-0.0675583,0.419577,-0.0676527,0.3055,-8.95331,2.01028,-0.152357,0.475015,-0.0949571,0.301246,-9.3825,2.3149,-0.21444,0.485761,-0.0984689,0.243113,-9.57913,2.38419,-0.239775,0.510039,-0.0862499,0.231317,-9.54694,2.37554,-0.240027,0.509251,-0.0769723
big_orange_bug_repellent_1,0.166237,-8.69975,0.987536,-0.0618116,0.39044,-0.0865958,0.160798,-8.69702,0.964236,-0.0574727,0.408436,-0.093794,0.15339,-8.71531,0.923957,-0.0371242,0.400558,-0.0986438,0.236597,-8.66112,1.03097,0.0260641,0.437969,-0.077826,0.327629,-8.68103,1.09351,0.0244882,0.430504,-0.0462455,0.208572,-8.81038,1.41406,-0.004029,0.419141,-0.0877654,0.17805,-8.99818,1.90377,-0.0523595,0.456086,-0.106663,0.3259,-9.52852,2.38667,-0.182857,0.546423,-0.0656675,0.25172,-9.56596,2.40028,-0.224703,0.525625,-0.059034,0.292998,-9.59702,2.38678,-0.230054,0.521902,-0.0643199
big_orange_bug_repellent_2,0.0763512,-8.65689,0.991886,-0.0341863,0.392152,-0.100366,0.178567,-9.231,2.12496,-0.153301,0.477356,-0.0917462,0.337663,-9.61271,1.87862,-0.480538,0.331138,-0.0666006,-0.0201647,-8.91418,1.17994,-0.806192,0.0198324,-0.0522454,0.00967537,-8.9195,1.19217,-0.806093,0.0161517,-0.0549261,-0.000258405,-8.91533,1.18931,-0.808366,0.0178598,-0.0560402,0.00549704,-8.92063,1.18924,-0.807426,0.0199172,-0.0546004,0.122062,-8.33735,0.764768,-0.236507,0.178778,-0.0570291,0.231747,-9.31966,2.3449,-0.694635,0.0962542,-0.0844307,0.373146,-9.04452,2.57435,-1.19672,-0.107442,-0.0732051
big_orange_bug_repellent_3,0.0553027,-8.64784,0.980393,-0.067083,0.385921,-0.116805,0.0221041,-8.64974,0.962757,-0.0508248,0.403864,-0.130881,0.0102848,-8.61309,0.876882,0.00155418,0.384534,-0.130242,0.176738,-8.59561,0.924814,-0.0135016,0.358036,-0.0936436,0.257308,-8.67746,1.12845,0.0235966,0.35581,-0.0902867,0.19291,-8.80979,1.49049,-0.0141965,0.415237,-0.107635,0.0304864,-8.81708,1.88307,-0.0288844,0.375822,-0.0926489,0.218568,-9.25989,2.29277,-0.141447,0.508566,-0.110989,0.240341,-9.36467,2.3154,-0.202994,0.505036,-0.0847714,0.219609,-9.40902,2.34622,-0.196623,0.511486,-0.0854375
big_orange_bug_repellent_4,0.0667282,-8.6271,1.00724,-0.0665535,0.380864,-0.115288,-0.0783544,-8.60619,0.952431,-0.0480905,0.406504,-0.122001,0.0131688,-8.59995,0.912956,-0.0178468,0.382327,-0.129498,0.168126,-8.68089,1.04526,0.0223611,0.411689,-0.105133,0.265064,-8.84085,1.26369,-0.00357931,0.398525,-0.0960747,0.226139,-8.97791,1.58826,-0.0259193,0.405636,-0.0939054,0.162751,-9.03495,2.00594,-0.0917441,0.459938,-0.0800012,0.254367,-9.60256,2.41946,-0.206945,0.516792,-0.0649424,0.144849,-9.5601,2.38681,-0.225371,0.521448,-0.0851713,0.14817,-9.60816,2.40649,-0.234196,0.522364,-0.088143
big_orange_bug_repellent_5,0.0839781,-8.688,1.00625,-0.0722021,0.383779,-0.10941,0.0308574,-8.68332,0.972139,-0.0555742,0.393072,-0.119822,0.073376,-8.61059,0.920586,-0.00480056,0.397708,-0.11327,0.179792,-8.67984,0.997165,0.00397623,0.398542,-0.094094,0.278147,-8.63204,1.14766,-0.0104167,0.417936,-0.0783034,0.142762,-8.8514,1.47921,0.0149396,0.42294,-0.0452576,0.200878,-9.17828,2.10553,-0.07892,0.472999,-0.0649475,0.203905,-9.45046,2.33762,-0.179494,0.508259,-0.0757783,0.201631,-9.59431,2.41016,-0.226458,0.520614,-0.0857985,0.231646,-9.59533,2.38801,-0.238878,0.510589,-0.0801523
coffee_mate_container_1,0.112369,-8.64269,0.985356,-0.0558375,0.388246,-0.108505,0.00813558,-8.65098,0.940112,-0.0338763,0.40788,-0.105035,0.0953177,-8.66048,0.889858,-0.004979,0.397902,-0.115088,0.206326,-8.71516,1.03012,0.0135555,0.405357,-0.100564,0.289983,-8.63007,1.11576,0.00347134,0.41088,-0.0753437,0.249422,-8.81857,1.39514,0.00881365,0.401857,-0.0996511,0.115032,-8.8572,1.89986,-0.0472017,0.41848,-0.112827,0.299931,-9.50553,2.3517,-0.170262,0.501769,-0.0989053,0.254994,-9.48241,2.3518,-0.213487,0.504214,-0.0869184,0.246426,-9.53964,2.36966,-0.214592,0.509245,-0.083523
coffee_mate_container_2,0.0347109,-8.58691,0.975176,-0.0715479,0.378996,-0.122832,-0.0609912,-8.57981,0.9334,-0.0352548,0.40496,-0.124974,-0.029501,-8.57709,0.927305,-0.0285363,0.377972,-0.130944,0.192968,-8.47409,0.976106,0.0150077,0.369676,-0.123873,0.216654,-8.72593,1.23636,-0.0221595,0.392968,-0.102523,0.253763,-8.72066,1.67369,-0.00592798,0.433149,-0.111053,0.188877,-9.2589,2.19498,-0.147921,0.513636,-0.0987519,0.147682,-9.41849,2.38615,-0.209277,0.511741,-0.0892834,0.115176,-9.62896,2.45327,-0.253021,0.525619,-0.0971677,0.0656612,-9.6022,2.42741,-0.241506,0.529971,-0.10925
coffee_mate_container_3,0.108632,-8.63407,0.981439,-0.0600911,0.387557,-0.109603,0.0312643,-8.58927,0.967496,-0.0536238,0.403169,-0.116725,0.0522298,-8.56355,0.92553,-0.0157704,0.407133,-0.102996,0.262347,-8.59523,1.01904,0.0109168,0.407986,-0.0914009,0.331949,-8.69764,1.14754,0.0311064,0.403229,-0.113194,0.345551,-8.78261,1.54182,-0.0146595,0.410972,-0.0649926,0.318344,-9.18646,1.95644,-0.0576425,0.459941,-0.0608998,0.272045,-9.37663,2.32636,-0.196645,0.517618,-0.047186,0.242195,-9.61517,2.41963,-0.217454,0.528233,-0.0773523,0.240283,-9.46525,2.36632,-0.212172,0.521276,-0.0759246
coffee_mate_container_4,0.0387987,-8.61028,0.986371,-0.0661076,0.368591,-0.117424,-0.0665124,-8.58078,0.968209,-0.0444132,0.395257,-0.134938,0.100991,-8.55733,0.919895,-0.0261918,0.380859,-0.132753,0.160917,-8.61324,0.978009,-0.00106049,0.372987,-0.0980478,0.28364,-8.65717,1.20702,-0.0326267,0.402122,-0.0942912,0.33855,-8.83233,1.55992,-0.0431123,0.456148,-0.0887257,0.202599,-9.24314,2.08201,-0.126311,0.42721,-0.0977173,0.195025,-9.43227,2.3528,-0.213219,0.518481,-0.086566,0.194725,-9.58766,2.41264,-0.235352,0.512102,-0.0984314,0.16635,-9.51609,2.36888,-0.23722,0.508808,-0.0964943
coffee_mate_container_5,0.0880648,-8.65398,1.01961,-0.0729761,0.390171,-0.113908,-0.00809434,-8.5976,0.934584,-0.0578964,0.387711,-0.121687,0.125958,-8.57965,0.891511,-0.0306878,0.387469,-0.127659,0.0936027,-8.55989,1.03071,0.0156963,0.407622,-0.1122,0.291753,-8.78659,1.15126,0.0110393,0.410471,-0.105921,0.258554,-8.92089,1.57237,-0.0230419,0.431469,-0.0891065,0.257541,-9.29546,2.0452,-0.120773,0.455109,-0.0811483,0.246463,-9.38653,2.32653,-0.187254,0.520693,-0.101653,0.213646,-9.59371,2.38897,-0.237376,0.518586,-0.0890337,0.220862,-9.56803,2.39947,-0.233859,0.522546,-0.0867929
green_oeange_water_bottle_1,0.104491,-8.67826,0.959479,-0.0551291,0.380758,-0.10835,0.0635801,-8.6969,0.952431,-0.0542976,0.401188,-0.11516,0.011329,-8.66351,0.90009,0.00845485,0.415513,-0.109027,0.27744,-8.6596,1.04157,0.0387484,0.398715,-0.0874631,0.281054,-8.91138,1.20156,0.0305569,0.398673,-0.101157,0.138908,-8.66112,1.4155,0.0591555,0.396502,-0.102565,0.103325,-8.8349,1.94439,-0.00979609,0.445875,-0.0834017,0.171676,-9.57886,2.40378,-0.137825,0.545338,-0.101868,0.264615,-9.47962,2.37253,-0.213189,0.513971,-0.083425,0.223318,-9.57752,2.38054,-0.20624,0.520426,-0.0820089
green_oeange_water_bottle_2,0.0361799,-8.59604,0.960225,-0.0688732,0.381197,-0.123479,-0.0522726,-8.51281,0.902689,-0.0380846,0.388771,-0.124756,-0.0245516,-8.56925,0.91488,0.0029703,0.402148,-0.133533,0.0966532,-8.51694,0.939568,0.0452489,0.399683,-0.120481,0.149876,-8.54268,1.08086,0.0391375,0.416443,-0.131218,0.141338,-8.82589,1.52056,-0.0051881,0.41174,-0.116398,0.179897,-8.99212,1.98301,-0.0478201,0.426087,-0.111306,0.135171,-9.37457,2.31669,-0.166622,0.503557,-0.077534,0.151402,-9.36336,2.33713,-0.218212,0.501118,-0.102995,0.184619,-9.40058,2.34668,-0.228995,0.51293,-0.0927566
green_oeange_water_bottle_3,0.0860523,-8.61611,0.99002,-0.0606117,0.393114,-0.102331,-0.0394256,-8.60875,0.934022,-0.0267942,0.399849,-0.111534,0.0719087,-8.58853,0.906666,0.00998986,0.412745,-0.114167,0.150236,-8.59893,0.944958,0.0157978,0.384245,-0.0772464,0.251787,-8.80215,1.22584,0.0113718,0.422214,-0.0782741,0.340301,-8.96306,1.55252,-0.0315756,0.456822,-0.0609909,0.256472,-9.14278,2.04598,-0.0660904,0.469548,-0.0786161,0.204792,-9.47509,2.38128,-0.213258,0.521182,-0.0756591,0.229481,-9.43087,2.3895,-0.220427,0.522069,-0.0869652,0.263981,-9.48537,2.40158,-0.220465,0.527557,-0.0754395
green_oeange_water_bottle_4,0.0302687,-8.61121,0.989315,-0.0660205,0.369892,-0.124109,-0.0481298,-8.56476,0.949341,-0.0630172,0.375294,-0.118682,0.02861,-8.64217,0.939772,-0.0171008,0.393033,-0.11834,0.044485,-8.54884,0.977143,0.0364415,0.373999,-0.107448,0.195524,-8.86319,1.18291,0.0104396,0.427727,-0.0560034,0.264146,-8.86939,1.553,-0.0174537,0.427966,-0.101748,0.208101,-9.19571,2.03905,-0.0849272,0.488859,-0.0877863,0.166189,-9.42844,2.33578,-0.143882,0.556468,-0.0759578,0.112984,-9.46397,2.39275,-0.213515,0.511254,-0.101532,0.137047,-9.50517,2.40014,-0.217378,0.51241,-0.0985675
green_oeange_water_bottle_5,0.0580708,-8.64628,0.984566,-0.0710704,0.388586,-0.106474,0.00739382,-8.69713,0.966053,-0.0486273,0.407576,-0.124963,0.00385981,-8.59254,0.883909,0.0148999,0.415234,-0.120863,0.182235,-8.65752,1.00419,0.0288008,0.370446,-0.0954598,0.230477,-8.74004,1.20658,0.0137115,0.42013,-0.0866992,0.202941,-8.91011,1.70081,-0.0320547,0.427149,-0.114523,0.112828,-9.34195,2.22164,-0.125538,0.540575,-0.0962424,0.221646,-9.46761,2.42027,-0.195184,0.513641,-0.0796636,0.164665,-9.62017,2.44832,-0.235125,0.522864,-0.0914367,0.167446,-9.66814,2.44136,-0.243812,0.520363,-0.0804425
blue_red_avengers_water_bottle_full_1,0.122366,-8.68056,0.980812,-0.062579,0.393653,-0.116689,-0.0253897,-8.66964,0.963975,-0.0311816,0.406273,-0.103306,-0.211081,-8.64418,0.905224,0.137397,0.432901,-0.122495,-0.0815011,-8.66789,0.99883,0.114093,0.396133,-0.100761,-0.00932588,-8.84587,1.22563,0.135859,0.463432,-0.108745,-0.0968914,-8.63845,1.52301,0.166446,0.425179,-0.108381,-0.157707,-9.21733,2.13671,0.045666,0.548264,-0.113703,-0.0454948,-9.85587,2.50037,-0.136377,0.606699,-0.0725876,-0.0718167,-9.78195,2.47615,-0.136994,0.564383,-0.0832286,-0.0755374,-9.76463,2.47584,-0.124924,0.565705,-0.0936382
blue_red_avengers_water_bottle_full_2,0.0362794,-8.58846,0.982222,-0.0623077,0.372351,-0.120418,-0.0290626,-8.56814,0.940947,-0.0450337,0.406229,-0.128528,-0.351282,-8.44295,0.875261,0.150913,0.434808,-0.152579,-0.23073,-8.60914,1.03799,0.137989,0.426498,-0.128856,0.0306689,-8.76052,1.27681,0.123205,0.440382,-0.126867,-0.0808155,-8.63864,1.4831,0.102144,0.424216,-0.113016,-0.150932,-9.31757,2.19917,-0.0224948,0.566663,-0.1154,-0.00548156,-9.75834,2.50895,-0.118955,0.565034,-0.0797003,-0.0785353,-9.79174,2.57675,-0.176107,0.577813,-0.10874,-0.10115,-9.88221,2.59663,-0.177106,0.564789,-0.109241
blue_red_avengers_water_bottle_full_3,0.10808,-8.61354,0.985762,-0.0605551,0.380003,-0.100507,-0.0309741,-8.61959,0.953828,-0.0131497,0.410529,-0.102256,-0.332111,-8.55994,0.877832,0.157296,0.454978,-0.135776,-0.0625665,-8.69029,1.04243,0.168542,0.431228,-0.114878,-0.0257641,-8.73585,1.23864,0.12615,0.458427,-0.10069,-0.00021602,-8.91627,1.65852,0.0857484,0.456176,-0.125268,-0.113275,-9.41267,2.22735,0.0133143,0.558492,-0.0909937,-0.106343,-9.65379,2.51365,-0.0825043,0.616715,-0.0702765,-0.09245,-9.73679,2.5033,-0.1446,0.576492,-0.0870142,-0.0579374,-9.7291,2.50312,-0.144806,0.571215,-0.084638
blue_red_avengers_water_bottle_full_4,0.0667438,-8.62191,0.991857,-0.0734954,0.374055,-0.118776,-0.127211,-8.56617,0.961089,-0.022625,0.39969,-0.129519,-0.263663,-8.57317,0.884649,0.122926,0.423539,-0.146246,-0.211622,-8.59159,0.992389,0.157748,0.427004,-0.115105,-0.0630635,-8.64354,1.22301,0.136925,0.434862,-0.12128,-0.0211293,-8.82874,1.59958,0.0457354,0.473179,-0.130494,-0.177592,-9.25999,2.15556,-0.00266045,0.495156,-0.13042,-0.198305,-9.65431,2.41962,-0.124649,0.530627,-0.114074,-0.051196,-9.56617,2.40032,-0.177929,0.522834,-0.0989483,-0.0836797,-9.59164,2.41103,-0.168015,0.524341,-0.101796
blue_red_avengers_water_bottle_full_5,0.0852391,-8.6412,1.01007,-0.0719462,0.376651,-0.110187,0.0167377,-8.66929,0.967355,-0.053332,0.407532,-0.119668,-0.28798,-8.63626,0.966533,0.120268,0.444602,-0.135599,-0.112605,-8.74975,1.02544,0.122955,0.412004,-0.110653,-0.0568485,-8.69565,1.14532,0.1445,0.437154,-0.0937146,-0.141074,-8.75511,1.39549,0.138565,0.47773,-0.0538483,-0.132855,-9.22421,2.08253,0.0618919,0.55392,-0.0742163,-0.0172798,-9.58335,2.38048,-0.0511149,0.594095,-0.124303,-0.0852944,-9.46871,2.39386,-0.109641,0.549883,-0.108878,-0.115001,-9.54034,2.41038,-0.111129,0.546876,-0.103971
yellow_lysol_wipes_container_1,0.111899,-8.69158,0.968466,-0.0587,0.385948,-0.105298,-0.0268916,-8.62645,0.901762,-0.0305734,0.417036,-0.119062,0.143949,-8.63394,0.893167,-0.0302162,0.385901,-0.100852,0.274194,-8.88098,1.04883,-0.0157092,0.402251,-0.0919685,0.379505,-8.78225,1.22681,-0.0070396,0.420841,-0.0589859,0.0708274,-8.46477,1.52627,0.0612522,0.360816,-0.0721256,0.206785,-9.20407,2.12679,-0.12601,0.473424,-0.0682174,0.272916,-9.59358,2.43759,-0.199008,0.541246,-0.0676192,0.252896,-9.68648,2.4185,-0.242048,0.535377,-0.07593,0.202627,-9.70715,2.43635,-0.233054,0.528539,-0.0731244
yellow_lysol_wipes_container_2,0.0375537,-8.60593,0.953615,-0.0771483,0.38081,-0.119846,-0.120893,-8.56976,0.961892,-0.0520276,0.393832,-0.125296,0.0362675,-8.51531,0.875055,-0.0405124,0.392817,-0.12506,0.217404,-8.54151,0.968373,0.0136348,0.37966,-0.119548,0.247867,-8.85375,1.22201,-0.0420114,0.414126,-0.072827,0.217386,-8.76775,1.47364,-0.0492766,0.421631,-0.120514,0.157901,-8.93093,1.98326,-0.112487,0.481123,-0.106459,0.194198,-9.43935,2.3203,-0.211535,0.498227,-0.0801118,0.192477,-9.48452,2.36442,-0.239393,0.51145,-0.0956945,0.152861,-9.53355,2.41211,-0.242046,0.517363,-0.0858662
yellow_lysol_wipes_container_3,0.145235,-8.6391,0.983714,-0.0316449,0.399433,-0.0869129,0.304698,-9.18816,2.00269,-0.139258,0.482535,-0.0793021,0.370312,-9.77111,2.12376,-0.294708,0.466601,-0.0698619,0.092621,-9.00074,1.27886,-0.787401,0.0358945,-0.0472646,0.0278608,-8.91075,1.19485,-0.799035,0.0270217,-0.0468757,0.0318922,-8.91194,1.18359,-0.800052,0.02822,-0.0420765,0.00611221,-8.77961,1.10791,-0.740145,0.0288223,-0.0409732,0.164295,-8.35916,0.726541,-0.0246197,0.251186,-0.0496134,0.343774,-9.50244,2.75077,-0.9278,0.0294619,-0.0893381,0.403782,-8.92708,2.50575,-1.13956,-0.101148,-0.0653328
yellow_lysol_wipes_container_4,0.0675538,-8.62235,0.985479,-0.0680742,0.371486,-0.119039,-0.0439405,-8.56637,0.958603,-0.0299381,0.405409,-0.123881,0.0103241,-8.612,0.946588,-0.0426493,0.397554,-0.121002,0.147945,-8.60057,0.98799,-0.026607,0.351341,-0.0905927,0.319004,-8.62056,1.17501,-0.0198978,0.380131,-0.0956364,0.311054,-8.93334,1.63487,-0.0825899,0.438644,-0.0909387,0.355394,-9.25305,2.08575,-0.110102,0.488323,-0.0750793,0.294489,-9.44987,2.4021,-0.189218,0.517356,-0.109929,0.232848,-9.55261,2.3942,-0.238454,0.510824,-0.0879268,0.213089,-9.54751,2.40217,-0.239441,0.509494,-0.0966255
yellow_lysol_wipes_container_5,0.0846283,-8.67434,0.989016,-0.0775617,0.379613,-0.103441,0.0607586,-8.66123,0.934889,-0.0544036,0.393904,-0.121758,0.115894,-8.63483,0.929126,-0.0538317,0.387165,-0.11146,0.202038,-8.69518,0.995919,0.00208495,0.378133,-0.101304,0.322822,-8.8164,1.23512,-0.0222863,0.435315,-0.0780287,0.316145,-9.01805,1.62135,-0.0764119,0.429913,-0.0588239,0.271009,-9.19782,2.02587,-0.134124,0.453197,-0.0973773,0.303596,-9.45768,2.31641,-0.196845,0.507527,-0.0992866,0.244955,-9.5865,2.3708,-0.241731,0.522289,-0.075832,0.261192,-9.62342,2.39652,-0.24562,0.51972,-0.0837839
pink_noodle_h5_1,0.121201,-8.70737,0.962946,-0.0596505,0.386838,-0.116422,0.0386949,-8.66845,0.910016,-0.0397297,0.400939,-0.107118,0.170975,-8.67181,0.880611,-0.0405475,0.384516,-0.113511,0.265983,-8.62402,0.924114,-0.0017783,0.361275,-0.0848401,0.402319,-8.81565,1.1687,-0.0346209,0.394713,-0.0839956,0.304547,-8.83659,1.53133,-0.0212271,0.36302,-0.0938928,0.20277,-8.8882,1.83899,-0.0301547,0.415444,-0.0548261,0.367634,-9.3054,2.28125,-0.179517,0.489807,-0.0858443,0.289847,-9.45095,2.3552,-0.223522,0.515735,-0.0854754,0.26998,-9.47208,2.34477,-0.215724,0.524602,-0.0789004
pink_noodle_h5_2,0.0383099,-8.5942,0.959452,-0.0725797,0.381786,-0.119634,-0.0220573,-8.55505,0.947629,-0.0603037,0.391054,-0.133013,0.126322,-8.60935,0.91918,-0.0614676,0.383593,-0.115789,0.231188,-8.58336,1.03403,-0.0622688,0.389923,-0.100524,0.357968,-8.9125,1.19543,-0.0607895,0.36523,-0.0894107,0.235237,-8.7177,1.49162,-0.0622875,0.408939,-0.123418,0.235948,-9.05671,2.05401,-0.117427,0.458908,-0.0883532,0.226676,-9.28817,2.30942,-0.218366,0.505894,-0.0839007,0.14632,-9.5545,2.40211,-0.243008,0.513373,-0.0957725,0.16643,-9.54109,2.40434,-0.248985,0.518286,-0.0945747
pink_noodle_h5_3,0.0964393,-8.65127,0.979275,-0.059917,0.390206,-0.101825,-0.043161,-8.66648,0.966016,-0.0322694,0.40956,-0.107738,0.167196,-8.60062,0.914597,-0.0663206,0.389608,-0.101683,0.287826,-8.58384,0.985932,-0.0255235,0.366446,-0.0838895,0.399721,-8.66767,1.12013,-0.0147688,0.419275,-0.0770056,0.378493,-8.87434,1.50121,-0.0709297,0.428887,-0.0978808,0.347545,-9.0631,1.92916,-0.0971047,0.436317,-0.0667031,0.261347,-9.36028,2.30961,-0.204101,0.493032,-0.071496,0.289325,-9.47536,2.37125,-0.229318,0.521615,-0.081582,0.252364,-9.4728,2.37273,-0.224165,0.52252,-0.0756325
pink_noodle_h5_4,0.0492833,-8.63353,0.987752,-0.0765017,0.373884,-0.117819,-0.01328,-8.61145,0.957789,-0.0611411,0.401561,-0.130581,0.179122,-8.57195,0.89962,-0.0526504,0.385342,-0.123444,0.165191,-8.55822,1.0064,-0.0310465,0.378727,-0.106406,0.369013,-8.87529,1.26189,-0.0779414,0.417672,-0.076013,0.363442,-8.95525,1.53886,-0.0829867,0.469639,-0.0429653,0.341704,-9.06329,1.99842,-0.156613,0.491213,-0.0839514,0.261098,-9.37701,2.31312,-0.193757,0.490508,-0.0667045,0.194024,-9.58505,2.43285,-0.249505,0.518122,-0.0809548,0.162599,-9.58219,2.39604,-0.242254,0.522968,-0.0864471
pink_noodle_h5_5,0.0980797,-8.67344,0.998659,-0.0713064,0.375546,-0.112381,-0.0200386,-8.64952,0.977422,-0.0377949,0.41081,-0.108226,0.0909731,-8.61367,0.919906,-0.0468681,0.388395,-0.102951,0.270705,-8.68337,0.965636,-0.0376448,0.346292,-0.0728385,0.347822,-8.71217,1.22145,-0.0282157,0.398835,-0.0792183,0.360887,-8.93508,1.70262,-0.0290634,0.415218,-0.0417571,0.299373,-9.32839,2.16526,-0.152624,0.492266,-0.0467871,0.270199,-9.58,2.40814,-0.233837,0.50812,-0.0871198,0.172457,-9.6866,2.41912,-0.25651,0.51412,-0.0817854,0.187482,-9.66546,2.45831,-0.253563,0.518797,-0.0885381
white_water_bottle_full_1,0.139066,-8.68412,0.975021,-0.0607008,0.385937,-0.105242,0.0669621,-8.69988,0.935991,-0.0387178,0.404155,-0.112519,-0.312719,-8.74321,0.949097,0.219873,0.475503,-0.154159,-0.388147,-8.88607,1.1135,0.261777,0.468944,-0.144377,-0.340524,-8.87583,1.25864,0.277047,0.519145,-0.0742166,-0.522781,-8.53892,1.51439,0.301052,0.492704,-0.0646896,-0.475148,-9.15743,2.09144,0.212114,0.57553,-0.0869497,-0.216941,-9.9142,2.55375,-0.0551901,0.594967,-0.0922655,-0.0643119,-9.90549,2.53751,-0.137438,0.580696,-0.0778677,-0.0692715,-9.85423,2.52008,-0.14118,0.577415,-0.0825811
white_water_bottle_full_2,0.0517052,-8.61252,0.95774,-0.0772877,0.370336,-0.131586,-0.0891022,-8.56919,0.927974,-0.0356323,0.407817,-0.125847,-0.453407,-8.54184,0.892831,0.199702,0.463302,-0.161773,-0.473307,-8.65507,1.04885,0.245148,0.470639,-0.12206,-0.339502,-8.90966,1.25156,0.235525,0.503199,-0.121532,-0.270697,-8.8943,1.60713,0.185124,0.488164,-0.137624,-0.542222,-9.13345,2.12043,0.151123,0.531464,-0.125599,-0.152787,-9.70753,2.45192,-0.0316227,0.592933,-0.0894533,-0.0993901,-9.56291,2.41229,-0.112609,0.579429,-0.104854,-0.137864,-9.57669,2.4534,-0.105989,0.573367,-0.112725
white_water_bottle_full_3,0.104377,-8.65044,0.984336,-0.0705346,0.383603,-0.105904,0.0192685,-8.63289,0.950671,-0.039227,0.408433,-0.109563,-0.604227,-8.44707,0.857222,0.215521,0.459035,-0.123269,-0.363881,-8.71498,0.99516,0.282439,0.494543,-0.126329,-0.241342,-8.84954,1.25601,0.254005,0.471732,-0.129912,-0.336353,-8.92394,1.60874,0.219406,0.527059,-0.0931737,-0.349257,-9.48663,2.29194,0.0995414,0.528883,-0.115543,-0.223632,-9.85448,2.61514,-0.0721109,0.59679,-0.110444,-0.09274,-9.8811,2.56023,-0.161642,0.56532,-0.0992499,-0.0849615,-9.81937,2.5136,-0.160521,0.553189,-0.0965213
white_water_bottle_full_4,0.0620798,-8.63645,1.00005,-0.0738327,0.36974,-0.118699,-0.0626099,-8.57954,0.937226,-0.0594748,0.386911,-0.128132,-0.560316,-8.60246,0.894714,0.244608,0.466247,-0.159017,-0.335008,-8.63717,1.00751,0.295079,0.489394,-0.153987,-0.373012,-9.00341,1.28612,0.276835,0.49199,-0.13491,-0.367285,-9.08589,1.64851,0.195693,0.525529,-0.137804,-0.322046,-9.40882,2.24504,0.064739,0.533379,-0.13778,-0.298703,-9.91363,2.61067,-0.0579717,0.62157,-0.115704,-0.254147,-9.81707,2.52218,-0.0891855,0.595689,-0.104334,-0.237805,-9.83211,2.5157,-0.102668,0.591571,-0.0974242
white_water_bottle_full_5,0.094003,-8.67517,0.982618,-0.0684127,0.380059,-0.106309,-0.00238622,-8.73343,0.976957,-0.0792694,0.389096,-0.121036,-0.425019,-8.66168,0.941723,0.240448,0.479567,-0.160939,-0.400988,-8.84158,1.13206,0.271452,0.501961,-0.141498,-0.312461,-8.9703,1.28637,0.283744,0.515398,-0.119849,-0.454088,-8.64146,1.40481,0.253575,0.481011,-0.0563399,-0.392017,-9.27321,2.07764,0.119053,0.551182,-0.0967387,-0.341647,-9.91768,2.56664,0.00542262,0.651736,-0.144691,-0.1815,-9.69235,2.49123,-0.0673307,0.591239,-0.117246,-0.23363,-9.69532,2.47496,-0.0617792,0.581464,-0.116229
plastic_jar_with_beans_1,0.0998908,-8.68881,0.974318,-0.00413683,0.399312,-0.0973683,0.135986,-9.14864,1.97814,-0.0619313,0.477403,-0.0940776,0.391807,-9.80213,2.10818,-0.297051,0.452606,-0.07126,0.137058,-9.02949,1.26698,-0.783022,0.0323522,-0.0456271,0.0722558,-8.93913,1.19175,-0.789601,0.0249075,-0.0403534,0.0877083,-8.94989,1.18589,-0.790959,0.0245394,-0.0437584,0.080545,-8.7499,1.05966,-0.702847,0.0441665,-0.0344355,0.169468,-8.50681,0.824463,-0.028329,0.258352,-0.0490192,0.431415,-9.58654,2.87489,-1.02778,-0.00552461,-0.0923424,0.425402,-8.79699,2.40153,-1.12116,-0.0895117,-0.0632083
plastic_jar_with_beans_2,0.0703569,-8.61301,0.976945,-0.0678166,0.372375,-0.117227,-0.0460281,-8.62182,0.961568,-0.0679367,0.390834,-0.123434,-0.0542647,-8.57021,0.870238,0.00783744,0.393705,-0.128337,0.0262487,-8.53482,0.963312,0.100825,0.397652,-0.115994,0.153729,-8.74817,1.1757,0.0409961,0.39968,-0.106183,0.00895133,-8.76514,1.50772,0.0424506,0.433041,-0.0899923,0.0718266,-9.01843,2.00204,-0.0391234,0.45921,-0.0920273,0.0668646,-9.46259,2.37588,-0.168194,0.537018,-0.102801,0.183424,-9.50955,2.38801,-0.232922,0.517093,-0.0987708,0.0966062,-9.54922,2.37316,-0.220732,0.512228,-0.0923085
plastic_jar_with_beans_3,0.132715,-8.64651,0.996228,-0.0664715,0.384993,-0.0987217,0.0363432,-8.5904,0.896859,-0.0369823,0.403961,-0.112863,-0.0369165,-8.59906,0.897342,0.0455328,0.410238,-0.115355,0.188737,-8.63175,0.988776,0.0572358,0.374124,-0.0911427,0.282966,-8.56043,1.11149,0.0868735,0.408974,-0.0921588,0.207788,-8.84993,1.55518,-0.00151134,0.430826,-0.136822,0.191041,-9.26272,2.19512,-0.0983131,0.496623,-0.104612,0.19146,-9.52685,2.36016,-0.168669,0.535416,-0.0820628,0.105941,-9.67738,2.42534,-0.189583,0.529119,-0.0866422,0.114737,-9.64874,2.41946,-0.201803,0.535942,-0.0845437
plastic_jar_with_beans_4,0.0780459,-8.65471,0.98305,-0.0695991,0.383685,-0.116102,0.0276429,-8.67627,0.938522,-0.0585588,0.388803,-0.123595,-0.0828875,-8.5788,0.90747,0.0395788,0.385525,-0.117216,0.0600104,-8.67947,0.977461,0.0445931,0.367886,-0.103784,0.171382,-8.7382,1.18586,0.0325472,0.408547,-0.0661722,0.124274,-8.92638,1.53934,0.0368923,0.433708,-0.0800373,0.164842,-9.29038,2.15698,-0.0766748,0.570776,-0.124517,0.167512,-9.48391,2.35884,-0.169483,0.506313,-0.0768269,0.0793964,-9.5434,2.41477,-0.187552,0.523734,-0.105468,0.104544,-9.58555,2.39316,-0.19084,0.526745,-0.0977172
plastic_jar_with_beans_5,0.0966201,-8.69553,1.00517,-0.0739163,0.377871,-0.109708,0.00908224,-8.66593,0.928685,-0.0597825,0.387906,-0.125266,-0.13703,-8.6336,0.927301,0.0438355,0.41808,-0.127757,-0.0399331,-8.55346,0.998226,0.0384445,0.390873,-0.0989006,0.208924,-8.88345,1.27867,0.0336354,0.424633,-0.091134,0.184583,-8.83834,1.42357,0.0191502,0.435852,-0.0924448,0.263393,-9.31024,2.08208,-0.012616,0.506604,-0.0960798,0.182325,-9.48359,2.32304,-0.129855,0.533496,-0.107892,0.157489,-9.59095,2.39569,-0.204964,0.526585,-0.0885413,0.108999,-9.53174,2.37556,-0.183344,0.527383,-0.0992856
yellow_ketchup_bottle_full_1,0.151779,-8.69961,0.977022,-0.0537259,0.384534,-0.105277,0.0483689,-8.68211,0.910769,-0.0484246,0.405622,-0.115357,-0.0708516,-8.7557,0.921143,0.0804182,0.430693,-0.107174,0.00643889,-8.83896,1.02693,0.110441,0.427984,-0.115941,0.104751,-8.80235,1.17157,0.12885,0.473332,-0.0783044,0.019649,-8.7423,1.46426,0.115205,0.417618,-0.0614731,-0.188033,-8.84057,1.87731,0.105146,0.46655,-0.103789,0.0834886,-9.57866,2.38834,-0.0621393,0.554124,-0.119673,0.0407055,-9.50898,2.38163,-0.102915,0.551742,-0.108766,0.00397222,-9.54638,2.37685,-0.1029,0.548087,-0.104053
yellow_ketchup_bottle_full_2,0.0701783,-8.63246,0.974139,-0.0800628,0.380132,-0.105564,-0.075476,-8.61284,0.928336,-0.0322296,0.395009,-0.115387,-0.168905,-8.55193,0.906695,0.0647322,0.412852,-0.138595,-0.0487819,-8.62623,0.999136,0.0848121,0.398239,-0.0900321,-0.0456874,-8.71193,1.19488,0.0633525,0.438441,-0.0999998,-0.0837159,-8.64678,1.57875,0.122456,0.414985,-0.121092,-0.116839,-9.14866,2.11977,-0.0451851,0.515397,-0.117224,-0.0199639,-9.47511,2.34243,-0.161193,0.521513,-0.115021,-0.0142065,-9.60425,2.41054,-0.187572,0.526646,-0.0981802,-0.0452524,-9.63798,2.44807,-0.182428,0.534519,-0.102411
yellow_ketchup_bottle_full_3,0.0938596,-8.66629,1.01049,-0.0606968,0.38932,-0.100284,-0.0564135,-8.6588,0.962699,-0.0255921,0.417487,-0.0969799,-0.127357,-8.56583,0.873812,0.0794685,0.414994,-0.123718,-0.0616184,-8.64248,1.00463,0.0943971,0.417383,-0.099065,0.0383225,-8.88517,1.15165,0.103549,0.455661,-0.0790158,0.129714,-8.92981,1.49544,0.0744235,0.452006,-0.0966539,0.0599842,-9.03833,1.95697,-0.00277866,0.453141,-0.11335,0.0838917,-9.50774,2.39723,-0.0970593,0.557579,-0.0612587,0.0798783,-9.51632,2.35385,-0.141122,0.543094,-0.0739303,0.0714308,-9.5038,2.37075,-0.145553,0.53752,-0.0787188
yellow_ketchup_bottle_full_4,0.0840703,-8.679,0.973918,-0.0679509,0.367826,-0.117081,-0.023188,-8.64718,0.963435,-0.0639564,0.391765,-0.121094,-0.231374,-8.66645,0.958284,0.0873304,0.4393,-0.135573,0.0153986,-8.68891,1.01442,0.122703,0.427683,-0.10733,-0.0627481,-8.95538,1.24737,0.114873,0.429926,-0.0882595,-0.0908517,-8.76456,1.49337,0.135608,0.476483,-0.0567725,0.00835074,-9.50252,2.17593,-0.0310178,0.54736,-0.0983036,0.0321432,-9.69185,2.45307,-0.0956172,0.558967,-0.125728,0.0577821,-9.63898,2.401,-0.179406,0.525325,-0.0961308,0.0415267,-9.66086,2.43017,-0.184875,0.522181,-0.0940242
yellow_ketchup_bottle_full_5,0.114241,-8.69764,1.01824,-0.0738175,0.383074,-0.107404,0.0229828,-8.73594,1.00444,-0.0707449,0.397896,-0.115684,-0.23392,-8.62664,0.91829,0.0583996,0.414643,-0.119642,0.0228764,-8.71584,1.04085,0.0953698,0.439664,-0.109367,-0.0200837,-8.82523,1.19398,0.128826,0.466699,-0.0556455,0.0588663,-8.99091,1.61076,0.0577856,0.46759,-0.0972184,-0.0513256,-9.35237,2.11694,-0.0290208,0.527392,-0.101278,-0.0882705,-9.72997,2.47608,-0.141774,0.556346,-0.0986538,-0.00299996,-9.81945,2.48618,-0.174417,0.558138,-0.0896721,-0.0367158,-9.74423,2.4713,-0.169682,0.556866,-0.0962084
lime_green_purple_water_bottle_1,0.0402349,-8.73457,0.987197,0.0181927,0.411003,-0.105098,0.0736472,-9.21042,2.04505,-0.043717,0.482908,-0.0847626,0.35519,-9.75751,1.97407,-0.368794,0.396098,-0.0572258,0.115074,-8.99689,1.21026,-0.785013,0.0306354,-0.0420955,0.068615,-8.95934,1.19384,-0.789843,0.0275229,-0.041264,0.0695596,-8.97041,1.19285,-0.792526,0.0262688,-0.040448,0.025427,-8.88749,1.1386,-0.76262,0.032004,-0.0392857,0.257406,-8.34205,0.72294,-0.0724221,0.230142,-0.0444733,0.334225,-9.58943,2.7189,-0.927375,0.031628,-0.0719296,0.429108,-8.77113,2.40645,-1.12595,-0.0904363,-0.050397
lime_green_purple_water_bottle_2,0.08263,-8.63936,0.983225,-0.0751128,0.374752,-0.121648,-0.0685589,-8.60735,0.963239,-0.0654819,0.38727,-0.118681,-0.0776772,-8.58092,0.894371,0.0711617,0.420486,-0.141978,-0.0836975,-8.72775,1.00266,0.0893257,0.408395,-0.105181,0.0463868,-8.72765,1.17532,0.0905477,0.413738,-0.103184,-0.0309685,-8.65562,1.45312,0.0699551,0.419782,-0.12432,-0.0910092,-9.14958,2.05978,-0.0228353,0.452594,-0.102146,0.0522158,-9.46778,2.38804,-0.135807,0.51455,-0.118698,0.189656,-9.5798,2.39579,-0.242725,0.505924,-0.0872488,0.145599,-9.62871,2.39834,-0.240732,0.516102,-0.0799954
lime_green_purple_water_bottle_3,0.108468,-8.67363,0.991347,-0.0682568,0.389928,-0.0969697,-0.0617533,-8.72796,0.956762,-0.0206461,0.406674,-0.105109,-0.17587,-8.64663,0.890574,0.092891,0.431908,-0.118062,0.031896,-8.65416,1.04096,0.102574,0.404938,-0.0892135,0.19912,-8.92364,1.30179,0.0618871,0.432189,-0.112596,0.0946216,-8.84147,1.63575,0.0413033,0.446346,-0.102661,0.0188761,-9.38549,2.12642,-0.0607064,0.541765,-0.0638851,0.179225,-9.61803,2.42151,-0.122627,0.561423,-0.0669445,0.112597,-9.67879,2.42921,-0.19625,0.544555,-0.0661616,0.0539623,-9.73427,2.46324,-0.179966,0.548115,-0.0700506
lime_green_purple_water_bottle_4,0.091499,-8.69504,0.995271,-0.0702003,0.373451,-0.108261,-0.00455795,-8.64477,0.933819,-0.0556202,0.393216,-0.117019,-0.0682693,-8.60897,0.914288,0.0672119,0.413983,-0.128446,0.0586995,-8.67739,1.01461,0.0961652,0.408683,-0.116587,0.163941,-9.0053,1.32565,0.0721176,0.442564,-0.121281,0.172305,-9.11079,1.71932,-0.0159557,0.472109,-0.153549,0.0344451,-9.33418,2.23803,-0.0661738,0.504759,-0.10107,0.0478052,-9.70809,2.45402,-0.157705,0.558747,-0.0715925,0.0425199,-9.78687,2.46357,-0.191741,0.544657,-0.0855402,0.0202899,-9.69484,2.46896,-0.186799,0.522562,-0.0864125
lime_green_purple_water_bottle_5,0.121115,-8.71847,0.991101,-0.0780675,0.376563,-0.111782,0.0645509,-8.70889,0.981346,-0.0569231,0.404926,-0.116107,-0.0126559,-8.6338,0.914684,0.0718205,0.418431,-0.131507,0.0157009,-8.72582,1.00149,0.0790543,0.41066,-0.0959502,0.0771338,-8.81222,1.27084,0.062812,0.442507,-0.0957652,-0.0323714,-8.92436,1.57504,0.0790435,0.445246,-0.0932115,-0.0142549,-9.35778,2.18816,-0.00380721,0.547216,-0.0912952,0.048846,-9.62105,2.43886,-0.111709,0.546064,-0.0869164,0.133858,-9.69704,2.43467,-0.199205,0.530791,-0.0866486,0.114129,-9.6584,2.42512,-0.198637,0.526465,-0.0914769
tones_pepper_plastic_container_1,0.128674,-8.73294,0.981064,-0.0631475,0.390758,-0.0947289,0.00977248,-8.72505,0.959678,-0.0566892,0.39069,-0.111061,0.154403,-8.66056,0.903781,-0.0262275,0.39138,-0.090048,0.315357,-8.71006,0.955149,-0.00535942,0.373446,-0.0727493,0.405802,-8.70068,1.18143,-0.0274181,0.39185,-0.0618344,0.219137,-8.78659,1.46232,0.00734514,0.385292,-0.066457,0.118843,-8.69357,1.79975,-0.0344723,0.352953,-0.0631304,0.324001,-9.34892,2.30531,-0.195122,0.512382,-0.0719483,0.354412,-9.52802,2.36224,-0.217612,0.510862,-0.0783671,0.311784,-9.51201,2.35327,-0.210609,0.517783,-0.069773
tones_pepper_plastic_container_2,0.0694232,-8.64904,0.995133,-0.0831666,0.382484,-0.108541,-0.00667826,-8.6501,0.971477,-0.0548343,0.390398,-0.114596,0.106589,-8.58092,0.910452,-0.054178,0.383618,-0.120632,0.261986,-8.62321,0.915461,-0.0193466,0.374294,-0.103717,0.295801,-8.63157,1.14156,-0.0540498,0.40702,-0.0802373,0.190249,-8.69387,1.48549,-0.0203961,0.401185,-0.0956773,0.23781,-8.87563,1.88462,-0.0999287,0.444018,-0.0905292,0.289885,-9.53793,2.31157,-0.203822,0.506479,-0.08487,0.202471,-9.38485,2.33847,-0.226401,0.501637,-0.0862199,0.223153,-9.52268,2.40705,-0.232709,0.515579,-0.0996769
tones_pepper_plastic_container_3,0.13011,-8.68743,0.991389,-0.0742003,0.388551,-0.103681,-0.00524331,-8.70964,0.977305,-0.0442852,0.406746,-0.114797,0.129472,-8.63842,0.925857,-0.0315066,0.389317,-0.101731,0.189097,-8.71923,1.01222,-0.00138991,0.374188,-0.0859279,0.34747,-8.91609,1.27177,-0.0228551,0.43856,-0.0907686,0.286392,-8.91797,1.56838,-0.00332094,0.413523,-0.046388,0.348848,-9.13128,2.02211,-0.104139,0.455341,-0.0662268,0.321107,-9.45125,2.33691,-0.177467,0.507813,-0.0685735,0.268315,-9.5902,2.37645,-0.234306,0.536374,-0.0698147,0.197867,-9.6435,2.39308,-0.23809,0.530728,-0.0731181
tones_pepper_plastic_container_4,0.177037,-8.73526,1.09353,-0.050659,0.388479,-0.0895642,0.330455,-9.56843,2.30733,-0.226216,0.50505,-0.0752056,0.214965,-9.38936,1.48581,-0.648317,0.158064,-0.0575463,0.0320486,-8.97515,1.20291,-0.806052,0.0140128,-0.0534417,0.0294898,-8.9671,1.2098,-0.805396,0.0175788,-0.0470045,0.014223,-8.96958,1.21128,-0.806775,0.0147485,-0.0540447,0.0167731,-8.96789,1.20712,-0.804132,0.0130872,-0.0540485,0.0963254,-8.52756,0.90439,-0.457507,0.118298,-0.0516556,0.219054,-9.20194,2.0362,-0.519111,0.132434,-0.0803512,0.37437,-9.02909,2.56262,-1.17164,-0.0969639,-0.0740646
tones_pepper_plastic_container_5,0.119269,-8.7346,0.9826,-0.0761243,0.382462,-0.105439,0.0713168,-8.76422,0.955649,-0.0585389,0.405082,-0.126943,0.128993,-8.74344,0.939994,-0.0712321,0.392234,-0.106403,0.357665,-8.71914,1.08731,-0.0261626,0.401424,-0.0881653,0.403232,-8.86942,1.19379,-0.011227,0.363136,-0.0802615,0.369579,-8.80743,1.48617,-0.0263003,0.432819,-0.0672464,0.279833,-9.19764,2.00566,-0.0944689,0.485117,-0.0881294,0.350518,-9.46328,2.32221,-0.191503,0.513114,-0.0879522,0.233181,-9.53679,2.374,-0.231513,0.514209,-0.0778992,0.254764,-9.62229,2.3921,-0.246835,0.510053,-0.0765109
small_heb_cola_can_1,0.159015,-8.7238,0.985097,-0.0567677,0.386139,-0.10127,-0.0246237,-8.68904,0.949881,-0.0392801,0.406865,-0.0978755,0.238054,-8.63239,0.889044,-0.0410084,0.38662,-0.0987455,0.287152,-8.80843,1.00819,-0.0307558,0.39246,-0.088457,0.393892,-8.86031,1.16071,-0.0586032,0.386341,-0.0602652,0.298679,-8.67446,1.53022,0.00413659,0.359857,-0.0521511,0.237151,-8.98547,2.01518,-0.0937324,0.46139,-0.0550922,0.430593,-9.42665,2.28412,-0.237145,0.50643,-0.0754671,0.277449,-9.66874,2.41477,-0.246875,0.528791,-0.0743921,0.260705,-9.63545,2.388,-0.236841,0.525848,-0.0667019
small_heb_cola_can_2,0.0823941,-8.66706,0.977176,-0.0689659,0.378422,-0.110901,-0.00604139,-8.6149,0.932955,-0.0425839,0.400973,-0.109677,0.248839,-8.63668,0.901774,-0.0751933,0.385792,-0.1093,0.221117,-8.63517,0.928796,-0.0380776,0.380115,-0.0967466,0.465639,-8.89411,1.21923,-0.0551773,0.410036,-0.0718726,0.260524,-8.83901,1.53183,-0.0217777,0.325071,-0.097228,0.249191,-8.915,1.9738,-0.11412,0.441611,-0.08476,0.36843,-9.3194,2.27735,-0.21653,0.465827,-0.116007,0.225258,-9.61817,2.40946,-0.247827,0.518513,-0.0817289,0.227828,-9.56581,2.39372,-0.247518,0.508498,-0.0800007
small_heb_cola_can_3,0.114823,-8.69482,0.971999,-0.0645778,0.386457,-0.0983721,0.0439202,-8.67239,0.912486,-0.0577099,0.388835,-0.100951,0.250161,-8.66599,0.930346,-0.0667669,0.399677,-0.100005,0.278685,-8.69758,0.984206,-0.036608,0.364836,-0.0917261,0.473705,-8.9206,1.19613,-0.0616079,0.391571,-0.0646111,0.44633,-8.87668,1.37165,-0.0563287,0.44309,-0.0646505,0.36151,-9.02766,1.83557,-0.0846262,0.43311,-0.0916603,0.435239,-9.32658,2.22316,-0.182124,0.477496,-0.072312,0.310242,-9.45073,2.32198,-0.212698,0.508953,-0.0675005,0.328467,-9.49187,2.33109,-0.216737,0.517105,-0.0751069
small_heb_cola_can_4,0.103961,-8.70099,1.00856,-0.0708606,0.376751,-0.108904,-0.0188874,-8.64671,0.937457,-0.0455782,0.38684,-0.107958,0.201741,-8.65657,0.911251,-0.0527052,0.382268,-0.104577,0.326365,-8.65972,0.983001,-0.0435881,0.359345,-0.0873207,0.382303,-8.68309,1.12071,-0.0435548,0.356841,-0.0714032,0.429078,-9.00674,1.50344,-0.063664,0.465689,-0.0679534,0.377613,-9.09301,1.98683,-0.162873,0.457378,-0.0744223,0.276369,-9.47679,2.38995,-0.199894,0.494307,-0.106183,0.222885,-9.5153,2.35762,-0.231371,0.505561,-0.083708,0.280166,-9.5859,2.39356,-0.241061,0.504112,-0.0894092
small_heb_cola_can_5,0.112946,-8.72232,0.989199,-0.080956,0.384406,-0.10985,0.0206529,-8.72663,0.99673,-0.0615146,0.395666,-0.114629,0.230986,-8.70985,0.932589,-0.0678062,0.381034,-0.107413,0.260958,-8.83002,1.01131,-0.0673072,0.381756,-0.0689339,0.395985,-8.71638,1.10128,-0.0598507,0.408902,-0.0690373,0.423449,-8.8905,1.3869,-0.0680583,0.432617,-0.0804639,0.337311,-9.09763,1.94473,-0.106844,0.447373,-0.0938753,0.345935,-9.4355,2.29401,-0.200389,0.501325,-0.083001,0.294412,-9.55445,2.38944,-0.236123,0.513785,-0.0826519,0.256125,-9.57084,2.37411,-0.241586,0.511247,-0.0864168
orange_plastic_ball_1,0.145719,-8.7268,0.985843,-0.0557335,0.388737,-0.0964287,0.105178,-8.75301,0.945181,-0.0448931,0.412688,-0.108018,0.238156,-8.73783,0.899,-0.0839874,0.379334,-0.0933442,0.380987,-8.62536,0.978365,-0.0308018,0.389981,-0.0721315,0.428698,-8.89165,1.17585,-0.036182,0.420638,-0.07855,0.248136,-8.78743,1.47009,-0.010513,0.372697,-0.0854385,0.270648,-8.91708,1.88434,-0.099763,0.423733,-0.0670951,0.426145,-9.39671,2.28951,-0.196719,0.502641,-0.0792962,0.305209,-9.74386,2.40965,-0.232465,0.533482,-0.0821052,0.301783,-9.51938,2.36905,-0.217177,0.51512,-0.075915
orange_plastic_ball_2,0.187062,-8.70006,1.11187,-0.0525834,0.388826,-0.0961085,0.324515,-9.54502,2.31526,-0.235085,0.503699,-0.0848117,0.150175,-9.30376,1.42398,-0.671928,0.13989,-0.058139,0.0260806,-8.91982,1.18624,-0.807719,0.018784,-0.0490264,0.0320851,-8.92052,1.17987,-0.806912,0.0180773,-0.05207,0.0259481,-8.925,1.18354,-0.807138,0.0188331,-0.0513108,0.0282335,-8.92613,1.18085,-0.811271,0.0215076,-0.0522478,0.082993,-8.58002,0.953846,-0.583347,0.0856733,-0.0532582,0.200079,-8.99864,1.75302,-0.394691,0.16996,-0.0803308,0.389862,-9.13815,2.66818,-1.20269,-0.101516,-0.0647339
orange_plastic_ball_3,0.1173,-8.7055,0.973859,-0.0606962,0.381315,-0.10037,0.0641021,-8.66367,0.923672,-0.0254093,0.411694,-0.100075,0.268532,-8.67653,0.894038,-0.0501502,0.394301,-0.0958667,0.284405,-8.6143,0.949579,-0.042596,0.379614,-0.0765499,0.484291,-8.88596,1.17231,-0.0945841,0.411617,-0.0911892,0.390589,-9.00572,1.63156,-0.0727875,0.453826,-0.0356014,0.424603,-9.18407,2.08546,-0.141187,0.468895,-0.0658462,0.356322,-9.46337,2.28004,-0.229839,0.480608,-0.0691985,0.327686,-9.65852,2.40148,-0.238367,0.516144,-0.0766876,0.319059,-9.60985,2.38323,-0.226993,0.524541,-0.0771465
orange_plastic_ball_4,0.099909,-8.69614,1.00781,-0.071545,0.375705,-0.109319,0.025329,-8.67835,0.954682,-0.0611186,0.399067,-0.115727,0.1784,-8.71179,0.93595,-0.0629802,0.377442,-0.106587,0.265746,-8.70887,0.936605,-0.0253679,0.381224,-0.0856235,0.418247,-8.71887,1.2095,-0.0455801,0.376786,-0.0854081,0.413708,-8.97638,1.55574,-0.0317507,0.375862,-0.0793621,0.39853,-9.27443,2.03416,-0.163633,0.462389,-0.0730208,0.401654,-9.50706,2.31871,-0.207136,0.498147,-0.0800031,0.263496,-9.59127,2.38386,-0.24757,0.507363,-0.0892261,0.268923,-9.65869,2.39705,-0.24484,0.509305,-0.0858669
orange_plastic_ball_5,0.244151,-8.77266,1.07811,-0.0561493,0.391407,-0.0933363,0.286832,-9.51471,2.2927,-0.207182,0.499365,-0.0796997,0.297072,-9.52102,1.637,-0.609819,0.218099,-0.0482592,0.0475796,-9.00694,1.21444,-0.806447,0.0200718,-0.0459685,0.0512335,-8.99945,1.21839,-0.806386,0.022368,-0.044525,0.0506465,-9.01215,1.21593,-0.808848,0.0208449,-0.0418694,0.0464815,-9.00563,1.21714,-0.807188,0.0220114,-0.0458287,0.16135,-8.54627,0.835849,-0.421771,0.139123,-0.0453397,0.271324,-9.25736,2.0653,-0.540698,0.133407,-0.0666481,0.426141,-9.10393,2.58925,-1.18271,-0.0983335,-0.0573456
white_styrofoam_square_block_1,0.15799,-8.72618,0.985823,-0.0608546,0.392708,-0.0965703,0.051624,-8.68041,0.937418,-0.0401717,0.395213,-0.0943095,0.213718,-8.66797,0.916529,-0.0464049,0.386969,-0.0975492,0.329546,-8.73163,1.04184,-0.0136629,0.388796,-0.0919126,0.464669,-8.86077,1.16745,-0.0213845,0.414448,-0.0773032,0.305521,-8.6301,1.50546,0.0001908,0.441645,-0.0677547,0.285318,-8.98076,2.02574,-0.0886072,0.461381,-0.0755692,0.422616,-9.53569,2.34716,-0.203714,0.487956,-0.0940554,0.278502,-9.57734,2.37942,-0.231127,0.522579,-0.0659522,0.285131,-9.67981,2.42141,-0.24127,0.522609,-0.06699
white_styrofoam_square_block_2,0.0943683,-8.67509,0.980392,-0.0681482,0.390605,-0.108503,0.0130496,-8.64564,0.953802,-0.0536338,0.398731,-0.11701,0.159806,-8.58312,0.893946,-0.0586419,0.38123,-0.0993899,0.242336,-8.71232,1.02597,-0.0570023,0.357507,-0.0711874,0.346355,-8.64885,1.07474,-0.0518635,0.37909,-0.0736981,0.300983,-8.80526,1.55683,-0.0497013,0.421716,-0.122036,0.217399,-8.9784,1.99342,-0.13828,0.447701,-0.100645,0.354578,-9.59581,2.38607,-0.214323,0.500621,-0.0735453,0.232144,-9.62126,2.41674,-0.258157,0.513789,-0.0798396,0.203118,-9.60453,2.41421,-0.255568,0.524585,-0.0773451
white_styrofoam_square_block_3,0.136674,-8.69796,0.987889,-0.0613184,0.390758,-0.0933592,0.0653064,-8.68448,0.957908,-0.0624142,0.399515,-0.102638,0.227984,-8.65142,0.91946,-0.0507833,0.390703,-0.0999716,0.345675,-8.72171,0.995465,-0.0151904,0.403037,-0.0843307,0.425839,-8.95331,1.23268,-0.0113971,0.378103,-0.0745292,0.466089,-8.94256,1.47444,-0.0629038,0.440645,-0.0781823,0.342612,-9.13213,1.97794,-0.0868297,0.469574,-0.051399,0.432054,-9.35451,2.23708,-0.182264,0.477788,-0.0827751,0.289007,-9.50254,2.36081,-0.221093,0.522858,-0.0671496,0.274385,-9.54235,2.35253,-0.219541,0.526281,-0.0684298
white_styrofoam_square_block_4,0.224171,-8.73441,1.0691,-0.0537691,0.389503,-0.0917227,0.270058,-9.48328,2.27633,-0.204368,0.491407,-0.0858135,0.36147,-9.5953,1.7404,-0.553047,0.265384,-0.052561,0.000279673,-8.98322,1.201,-0.800926,0.0192735,-0.0496722,0.0426703,-8.99074,1.20358,-0.798096,0.0188779,-0.0455046,0.0455862,-8.99595,1.19909,-0.80356,0.0209594,-0.048551,0.0404411,-8.98145,1.2,-0.80297,0.0186593,-0.0469134,0.140715,-8.45605,0.798526,-0.259212,0.172967,-0.045529,0.28546,-9.49091,2.46355,-0.755804,0.0627257,-0.0781295,0.398874,-8.83193,2.4237,-1.13881,-0.0888724,-0.0582259
white_styrofoam_square_block_5,0.119912,-8.74181,1.01551,-0.064381,0.389132,-0.104167,0.00700382,-8.75556,0.981994,-0.0660386,0.409187,-0.10918,0.182952,-8.65713,0.905888,-0.0573612,0.377807,-0.100168,0.273773,-8.77011,1.03385,-0.044049,0.359945,-0.0779332,0.380122,-8.71424,1.11315,-0.0461754,0.395687,-0.0657505,0.37969,-8.9843,1.55891,-0.0345422,0.400833,-0.0474205,0.28471,-9.21859,1.99924,-0.128715,0.432816,-0.0613722,0.38285,-9.55964,2.32845,-0.246469,0.50333,-0.065306,0.259296,-9.57498,2.35525,-0.239873,0.509723,-0.0811977,0.240682,-9.70418,2.40671,-0.250756,0.523041,-0.0819567
yogurt_container_with_beans_1,0.152832,-8.73522,0.991451,-0.0448433,0.383769,-0.0983574,0.0450466,-8.72048,0.945203,-0.0555674,0.407109,-0.0962811,-0.0630528,-8.69656,0.896395,0.116086,0.441832,-0.120405,-0.176969,-8.67335,0.979765,0.199962,0.458162,-0.118096,-0.0274799,-8.97866,1.20764,0.160954,0.469226,-0.109685,-0.147908,-8.90608,1.45921,0.185204,0.478224,-0.107017,-0.342672,-8.86872,1.91965,0.175633,0.476421,-0.0961567,-0.0211875,-9.65707,2.42167,-0.0466548,0.624917,-0.110261,0.0949165,-9.66853,2.43356,-0.141395,0.566311,-0.0802997,0.0725346,-9.61212,2.38665,-0.137742,0.555913,-0.0712323
yogurt_container_with_beans_2,-0.100212,-8.70587,1.02562,0.0610689,0.418261,-0.112201,-0.155897,-9.46757,2.18311,-0.0196652,0.540229,-0.0798563,0.246109,-9.88168,2.09574,-0.364975,0.423548,-0.072787,0.044241,-8.97578,1.2059,-0.807759,0.0205209,-0.0507596,0.0450261,-8.95357,1.1904,-0.805945,0.0178572,-0.049143,0.0451398,-8.94243,1.18446,-0.809252,0.0247031,-0.0503138,-0.00312983,-8.89468,1.12955,-0.781732,0.0326609,-0.0457811,0.204796,-8.35239,0.755025,-0.128825,0.218775,-0.0538923,0.303343,-9.45315,2.51909,-0.79911,0.0605357,-0.0782443,0.386862,-8.94175,2.4675,-1.15556,-0.0970697,-0.0658357
yogurt_container_with_beans_3,0.138866,-8.70526,0.991254,-0.0547102,0.391425,-0.0950205,-0.0406735,-8.70276,0.951464,-0.0111422,0.414166,-0.102391,-0.276879,-8.62751,0.914475,0.184339,0.460032,-0.117953,-0.153454,-8.75011,1.05757,0.160808,0.439037,-0.0937499,-0.0576135,-8.8793,1.25487,0.152443,0.493098,-0.0896347,-0.163627,-8.91422,1.58231,0.147957,0.512967,-0.0346288,-0.195471,-9.30478,2.12329,0.0716403,0.570571,-0.090262,-0.000168814,-9.87309,2.51908,-0.114164,0.595693,-0.080565,0.0490988,-9.84208,2.48589,-0.155339,0.567252,-0.07824,0.0373734,-9.73092,2.45097,-0.143269,0.563731,-0.074187
yogurt_container_with_beans_4,-0.137176,-8.75864,1.06335,0.0935417,0.437314,-0.115259,-0.108761,-9.63221,2.31166,-0.0465069,0.569581,-0.0808743,0.307704,-9.72582,1.85486,-0.492219,0.303705,-0.0534072,0.000490264,-8.98113,1.19436,-0.800241,0.0163966,-0.0444643,0.0337427,-8.99824,1.20432,-0.803256,0.0162406,-0.047225,0.0465339,-8.99245,1.21131,-0.804646,0.0133013,-0.0446669,0.0371949,-8.99757,1.21427,-0.801655,0.0140378,-0.0484087,0.12942,-8.45598,0.833155,-0.365733,0.140626,-0.0404019,0.222449,-9.29564,2.11828,-0.556375,0.129181,-0.0819325,0.423881,-9.2248,2.63001,-1.18193,-0.104278,-0.0664223
yogurt_container_with_beans_5,0.116906,-8.70677,0.995174,-0.0796666,0.387476,-0.102701,0.0640057,-8.73359,0.963439,-0.0458551,0.399218,-0.10279,-0.277996,-8.66469,0.934478,0.148293,0.449567,-0.143215,-0.177121,-8.90361,1.13976,0.184047,0.480049,-0.104521,-0.195996,-8.78467,1.1939,0.176162,0.512625,-0.054394,-0.140168,-8.89458,1.543,0.146695,0.485037,-0.0471864,-0.111887,-9.45122,2.1292,0.0170662,0.500566,-0.0787836,-0.181494,-9.74251,2.51723,-0.0450947,0.619748,-0.111809,-0.10021,-9.76955,2.46643,-0.0930623,0.568,-0.0996167,-0.180729,-9.69712,2.45344,-0.0646881,0.573573,-0.0949334
red_water_bottle_1,0.171195,-8.73705,0.996074,-0.0523089,0.388524,-0.0891388,0.0242242,-8.70324,0.946666,-0.0496854,0.393906,-0.112931,-0.129978,-8.63546,0.864162,0.0769853,0.418737,-0.108548,-0.0576856,-8.69785,0.954538,0.156719,0.415976,-0.0977656,0.106866,-8.80111,1.17694,0.149175,0.40545,-0.0860452,-0.076219,-8.89956,1.55166,0.13578,0.445876,-0.104026,-0.202918,-9.01179,1.97839,0.0818664,0.466274,-0.0739933,0.0905467,-9.82456,2.46473,-0.0764016,0.591078,-0.0833151,0.0784899,-9.66333,2.41717,-0.139082,0.556307,-0.075302,0.0384854,-9.63755,2.38739,-0.120448,0.552376,-0.0698682
red_water_bottle_2,0.0920419,-8.68045,0.982584,-0.0761315,0.37984,-0.103883,-0.101984,-8.63283,0.939258,-0.0266006,0.40549,-0.121627,-0.228308,-8.54467,0.863069,0.106275,0.437995,-0.12915,-0.0443863,-8.62522,1.00316,0.160723,0.450121,-0.126807,0.0142961,-8.84784,1.28701,0.0975785,0.444755,-0.082643,-0.0899407,-8.73108,1.57568,0.11466,0.376577,-0.0880267,-0.106311,-9.11844,2.10683,-0.00684879,0.481987,-0.0931124,0.0668204,-9.67602,2.43081,-0.145271,0.553,-0.0966574,0.0981256,-9.67906,2.41403,-0.19862,0.537973,-0.0816956,0.046711,-9.67873,2.42898,-0.195956,0.542226,-0.086233
red_water_bottle_3,0.0314277,-8.74067,1.01577,0.0349277,0.421042,-0.107321,0.0848177,-9.39236,2.05762,-0.0359282,0.514463,-0.0855309,0.361199,-9.88747,2.10386,-0.298006,0.470599,-0.0555086,0.138468,-9.05316,1.27934,-0.790879,0.0277425,-0.0348484,0.0792822,-8.99499,1.20188,-0.797229,0.0296777,-0.0346901,0.0786237,-8.99456,1.19718,-0.793616,0.022424,-0.0365191,0.0525388,-8.92006,1.12135,-0.763963,0.0357892,-0.0392443,0.239574,-8.39344,0.747946,-0.0874401,0.23681,-0.031401,0.349986,-9.51989,2.59463,-0.820971,0.0636837,-0.0672626,0.421989,-9.17499,2.58806,-1.15984,-0.104602,-0.0517455
red_water_bottle_4,0.109711,-8.73004,0.988713,-0.0665323,0.379823,-0.109853,0.0256374,-8.66172,0.928286,-0.0546412,0.390007,-0.115553,-0.188671,-8.63798,0.88895,0.100386,0.42383,-0.128745,-0.115675,-8.76334,0.986493,0.104491,0.398904,-0.11141,0.00600703,-8.69624,1.12447,0.0948549,0.396894,-0.106684,0.0662927,-8.97297,1.49652,0.0756645,0.456213,-0.12408,0.0334053,-9.44613,2.16282,-0.0444983,0.521933,-0.125125,-0.00911431,-9.72868,2.45949,-0.0904635,0.580404,-0.0709442,0.0633908,-9.75464,2.45436,-0.162339,0.543634,-0.0801919,0.0402582,-9.69055,2.40701,-0.162745,0.538045,-0.0821662
red_water_bottle_5,0.128383,-8.73115,0.985156,-0.0743959,0.373728,-0.0904175,0.0872441,-8.67958,0.960521,-0.0576704,0.396731,-0.106675,-0.176302,-8.71521,0.958313,0.0893846,0.432545,-0.13111,-0.0744518,-8.85934,1.07056,0.099965,0.453256,-0.0989898,0.0998128,-8.77296,1.26779,0.101815,0.473903,-0.0808458,-0.0321742,-8.80516,1.46332,0.0905819,0.443157,-0.107508,-0.0928781,-9.42832,2.19607,-0.0135726,0.543777,-0.12169,0.0166736,-9.5542,2.37487,-0.083328,0.546387,-0.116757,-0.0827734,-9.73536,2.45076,-0.121536,0.567019,-0.0865549,-0.106342,-9.80618,2.47269,-0.120501,0.562098,-0.0874369
butter_container_with_coffee_1,0.162246,-8.7529,0.985941,-0.0521493,0.390064,-0.0976478,0.0432149,-8.70525,0.937077,-0.0422462,0.402182,-0.105379,0.0856337,-8.70563,0.914788,0.0142929,0.408847,-0.101737,0.123365,-8.66046,1.01047,0.0703977,0.385808,-0.0711365,0.300417,-8.87083,1.26167,0.0752301,0.448026,-0.0956691,-0.0835258,-8.59506,1.42724,0.126613,0.378987,-0.115271,0.10562,-9.32623,2.11624,-0.0318526,0.494596,-0.0903895,0.171018,-9.7042,2.43807,-0.159723,0.554071,-0.0829252,0.194626,-9.81314,2.4776,-0.215702,0.545706,-0.0737373,0.190835,-9.76883,2.46484,-0.218018,0.546071,-0.0669709
butter_container_with_coffee_2,0.0706625,-8.71771,0.9922,0.000770026,0.416666,-0.106332,0.110245,-9.35721,2.10229,-0.102539,0.490259,-0.0782295,0.306082,-9.77707,2.01545,-0.39348,0.392546,-0.0624842,0.0297809,-9.02906,1.2187,-0.808997,0.023225,-0.048293,0.0311771,-8.9755,1.18967,-0.809332,0.0210941,-0.0464913,0.0280964,-8.98241,1.19127,-0.808704,0.0160669,-0.0491217,0.0107712,-8.99325,1.19466,-0.812718,0.0235423,-0.0438333,0.186288,-8.34259,0.74376,-0.218431,0.184333,-0.0396038,0.257754,-9.40509,2.33302,-0.693646,0.0879094,-0.0839543,0.411612,-9.09381,2.58209,-1.18286,-0.101113,-0.0740023
butter_container_with_coffee_3,0.122179,-8.73133,0.99214,-0.0619227,0.388511,-0.0912634,0.00662861,-8.70088,0.952954,-0.0389899,0.407207,-0.106377,-0.0371488,-8.71786,0.943342,0.0526125,0.436294,-0.110129,0.112865,-8.65231,0.960836,0.102909,0.439338,-0.094679,0.155931,-9.07828,1.24684,0.0586965,0.467465,-0.0762084,0.0999683,-8.91175,1.50142,0.0622722,0.441354,-0.0815816,0.141287,-9.29215,2.11682,-0.0604269,0.554019,-0.0978919,0.22969,-9.57792,2.36793,-0.144194,0.556743,-0.045676,0.172076,-9.75743,2.46172,-0.182941,0.540535,-0.0716668,0.166762,-9.71517,2.42429,-0.190192,0.536008,-0.0729012
butter_container_with_coffee_4,0.108749,-8.71872,0.984909,-0.0726805,0.376013,-0.107717,0.0151791,-8.70672,0.945457,-0.0384502,0.400448,-0.107658,0.0051613,-8.73685,0.952611,0.0213453,0.411511,-0.120454,0.0702886,-8.79146,0.997575,0.0590222,0.426356,-0.0949324,0.172204,-8.81905,1.21584,0.0580344,0.422373,-0.10422,0.140644,-8.99265,1.60542,0.0357116,0.433506,-0.0770814,0.120313,-9.40388,2.09127,-0.0531672,0.518761,-0.0728754,0.213551,-9.63575,2.35966,-0.138895,0.528801,-0.098011,0.151131,-9.74566,2.43225,-0.193174,0.538763,-0.0785564,0.147971,-9.70441,2.43993,-0.196335,0.530262,-0.082204
butter_container_with_coffee_5,0.151697,-8.77519,1.00852,-0.0709607,0.377878,-0.101441,-0.00679339,-8.78328,0.990804,-0.0564595,0.410055,-0.109941,-0.0515405,-8.75473,0.926198,0.0551522,0.418037,-0.11503,0.0957029,-8.88417,1.09063,0.0614706,0.441039,-0.0971563,0.198811,-9.03839,1.35485,0.0499664,0.453048,-0.0814622,0.0811611,-8.94243,1.62635,0.0322988,0.450051,-0.0634052,0.0546746,-9.45476,2.2193,-0.0358056,0.556851,-0.0648986,0.186661,-9.6947,2.40135,-0.133172,0.553874,-0.0740402,0.0575038,-9.79701,2.46258,-0.179296,0.554574,-0.0657608,0.0820643,-9.79122,2.43078,-0.181072,0.540726,-0.0702828
