diced_tomatoes_can_full_1,0.116303,-11.2965,2.9894,-2.06203,-0.549598,-0.0787347,0.180699,-11.4786,3.12762,-2.19405,-0.65478,-0.101684,0.1066,-11.1141,3.39526,-2.34029,-0.89554,-0.0947725,0.117058,-10.5482,3.73304,-2.52107,-1.18156,-0.128261,0.117385,-9.81653,3.84361,-2.59976,-1.27438,-0.0642973,0.0945283,-9.95691,3.89204,-2.62091,-1.29162,-0.0700932,0.095143,-9.93246,3.86917,-2.62397,-1.29057,-0.0738524,0.107603,-9.95376,3.88525,-2.62163,-1.28975,-0.0715444,0.0994081,-9.92265,3.89319,-2.62675,-1.29002,-0.0689894,0.0907073,-9.94329,3.88067,-2.62479,-1.29486,-0.0761079
diced_tomatoes_can_full_2,0.000567104,-11.2833,3.00479,-2.00239,-0.554305,-0.114108,-0.0418331,-11.3829,3.1226,-2.13989,-0.664127,-0.0803169,0.073215,-10.971,3.38295,-2.32465,-0.84996,-0.14841,0.00923358,-10.5794,3.66893,-2.44206,-1.12194,-0.109885,0.0019009,-9.97292,3.80923,-2.49708,-1.23126,-0.101127,0.0136352,-10.0943,3.83424,-2.529,-1.22049,-0.106506,-0.00724849,-10.1064,3.84597,-2.53957,-1.23596,-0.102487,-0.0187109,-10.101,3.83249,-2.5357,-1.23236,-0.100309,-0.000836011,-10.0912,3.82803,-2.53868,-1.23322,-0.105742,-0.0226691,-10.0997,3.84299,-2.53459,-1.23186,-0.0978018
diced_tomatoes_can_full_3,0.015004,-11.3156,3.01236,-1.9858,-0.5613,-0.113962,0.0693106,-11.6929,3.17314,-2.17546,-0.633602,-0.154615,0.0325302,-11.3405,3.45248,-2.34927,-0.912803,-0.127678,-0.00446387,-10.5541,3.77291,-2.47194,-1.16222,-0.143036,0.049133,-9.73342,3.85405,-2.49015,-1.25563,-0.110183,0.0103825,-9.85494,3.89725,-2.54469,-1.27923,-0.114812,0.0250206,-9.86398,3.91816,-2.54416,-1.27875,-0.10876,0.0174914,-9.86958,3.89035,-2.55323,-1.27739,-0.113586,0.0223363,-9.87606,3.91711,-2.55041,-1.28578,-0.109603,0.00704897,-9.86194,3.90837,-2.54389,-1.27588,-0.110383
diced_tomatoes_can_full_4,-0.0032899,-11.3341,2.99924,-1.99983,-0.562282,-0.113075,0.036265,-11.5491,3.13532,-2.12914,-0.646955,-0.105713,-0.00125194,-11.1938,3.42444,-2.30358,-0.863834,-0.108345,0.0231999,-10.5619,3.69535,-2.47715,-1.1076,-0.11038,0.00101044,-9.93514,3.83828,-2.52519,-1.24733,-0.114932,-0.0052719,-10.0762,3.86355,-2.56143,-1.23997,-0.120748,-0.0129996,-10.0974,3.87516,-2.55244,-1.2487,-0.114168,0.0133662,-10.0856,3.85741,-2.55258,-1.2411,-0.113011,-0.0170663,-10.0852,3.88045,-2.55451,-1.25366,-0.11062,-0.00556644,-10.0642,3.85944,-2.55505,-1.245,-0.113798
diced_tomatoes_can_full_5,0.0486139,-11.3314,2.97186,-2.01052,-0.556461,-0.108004,0.0194065,-11.3228,2.97513,-2.00193,-0.5673,-0.116501,0.0214594,-11.325,3.00134,-2.01077,-0.571138,-0.114337,-0.00520541,-11.6357,3.09081,-2.09849,-0.577904,-0.140912,0.11007,-11.4436,3.1535,-2.21465,-0.714705,-0.156859,-0.0116656,-11.2636,3.12803,-2.20515,-0.632241,-0.136009,-0.0148094,-11.3529,3.3097,-2.22684,-0.783066,-0.0962899,0.0454856,-11.3113,3.38082,-2.29636,-0.838577,-0.101527,0.0503464,-11.0275,3.532,-2.2847,-0.951196,-0.172049,0.059808,-10.874,3.6347,-2.36187,-1.04018,-0.0783794
small_orange_bug_repellent_1,0.181366,-10.1677,2.72104,-1.41053,-0.399876,-0.0818442,0.230086,-10.3208,2.74298,-1.45194,-0.427739,-0.109506,0.18616,-10.0076,3.05263,-1.60215,-0.593734,-0.122083,0.145188,-9.50562,3.29823,-1.76995,-0.772857,-0.0900385,0.158824,-8.91788,3.42689,-1.79988,-0.836144,-0.0863723,0.139477,-9.04704,3.4506,-1.81698,-0.837467,-0.0792518,0.147362,-9.06754,3.4543,-1.81762,-0.833995,-0.0743022,0.15375,-9.04158,3.46262,-1.81912,-0.836009,-0.0834112,0.15114,-9.03632,3.46063,-1.81813,-0.842989,-0.0817137,0.139802,-9.03991,3.45072,-1.81224,-0.836741,-0.0828879
small_orange_bug_repellent_2,0.0277462,-10.091,2.71497,-1.39407,-0.41054,-0.121314,-0.0153328,-10.0544,2.70464,-1.39459,-0.416828,-0.115976,0.0225234,-10.0936,2.69375,-1.41129,-0.410908,-0.120001,-0.0182618,-10.3971,2.76419,-1.45171,-0.423918,-0.139415,-0.0760614,-10.1268,2.75363,-1.48208,-0.477224,-0.0542743,0.0534031,-10.1981,2.80832,-1.49583,-0.473937,-0.180873,0.117981,-10.1625,2.91632,-1.56143,-0.508161,-0.125582,-0.12346,-10.0693,3.01896,-1.63712,-0.619682,-0.125677,-0.0515309,-9.76416,3.12915,-1.70998,-0.691606,-0.159135,0.0122757,-9.65558,3.19956,-1.68062,-0.68689,-0.147155
small_orange_bug_repellent_3,0.0305377,-10.0974,2.68001,-1.35227,-0.418007,-0.128873,0.0383151,-10.1622,2.70448,-1.34866,-0.419264,-0.143126,0.0252017,-10.159,2.67674,-1.36097,-0.410596,-0.136557,0.107802,-10.4628,2.81026,-1.41601,-0.43348,-0.11501,0.042941,-10.2929,2.78223,-1.42912,-0.447646,-0.208966,0.0843483,-10.1486,2.7615,-1.44028,-0.485526,-0.167599,0.0310098,-10.0051,2.96801,-1.56756,-0.552851,-0.110972,0.0069338,-9.99288,3.09133,-1.53239,-0.612439,-0.145346,0.0630391,-9.69198,3.12449,-1.66886,-0.644315,-0.19574,0.00530207,-9.77553,3.28201,-1.73363,-0.699884,-0.0974161
small_orange_bug_repellent_4,0.0107081,-10.1209,2.70761,-1.36109,-0.411262,-0.136372,0.0268661,-10.358,2.83095,-1.45858,-0.468559,-0.122368,0.0192559,-9.96288,3.08006,-1.57619,-0.608222,-0.151612,0.0161935,-9.59593,3.31177,-1.69159,-0.74523,-0.132998,0.00965199,-8.80214,3.40916,-1.7549,-0.838767,-0.150366,-0.0113527,-8.89615,3.42101,-1.7591,-0.842963,-0.133169,-0.00545898,-8.9098,3.45095,-1.7598,-0.84175,-0.134559,-0.00482468,-8.91641,3.43663,-1.76548,-0.845063,-0.133498,-0.00603435,-8.92031,3.4411,-1.76895,-0.83958,-0.134187,-0.0139004,-8.9172,3.4498,-1.76501,-0.841531,-0.129881
small_orange_bug_repellent_5,0.041402,-10.0993,2.71773,-1.36906,-0.412142,-0.128162,0.0767635,-10.2122,2.84046,-1.46517,-0.447757,-0.150932,-0.0123224,-9.97086,3.1682,-1.66118,-0.651435,-0.119314,0.0267864,-9.20329,3.37938,-1.69803,-0.777721,-0.125415,0.0331225,-8.95158,3.44346,-1.76168,-0.82861,-0.122998,0.0331043,-9.00594,3.46385,-1.76658,-0.82796,-0.119403,0.0154634,-8.98517,3.45255,-1.7693,-0.831766,-0.129223,0.0295895,-8.98272,3.45115,-1.7734,-0.826802,-0.128578,0.0157677,-8.98187,3.45859,-1.76928,-0.824753,-0.121755,0.0312598,-8.97677,3.44466,-1.77115,-0.836937,-0.119138
heb_coffee_container_1,0.173982,-10.5743,2.84198,-1.63138,-0.439383,-0.0755402,0.129835,-10.7642,2.96944,-1.76236,-0.527893,-0.0745586,0.171988,-10.4401,3.16802,-1.90587,-0.658979,-0.0993354,0.193188,-10.0468,3.41853,-2.01264,-0.863592,-0.081237,0.155062,-9.36857,3.5856,-2.06744,-0.968102,-0.0557066,0.145593,-9.46425,3.58728,-2.09142,-0.975175,-0.0688196,0.178904,-9.46907,3.5893,-2.08969,-0.969073,-0.0617211,0.158798,-9.45532,3.58928,-2.08029,-0.964317,-0.0658448,0.137252,-9.45954,3.59993,-2.08337,-0.974744,-0.0679837,0.173037,-9.4583,3.61665,-2.08486,-0.970973,-0.0659465
heb_coffee_container_2,0.0268273,-10.5443,2.82613,-1.62926,-0.463306,-0.117853,-0.0228855,-10.6368,2.97248,-1.78731,-0.572203,-0.116485,0.0489426,-10.2727,3.18958,-1.96277,-0.732351,-0.116348,0.0388695,-9.39518,3.48099,-2.02181,-0.945604,-0.104891,-0.0155644,-9.3596,3.58866,-2.08631,-0.998886,-0.105569,0.0159025,-9.34273,3.58064,-2.08016,-0.987972,-0.102049,0.0161382,-9.3512,3.58266,-2.08958,-0.995573,-0.103335,-0.00228064,-9.34338,3.56631,-2.09268,-0.998259,-0.102198,0.00302179,-9.33743,3.58995,-2.09021,-0.992846,-0.109454,-0.0105471,-9.35446,3.59732,-2.08723,-0.996815,-0.103534
heb_coffee_container_3,0.0250756,-10.5495,2.79492,-1.60699,-0.463393,-0.117418,0.043218,-10.5556,2.7983,-1.61003,-0.459492,-0.114627,0.0697088,-10.5629,2.80336,-1.61379,-0.46068,-0.107297,0.18132,-11.1099,2.9688,-1.73565,-0.501498,-0.124921,0.103236,-10.5041,2.85921,-1.7237,-0.489438,-0.0781266,0.0639155,-10.7532,3.04834,-1.77636,-0.56865,-0.164381,0.150298,-10.4281,3.09545,-1.79684,-0.676646,-0.0957026,-0.0517485,-10.3684,3.15803,-1.91199,-0.769421,-0.0694721,0.0495211,-10.4242,3.28597,-1.88819,-0.775619,-0.105874,0.0939277,-10.0573,3.38671,-2.00297,-0.849563,-0.148901
heb_coffee_container_4,0.0539525,-10.5659,2.79656,-1.63217,-0.455672,-0.107227,0.0286624,-10.5634,2.81519,-1.62441,-0.475311,-0.113075,0.0255768,-10.5439,2.76103,-1.6255,-0.456418,-0.116087,0.096962,-10.8844,2.88198,-1.70957,-0.505405,-0.164012,-0.0732572,-10.632,2.86187,-1.76533,-0.496367,-0.111298,-0.0507866,-10.624,3.03082,-1.74236,-0.617837,-0.125835,-0.0656491,-10.6124,3.05644,-1.86706,-0.59311,-0.190895,-0.019657,-10.5647,3.16666,-1.81553,-0.668947,-0.161734,0.0445267,-10.338,3.3026,-1.87493,-0.797809,-0.0653329,0.0629538,-10.1247,3.38203,-1.97722,-0.839115,-0.124392
heb_coffee_container_5,0.0371279,-10.537,2.81622,-1.64429,-0.472655,-0.108611,0.0714664,-10.7435,2.98038,-1.7823,-0.550503,-0.119422,0.0699543,-10.2541,3.27039,-1.92383,-0.796377,-0.118723,0.00949395,-9.43667,3.48376,-2.07993,-0.972605,-0.105936,0.0477062,-9.3354,3.58913,-2.10315,-1.01157,-0.10336,0.037574,-9.35938,3.58923,-2.10788,-1.01366,-0.110996,0.0290801,-9.3563,3.58866,-2.11243,-1.01058,-0.099906,0.0316779,-9.34032,3.59007,-2.107,-1.00302,-0.107025,0.0255076,-9.34718,3.58108,-2.10506,-1.01628,-0.102287,0.0329472,-9.35442,3.58899,-2.11032,-1.02051,-0.103164
long_paper_roll_tube_1,0.158935,-9.805,2.6278,-1.1808,-0.331708,-0.0814146,0.220892,-10.0739,2.74975,-1.28582,-0.390943,-0.103319,0.168513,-9.65764,2.94069,-1.38848,-0.488074,-0.104248,0.152579,-9.32256,3.19535,-1.44677,-0.61985,-0.0912101,0.145415,-8.67086,3.27277,-1.51863,-0.667287,-0.0888621,0.139964,-8.71499,3.28912,-1.53125,-0.673805,-0.0820835,0.139507,-8.73366,3.31199,-1.531,-0.674023,-0.0753064,0.147301,-8.7441,3.2953,-1.53041,-0.676384,-0.0743261,0.166981,-8.73528,3.2994,-1.52939,-0.675777,-0.0787373,0.150536,-8.73957,3.30387,-1.52779,-0.675959,-0.0796618
long_paper_roll_tube_2,0.0232773,-9.68159,2.6057,-1.18546,-0.35074,-0.126169,0.010769,-9.88069,2.73229,-1.26272,-0.425046,-0.162397,0.0116625,-9.61113,2.99526,-1.38075,-0.53761,-0.133447,-0.0129921,-8.7551,3.1703,-1.51124,-0.649728,-0.12948,-0.00505614,-8.66131,3.28614,-1.53255,-0.6992,-0.116621,0.0189667,-8.66603,3.2905,-1.54008,-0.696934,-0.116508,-0.00659149,-8.66286,3.27832,-1.53637,-0.69237,-0.108887,0.00601406,-8.64586,3.27736,-1.53791,-0.693185,-0.114319,-0.00331184,-8.66729,3.28327,-1.54174,-0.699421,-0.106937,-0.00425078,-8.64753,3.2919,-1.53577,-0.697394,-0.114968
long_paper_roll_tube_3,0.05701,-9.8,2.62646,-1.17153,-0.35552,-0.113983,0.0700316,-10.0139,2.77757,-1.29932,-0.418979,-0.125628,0.0464014,-9.55841,2.98525,-1.37885,-0.542812,-0.127883,0.00738173,-8.8148,3.21232,-1.52142,-0.671187,-0.0950391,0.0405255,-8.69342,3.29342,-1.51441,-0.702192,-0.112347,0.0315501,-8.70829,3.27935,-1.52297,-0.693799,-0.1077,0.0343522,-8.70477,3.2767,-1.52127,-0.695742,-0.109999,0.0402536,-8.6838,3.28769,-1.52593,-0.703999,-0.102236,0.0343621,-8.71927,3.2699,-1.52261,-0.698022,-0.113181,0.0324846,-8.68973,3.27341,-1.52712,-0.698331,-0.113967
long_paper_roll_tube_4,0.0326489,-9.75847,2.6258,-1.18026,-0.347934,-0.119231,0.0414673,-9.89138,2.70252,-1.24345,-0.393283,-0.148381,0.018077,-9.59541,2.93146,-1.34393,-0.50591,-0.151129,0.0099674,-9.13761,3.16472,-1.47974,-0.619334,-0.111762,0.0186086,-8.3938,3.24141,-1.50181,-0.694266,-0.131486,-0.0113583,-8.55717,3.3054,-1.52951,-0.708137,-0.120642,0.0158132,-8.5515,3.30247,-1.52882,-0.703111,-0.118203,0.0193966,-8.55362,3.31171,-1.53047,-0.702874,-0.107694,0.0259706,-8.57721,3.31083,-1.52988,-0.703598,-0.118133,0.0072168,-8.54709,3.28607,-1.53734,-0.70004,-0.115802
long_paper_roll_tube_5,0.071613,-9.72413,2.64211,-1.17641,-0.360461,-0.10897,0.0293567,-9.74073,2.64837,-1.18409,-0.35018,-0.115259,0.0526075,-9.7425,2.64364,-1.18779,-0.350295,-0.108233,0.0822774,-10.0192,2.68314,-1.24392,-0.3683,-0.123472,0.122416,-9.7614,2.68195,-1.26235,-0.394245,-0.159358,0.0748358,-9.78728,2.73996,-1.29573,-0.413628,-0.107426,0.0685152,-9.89816,2.8955,-1.32746,-0.448564,-0.103025,0.0357426,-9.49537,2.9031,-1.33034,-0.511242,-0.19873,0.121406,-9.56661,3.0174,-1.35497,-0.552023,-0.0946627,0.0697141,-9.28718,3.13182,-1.44277,-0.592772,-0.153748
pineapple_cup_1,0.193319,-10.3032,2.76053,-1.45195,-0.397571,-0.0671258,0.197777,-10.5377,2.87351,-1.56831,-0.445369,-0.0531502,0.195804,-10.1006,3.08179,-1.63726,-0.614304,-0.0186304,0.15451,-9.68706,3.35572,-1.81243,-0.7702,-0.0690809,0.167855,-9.09706,3.43704,-1.81905,-0.825662,-0.0650856,0.168184,-9.2027,3.51238,-1.87483,-0.856272,-0.0622539,0.165662,-9.2007,3.50344,-1.87617,-0.848893,-0.0591604,0.170323,-9.19828,3.50248,-1.87722,-0.851579,-0.0609853,0.161866,-9.18772,3.49757,-1.88274,-0.858342,-0.0660989,0.155102,-9.19195,3.51415,-1.87815,-0.86064,-0.0585565
pineapple_cup_2,0.0362024,-10.2308,2.75478,-1.4555,-0.417044,-0.106045,0.0403264,-10.4665,2.86958,-1.57615,-0.458682,-0.129138,0.0418098,-10.0439,3.09173,-1.6725,-0.649592,-0.123898,-0.000612144,-9.54684,3.3686,-1.86784,-0.818625,-0.0960964,0.00969979,-8.86915,3.441,-1.85699,-0.870829,-0.106269,0.00427704,-9.02734,3.48605,-1.87849,-0.886679,-0.0963773,0.0282512,-9.09173,3.4993,-1.89654,-0.88003,-0.0974169,0.0413849,-8.96558,3.48902,-1.8722,-0.880614,-0.105683,0.0187807,-8.98544,3.49874,-1.87898,-0.88991,-0.0997225,0.0146797,-8.99345,3.47555,-1.87233,-0.878701,-0.101976
pineapple_cup_3,0.0477935,-10.3055,2.71884,-1.44853,-0.423076,-0.0971227,0.0686649,-10.3099,2.75648,-1.43124,-0.416942,-0.110926,0.055591,-10.278,2.73596,-1.44043,-0.405034,-0.105403,0.0880503,-10.694,2.88165,-1.51832,-0.432326,-0.137873,0.0756387,-10.2443,2.80547,-1.49294,-0.443332,-0.133367,-0.0038952,-10.0949,2.83875,-1.6226,-0.461791,-0.117774,0.0334804,-10.1094,2.95793,-1.60222,-0.581707,-0.140717,0.00599273,-10.2265,3.06563,-1.63241,-0.597843,-0.155591,0.124463,-9.97511,3.14704,-1.7226,-0.677763,-0.133648,0.0904399,-9.85527,3.23376,-1.78771,-0.670627,-0.2009
pineapple_cup_4,0.0541918,-10.2757,2.74433,-1.45253,-0.412521,-0.0987079,0.0671403,-10.4349,2.89114,-1.55297,-0.491812,-0.103785,0.0106102,-10.0374,3.14617,-1.70031,-0.650102,-0.0864488,0.0176363,-9.42628,3.37345,-1.83618,-0.827351,-0.132681,0.0315418,-9.24188,3.46298,-1.83646,-0.849062,-0.10271,0.0370946,-9.2687,3.45602,-1.84347,-0.852925,-0.104297,0.042167,-9.26871,3.45062,-1.84208,-0.849457,-0.106698,0.0340446,-9.26072,3.4545,-1.84816,-0.857414,-0.101353,0.019124,-9.26304,3.44803,-1.83996,-0.857058,-0.0988195,0.0147761,-9.26472,3.47179,-1.84701,-0.857614,-0.108585
pineapple_cup_5,0.0825544,-10.2479,2.73723,-1.46098,-0.418631,-0.103051,0.0839418,-10.5459,2.83508,-1.56472,-0.48039,-0.0987148,0.0752463,-10.1466,3.11014,-1.73071,-0.641157,-0.113997,0.0255553,-9.60798,3.3445,-1.85749,-0.824003,-0.105848,0.0638894,-8.86413,3.43311,-1.85856,-0.873068,-0.103305,0.045976,-9.02477,3.49976,-1.88899,-0.880056,-0.0971861,0.0497401,-9.05283,3.482,-1.88718,-0.884944,-0.0877431,0.0634739,-9.02961,3.48246,-1.89955,-0.899981,-0.0928375,0.064367,-9.03104,3.4749,-1.88623,-0.878443,-0.0972942,0.048402,-9.03911,3.49556,-1.88918,-0.889243,-0.0938196
yellow_butter_cooking_spray_1,0.192504,-10.4957,2.77701,-1.61582,-0.447196,-0.0683091,0.191071,-10.7099,2.91591,-1.73857,-0.52079,-0.0780046,0.147012,-10.3286,3.1284,-1.8993,-0.688767,-0.10476,0.144918,-9.96333,3.42084,-2.01511,-0.894956,-0.0667407,0.161301,-9.23328,3.49158,-2.03966,-0.965526,-0.0666195,0.145226,-9.35893,3.53854,-2.07603,-0.970451,-0.0620577,0.16118,-9.38914,3.52659,-2.07497,-0.964484,-0.0661765,0.16397,-9.37208,3.54337,-2.07762,-0.973562,-0.0674144,0.154558,-9.37256,3.53759,-2.06403,-0.968778,-0.0668374,0.163023,-9.37129,3.52926,-2.07156,-0.969548,-0.0713281
yellow_butter_cooking_spray_2,0.0586013,-10.4502,2.78549,-1.52553,-0.439639,-0.115632,0.103049,-10.5924,2.92082,-1.63869,-0.505119,-0.116908,0.055485,-10.1505,3.26147,-1.84802,-0.747785,-0.107947,0.06171,-9.32126,3.45399,-1.91011,-0.884712,-0.116923,0.0373498,-9.15253,3.57771,-1.97159,-0.939303,-0.106551,0.0110471,-9.1636,3.56377,-1.98126,-0.937617,-0.104014,0.0244996,-9.19135,3.55614,-1.98338,-0.943469,-0.105546,0.0278673,-9.1807,3.57976,-1.98323,-0.938987,-0.104674,0.0328091,-9.17275,3.57,-1.98376,-0.941509,-0.098349,0.0336777,-9.17192,3.57595,-1.97902,-0.944458,-0.100329
yellow_butter_cooking_spray_3,0.0820361,-10.4846,2.79722,-1.52398,-0.439962,-0.109843,0.100091,-10.7309,2.89571,-1.57967,-0.46785,-0.154666,0.0870379,-10.3656,3.13481,-1.70691,-0.622203,-0.123363,0.0573705,-9.7967,3.41779,-1.90178,-0.837265,-0.132457,0.05659,-9.27605,3.53539,-1.9443,-0.925484,-0.111383,0.0494314,-9.38439,3.54278,-1.95417,-0.931019,-0.101611,0.0430239,-9.39427,3.54824,-1.95887,-0.930299,-0.0986975,0.0552216,-9.37897,3.54647,-1.96484,-0.923416,-0.103135,0.0622225,-9.36086,3.55084,-1.96193,-0.929173,-0.101424,0.0419498,-9.36563,3.55007,-1.9595,-0.922644,-0.10229
yellow_butter_cooking_spray_4,0.0520984,-10.5046,2.80694,-1.52758,-0.434575,-0.107388,0.0763668,-10.6371,2.95197,-1.6706,-0.507631,-0.124031,0.0579152,-10.296,3.23006,-1.8041,-0.712339,-0.134664,0.052095,-9.51897,3.43852,-1.9101,-0.865733,-0.120172,0.0344493,-9.3984,3.56168,-1.96773,-0.926137,-0.106467,0.024879,-9.35139,3.57456,-1.96094,-0.930392,-0.10218,0.0309575,-9.35649,3.56044,-1.95847,-0.92359,-0.108926,0.0328018,-9.37155,3.55353,-1.96391,-0.926997,-0.105699,0.018093,-9.35337,3.54879,-1.97,-0.926563,-0.106565,0.0359035,-9.36383,3.56631,-1.96279,-0.930208,-0.102947
yellow_butter_cooking_spray_5,0.0920018,-10.5274,2.78806,-1.53671,-0.438721,-0.0925384,0.0883208,-10.726,2.88699,-1.63768,-0.504849,-0.0848695,0.0803728,-10.4112,3.15837,-1.78064,-0.673344,-0.10545,0.0523814,-9.94077,3.40774,-1.89904,-0.841948,-0.106975,0.0757676,-9.12571,3.52408,-1.9537,-0.918483,-0.108293,0.0555122,-9.26626,3.57102,-1.98003,-0.931778,-0.0941877,0.073374,-9.2502,3.59736,-1.9803,-0.936767,-0.0966368,0.0669551,-9.25117,3.58146,-1.97472,-0.929795,-0.0956884,0.0722886,-9.25302,3.5812,-1.9778,-0.929075,-0.0898778,0.0663431,-9.2574,3.60036,-1.97998,-0.933492,-0.0967508
zinc_pill_jar_1,0.197813,-9.94084,2.66224,-1.26557,-0.352677,-0.0900533,0.166305,-9.99845,2.67404,-1.25753,-0.368448,-0.0844626,0.187763,-9.9659,2.69483,-1.25722,-0.353132,-0.0883341,0.261785,-10.4545,2.80662,-1.34569,-0.380337,-0.0914193,0.0786629,-10.0509,2.75271,-1.34194,-0.390028,-0.0930167,0.171995,-9.97468,2.86351,-1.43487,-0.47288,-0.131509,0.0917093,-9.9044,2.92597,-1.45915,-0.507381,-0.121307,0.16686,-10.0987,3.0017,-1.50987,-0.483568,-0.0726179,0.156349,-9.60508,3.07096,-1.53682,-0.576093,-0.105289,0.192509,-9.6465,3.15547,-1.55186,-0.600109,-0.103151
zinc_pill_jar_2,0.0387201,-9.86113,2.64628,-1.25944,-0.379207,-0.114379,0.0755084,-10.0805,2.72792,-1.33708,-0.412338,-0.138293,0.0167789,-9.72886,3.00544,-1.47058,-0.574583,-0.117258,0.0262715,-9.20989,3.21868,-1.61057,-0.684172,-0.127756,0.0242529,-8.59536,3.29284,-1.60114,-0.74417,-0.115108,0.0455213,-8.7637,3.33513,-1.6449,-0.760129,-0.115377,0.0416851,-8.72899,3.34571,-1.633,-0.747526,-0.109705,0.0212402,-8.74234,3.3356,-1.63497,-0.749998,-0.118478,0.0332651,-8.7263,3.32942,-1.6398,-0.759077,-0.123242,0.0320932,-8.74009,3.33434,-1.6431,-0.757361,-0.121634
zinc_pill_jar_3,0.0693486,-9.93534,2.63919,-1.24837,-0.368759,-0.121228,0.117865,-9.98157,2.73677,-1.33164,-0.415891,-0.154886,0.0740479,-9.80652,2.98775,-1.47204,-0.560079,-0.15092,0.0694147,-9.12153,3.25407,-1.58591,-0.693531,-0.107091,0.075415,-8.49137,3.31356,-1.60107,-0.766031,-0.127793,0.0471537,-8.6372,3.36207,-1.62963,-0.769051,-0.117428,0.0677017,-8.64927,3.36014,-1.62343,-0.775635,-0.115843,0.0583101,-8.65301,3.36642,-1.62781,-0.77163,-0.108556,0.0531638,-8.63423,3.36162,-1.63902,-0.770773,-0.111281,0.0483123,-8.64148,3.36216,-1.63177,-0.766979,-0.115995
zinc_pill_jar_4,0.0820266,-9.92479,2.65158,-1.25131,-0.37067,-0.11387,0.057555,-9.94688,2.62993,-1.25515,-0.371067,-0.120447,0.0538322,-9.9237,2.62847,-1.25501,-0.362683,-0.127616,0.151046,-10.2927,2.76186,-1.30415,-0.403619,-0.106709,0.0585243,-9.97472,2.7029,-1.28296,-0.42167,-0.102833,0.10181,-9.89448,2.83445,-1.42627,-0.478379,-0.142021,0.0842427,-9.92973,2.89458,-1.44368,-0.479417,-0.0871984,0.0758122,-9.75336,2.96865,-1.38719,-0.547947,-0.122973,0.0252106,-9.80128,3.02532,-1.48326,-0.601015,-0.0869563,0.0096847,-9.58995,3.14593,-1.60088,-0.639504,-0.162151
zinc_pill_jar_5,0.0951587,-9.92352,2.65214,-1.26504,-0.369544,-0.11428,0.131552,-10.1042,2.7577,-1.3411,-0.413832,-0.144362,0.115062,-9.78827,2.97939,-1.42936,-0.53767,-0.112676,0.0760294,-9.39415,3.22689,-1.61598,-0.681389,-0.0828475,0.0634544,-8.73315,3.27601,-1.60794,-0.737085,-0.110588,0.0766525,-8.83451,3.31706,-1.62542,-0.749192,-0.10081,0.0840075,-8.85487,3.33501,-1.63737,-0.745434,-0.102356,0.0715257,-8.85665,3.32295,-1.62767,-0.744567,-0.105992,0.0832955,-8.85169,3.35937,-1.64106,-0.750213,-0.111362,0.0638096,-8.86079,3.33724,-1.6349,-0.742166,-0.105873
Pink_crayon_bank_1,0.194135,-10.3499,2.7824,-1.43729,-0.387161,-0.0469437,0.244027,-10.5124,2.87374,-1.54423,-0.440855,-0.0637834,0.212567,-10.1934,3.13842,-1.69776,-0.607769,-0.0728316,0.198484,-9.51861,3.37303,-1.79516,-0.762847,-0.0454943,0.183527,-8.93254,3.51484,-1.8399,-0.847421,-0.046225,0.163929,-9.0434,3.52319,-1.85985,-0.85427,-0.0517927,0.157616,-9.05624,3.54275,-1.87206,-0.857942,-0.0497636,0.179693,-9.05433,3.53758,-1.87149,-0.850294,-0.0549788,0.182897,-9.06494,3.5301,-1.87212,-0.846432,-0.0534709,0.175932,-9.05456,3.54469,-1.8736,-0.852274,-0.0483083
Pink_crayon_bank_2,0.0527761,-10.2732,2.76439,-1.44047,-0.407615,-0.0789013,0.0209171,-10.4144,2.87702,-1.53424,-0.46073,-0.118332,0.0805653,-10.0739,3.12261,-1.69149,-0.621935,-0.0710601,0.0432808,-9.35929,3.37922,-1.79579,-0.77876,-0.0807754,0.0517679,-9.1784,3.45568,-1.83872,-0.834394,-0.0819595,0.0428598,-9.18973,3.46385,-1.86037,-0.837233,-0.0731276,0.0474174,-9.17625,3.46343,-1.8578,-0.847946,-0.0695398,0.0614492,-9.19534,3.46338,-1.85271,-0.8416,-0.0764759,0.0444997,-9.20611,3.49865,-1.85334,-0.850039,-0.07866,0.0600621,-9.19906,3.49607,-1.85538,-0.846415,-0.0750614
Pink_crayon_bank_3,0.0836003,-10.3444,2.758,-1.4465,-0.408829,-0.083104,0.088757,-10.2965,2.74645,-1.44291,-0.401519,-0.0827167,0.0674818,-10.32,2.76775,-1.43401,-0.393393,-0.0924579,0.072729,-10.8033,2.89746,-1.5315,-0.437153,-0.103529,0.0209667,-10.4112,2.83168,-1.50769,-0.486457,-0.102782,0.00764577,-10.4886,2.93989,-1.54533,-0.471708,-0.138906,0.059461,-10.2358,3.01812,-1.65115,-0.605593,-0.0744873,0.0481709,-10.2254,3.13701,-1.68065,-0.642322,-0.0764656,0.0940267,-10.2219,3.24276,-1.70032,-0.640811,-0.119105,0.0810398,-9.66155,3.2942,-1.81001,-0.763305,-0.125654
Pink_crayon_bank_4,0.060914,-10.2912,2.75106,-1.44403,-0.410573,-0.0785327,0.0894735,-10.4799,2.84686,-1.50414,-0.43985,-0.0820663,0.0780236,-10.2796,3.12362,-1.66605,-0.559363,-0.0975456,0.0393637,-9.62239,3.37427,-1.80239,-0.771808,-0.04342,0.0653747,-9.0821,3.45446,-1.84009,-0.840279,-0.0747033,0.0312522,-9.19085,3.49776,-1.84711,-0.845977,-0.0805212,0.0406238,-9.19667,3.48322,-1.86561,-0.8508,-0.0808161,0.0442165,-9.19887,3.46605,-1.85659,-0.84411,-0.0780302,0.0530187,-9.20155,3.49928,-1.85059,-0.842969,-0.0742851,0.0450248,-9.19642,3.48461,-1.85347,-0.850384,-0.0723567
Pink_crayon_bank_5,0.0978811,-10.2976,2.76634,-1.45754,-0.40549,-0.080691,0.0976916,-10.7513,2.87589,-1.56442,-0.443301,-0.0487892,0.102454,-10.1961,3.12423,-1.68579,-0.622933,-0.0903768,0.0820065,-9.71961,3.35877,-1.81372,-0.772217,-0.105548,0.0709027,-8.97977,3.49355,-1.86297,-0.860839,-0.0622446,0.0949216,-9.04894,3.49674,-1.88068,-0.871543,-0.0706288,0.0651678,-9.06737,3.49791,-1.8765,-0.868349,-0.0733785,0.0852934,-9.06021,3.50053,-1.87829,-0.872337,-0.0724209,0.080832,-9.06456,3.51169,-1.88021,-0.869867,-0.0661524,0.0648372,-9.07043,3.50437,-1.8823,-0.873879,-0.0594706
big_open_metal_jar_1,0.211792,-10.1174,2.70762,-1.29969,-0.350267,-0.073059,0.18455,-10.1119,2.65733,-1.32637,-0.365252,-0.0756019,0.19302,-10.0897,2.69938,-1.30882,-0.373678,-0.0738693,0.244214,-10.3682,2.74919,-1.33087,-0.381688,-0.0886033,0.0241142,-10.1744,2.78134,-1.43602,-0.378198,-0.0445319,0.169768,-10.229,2.8781,-1.38714,-0.452028,-0.0563042,0.167476,-9.85623,2.9021,-1.46301,-0.503711,-0.0954451,0.158542,-9.96563,3.05828,-1.47875,-0.513014,-0.0750119,0.200721,-9.94927,3.10585,-1.49573,-0.575464,-0.0757061,0.202686,-9.63351,3.19189,-1.58713,-0.627374,-0.0817579
big_open_metal_jar_2,0.0707393,-10.0468,2.68448,-1.30748,-0.376512,-0.103374,0.0126752,-10.1704,2.79461,-1.40983,-0.45019,-0.121047,0.088585,-9.78767,3.07077,-1.52908,-0.596903,-0.141333,0.0562529,-9.07532,3.3035,-1.66359,-0.74248,-0.136042,0.0433876,-8.94745,3.37981,-1.68619,-0.761981,-0.0960669,0.0476889,-8.92851,3.36269,-1.69465,-0.771808,-0.0987838,0.0375277,-8.92479,3.38813,-1.695,-0.780339,-0.0996863,0.0480893,-8.9414,3.38949,-1.68537,-0.773147,-0.102558,0.0527617,-8.95462,3.3731,-1.69593,-0.779094,-0.0935307,0.0521339,-8.95086,3.38629,-1.69216,-0.773668,-0.095313
big_open_metal_jar_3,0.0808029,-10.0595,2.68129,-1.29917,-0.381275,-0.113814,0.0540889,-10.1047,2.77861,-1.38076,-0.429239,-0.141446,0.110025,-9.77525,3.05532,-1.55665,-0.585223,-0.12177,0.0869512,-9.07871,3.29596,-1.6172,-0.715166,-0.108901,0.0642014,-8.9374,3.37615,-1.67668,-0.771545,-0.098838,0.0610921,-8.94888,3.36034,-1.68558,-0.774233,-0.100301,0.0672191,-8.97585,3.38114,-1.68853,-0.777581,-0.103265,0.042531,-8.9693,3.37456,-1.68153,-0.7796,-0.0980264,0.0664255,-8.9645,3.37595,-1.6812,-0.775781,-0.0941142,0.0694057,-8.95767,3.37323,-1.6794,-0.775981,-0.0995612
big_open_metal_jar_4,0.0723557,-10.054,2.69349,-1.3191,-0.387032,-0.101213,0.0933243,-10.155,2.79858,-1.39773,-0.452188,-0.101615,0.0985384,-9.90697,3.0529,-1.53127,-0.561628,-0.11296,0.0665123,-9.48115,3.23755,-1.6415,-0.70017,-0.110407,0.0758279,-8.8467,3.37629,-1.67674,-0.77825,-0.0994733,0.0408744,-8.99174,3.38663,-1.69667,-0.77858,-0.0940497,0.0542896,-8.98586,3.38103,-1.70231,-0.787687,-0.103629,0.0663099,-8.98705,3.37101,-1.70136,-0.776132,-0.0954751,0.0526003,-8.97904,3.39305,-1.69872,-0.782762,-0.0959936,0.0450182,-8.97827,3.38422,-1.69651,-0.787582,-0.0969355
big_open_metal_jar_5,0.104317,-10.0236,2.6972,-1.31621,-0.384702,-0.0999269,0.0952568,-10.2436,2.7398,-1.38362,-0.419737,-0.0961436,0.1008,-9.96647,3.0243,-1.51084,-0.537794,-0.0995821,0.142103,-9.39316,3.26231,-1.64355,-0.708356,-0.114374,0.0900301,-8.86304,3.37807,-1.68516,-0.768835,-0.105358,0.092391,-8.98712,3.38684,-1.70566,-0.775959,-0.0972174,0.09265,-8.99771,3.37514,-1.70366,-0.775043,-0.0951151,0.0930439,-8.98433,3.3834,-1.70188,-0.774279,-0.0881266,0.0771953,-8.95787,3.39116,-1.69905,-0.77671,-0.0990737,0.0855246,-8.9854,3.39162,-1.70227,-0.783788,-0.09259
red_folders_coffee_jar_1,0.176036,-11.1244,2.94008,-1.87539,-0.493007,-0.0519264,0.200918,-11.1001,2.93514,-1.86761,-0.492594,-0.0531785,0.1806,-11.0818,2.91805,-1.8784,-0.490353,-0.0436666,0.18078,-11.4084,2.94862,-1.9424,-0.486543,-0.0665354,0.117716,-11.191,3.00618,-1.95102,-0.504389,-0.0518142,0.282409,-11.1951,3.1405,-2.00538,-0.594698,-0.0909801,0.215058,-11.1208,3.22176,-2.09945,-0.666432,-0.0241049,0.150007,-10.9055,3.3228,-2.14666,-0.767417,0.0113747,0.112151,-10.9164,3.40182,-2.26103,-0.849984,-0.0518732,0.169902,-10.5131,3.50428,-2.27373,-0.955017,-0.0642537
red_folders_coffee_jar_2,0.0865161,-11.0263,2.90614,-1.89019,-0.514038,-0.0892424,0.0694281,-11.0205,3.05181,-2.0586,-0.625157,-0.0888576,0.0306395,-10.7964,3.4281,-2.25458,-0.888933,-0.0859303,0.0417581,-9.67783,3.67113,-2.38032,-1.12974,-0.110714,0.0927853,-9.61,3.76717,-2.4074,-1.19471,-0.0791509,0.0767601,-9.60779,3.7882,-2.41133,-1.18841,-0.0769134,0.0589988,-9.61768,3.78358,-2.40865,-1.18154,-0.0788945,0.0700434,-9.6167,3.77422,-2.41551,-1.18455,-0.08209,0.0678774,-9.61539,3.79629,-2.40747,-1.1883,-0.0784014,0.0843217,-9.60632,3.77487,-2.40704,-1.18767,-0.0809532
red_folders_coffee_jar_3,0.100657,-11.0394,2.91654,-1.87201,-0.511464,-0.0870931,0.128108,-11.2298,3.00294,-1.96641,-0.588929,-0.123145,0.139636,-10.8351,3.29421,-2.1319,-0.804513,-0.0900664,0.0879192,-10.3005,3.60223,-2.28309,-1.01475,-0.0864747,0.100348,-9.71485,3.70072,-2.35515,-1.12888,-0.0844081,0.0704579,-9.89533,3.73274,-2.38207,-1.14805,-0.0609058,0.0764436,-9.89597,3.73834,-2.3852,-1.13959,-0.0704482,0.0774477,-9.89399,3.73255,-2.37672,-1.15293,-0.0714082,0.0696143,-9.88222,3.72927,-2.38619,-1.14435,-0.0722086,0.0695447,-9.90469,3.73942,-2.38128,-1.14577,-0.0697453
red_folders_coffee_jar_4,0.0796708,-11.051,2.90283,-1.90922,-0.525201,-0.0850477,0.103406,-11.1486,3.0162,-2.0134,-0.604077,-0.105555,0.109343,-10.8265,3.28348,-2.15452,-0.804584,-0.0857792,0.0998897,-10.475,3.57095,-2.38104,-1.03448,-0.0618667,0.0926249,-9.836,3.66955,-2.37326,-1.15847,-0.0931642,0.0547883,-9.98159,3.68788,-2.4108,-1.16148,-0.0756586,0.0797975,-9.97648,3.69505,-2.40816,-1.16564,-0.0828262,0.0535002,-9.9753,3.70314,-2.402,-1.16789,-0.0777773,0.0642097,-9.95689,3.70687,-2.41473,-1.16906,-0.0763448,0.069149,-9.96862,3.7032,-2.41225,-1.17167,-0.0658804
red_folders_coffee_jar_5,0.115236,-11.0575,2.92995,-1.90143,-0.521185,-0.0772416,0.138075,-11.241,3.00509,-2.04504,-0.612211,-0.075838,0.152053,-11.0356,3.27648,-2.20151,-0.820391,-0.0636768,0.111448,-10.606,3.5924,-2.34917,-1.04178,-0.103362,0.101324,-9.83343,3.66275,-2.37522,-1.14218,-0.0807434,0.0969328,-9.95425,3.72723,-2.41337,-1.15947,-0.069459,0.109646,-9.93994,3.7195,-2.40345,-1.15246,-0.0680601,0.109413,-9.92642,3.69713,-2.40406,-1.15144,-0.0650927,0.0968847,-9.95067,3.71567,-2.41328,-1.1565,-0.0629841,0.104575,-9.95178,3.69284,-2.40832,-1.15382,-0.067447
campbells_noodle_soup_1,0.20726,-11.0028,2.9031,-1.77507,-0.471013,-0.0700685,0.255192,-11.2386,3.08923,-1.93687,-0.612594,-0.100504,0.176092,-10.8237,3.34032,-2.04403,-0.761333,-0.0815209,0.196325,-10.2212,3.57439,-2.16582,-0.933559,-0.0871993,0.223299,-9.84761,3.6582,-2.20516,-1.02945,-0.0621014,0.206357,-9.93574,3.69071,-2.24641,-1.04571,-0.0710321,0.195492,-9.94563,3.71207,-2.2397,-1.04432,-0.0677434,0.185065,-9.94461,3.71166,-2.24458,-1.05508,-0.0727412,0.201444,-9.93269,3.69812,-2.24089,-1.0522,-0.0708922,0.203834,-9.93107,3.70532,-2.2404,-1.04458,-0.0669638
campbells_noodle_soup_2,0.0926562,-10.9191,2.90823,-1.76276,-0.488583,-0.0904783,0.0625348,-11.1098,3.03871,-1.91066,-0.576241,-0.112341,0.0899221,-10.8108,3.28583,-2.00967,-0.76748,-0.0952091,0.110831,-10.3462,3.56821,-2.19714,-0.980054,-0.0977654,0.0656144,-9.59708,3.64477,-2.22534,-1.05333,-0.0851519,0.0626098,-9.7787,3.70853,-2.25623,-1.0828,-0.093951,0.0766265,-9.76023,3.71255,-2.24842,-1.07274,-0.0947276,0.0612464,-9.74382,3.70737,-2.25024,-1.06726,-0.0948105,0.0927479,-9.75215,3.71925,-2.24906,-1.06257,-0.0890747,0.0677896,-9.76351,3.70273,-2.24958,-1.06868,-0.0932901
campbells_noodle_soup_3,0.101788,-10.9362,2.89685,-1.75449,-0.501796,-0.102101,0.130436,-11.23,3.05279,-1.91019,-0.565708,-0.110033,0.0254365,-10.7694,3.32603,-2.05817,-0.792813,-0.116031,0.0702708,-10.2139,3.53738,-2.16203,-0.982812,-0.0759956,0.0975807,-9.71545,3.69236,-2.23328,-1.07036,-0.0984448,0.0877579,-9.80947,3.72236,-2.25275,-1.08479,-0.0953341,0.0820623,-9.80104,3.68774,-2.24249,-1.07395,-0.098294,0.0989292,-9.79745,3.68895,-2.24601,-1.07575,-0.100845,0.0902887,-9.79881,3.71155,-2.24015,-1.07436,-0.0946289,0.0893906,-9.7841,3.69732,-2.2481,-1.07686,-0.0984915
campbells_noodle_soup_4,0.0954488,-10.9816,2.91005,-1.76847,-0.484227,-0.100933,0.0407239,-11.1484,3.08465,-1.91186,-0.616391,-0.0816977,0.107737,-10.6533,3.37943,-2.07503,-0.824095,-0.116041,0.0841028,-9.80602,3.62823,-2.22051,-1.04541,-0.098291,0.0920909,-9.63931,3.71753,-2.24693,-1.08339,-0.085496,0.0821287,-9.65992,3.72443,-2.25602,-1.08687,-0.0827548,0.0925371,-9.6578,3.73918,-2.25802,-1.08018,-0.0868876,0.0731699,-9.6712,3.72176,-2.25257,-1.09307,-0.0894393,0.0775108,-9.65133,3.73887,-2.24781,-1.08717,-0.0828145,0.0854793,-9.66674,3.71402,-2.25398,-1.08601,-0.0896835
campbells_noodle_soup_5,0.121348,-10.9816,2.90222,-1.76393,-0.483828,-0.0896336,0.186893,-11.1396,2.99193,-1.87133,-0.554039,-0.103364,0.140961,-10.7666,3.24236,-2.02411,-0.755608,-0.094491,0.0852963,-10.3031,3.56934,-2.18618,-0.970195,-0.069184,0.104455,-9.66113,3.68813,-2.23165,-1.06358,-0.0818711,0.0863776,-9.77456,3.71103,-2.26518,-1.07902,-0.0927475,0.0840401,-9.75885,3.72634,-2.25916,-1.0792,-0.0951214,0.118948,-9.76149,3.70743,-2.25352,-1.08128,-0.101454,0.108514,-9.77405,3.71457,-2.25812,-1.0799,-0.0942827,0.101089,-9.75967,3.72002,-2.25955,-1.07781,-0.0930278
wide_open_metal_can_1,0.218502,-10.1016,2.7044,-1.30113,-0.361531,-0.0821813,0.203855,-10.1171,2.6992,-1.31223,-0.367171,-0.0720524,0.221318,-10.1273,2.68618,-1.30836,-0.365727,-0.0796522,0.354949,-10.3959,2.72612,-1.36842,-0.382278,-0.1072,0.202522,-10.1116,2.75295,-1.35622,-0.431493,-0.123108,0.264045,-10.0848,2.78715,-1.36687,-0.442725,-0.0784585,0.156091,-10.027,2.91122,-1.48323,-0.490834,-0.110647,0.277263,-9.94453,3.0635,-1.51364,-0.552487,-0.00931023,0.260693,-9.85412,3.13964,-1.5364,-0.602279,-0.124859,0.227083,-9.76015,3.23784,-1.65352,-0.655793,-0.0954692
wide_open_metal_can_2,0.110778,-10.0596,2.67815,-1.31774,-0.381818,-0.0991231,0.118109,-10.1895,2.84996,-1.46421,-0.469746,-0.132739,0.0836386,-9.76536,3.08103,-1.57601,-0.624613,-0.0758417,0.0761232,-9.04872,3.30048,-1.64612,-0.738967,-0.0825713,0.0579191,-8.9322,3.41847,-1.72275,-0.788458,-0.100608,0.0626592,-8.90561,3.40354,-1.70093,-0.781508,-0.102456,0.0731082,-8.90306,3.38527,-1.7043,-0.780971,-0.0989293,0.0512872,-8.90355,3.38599,-1.70119,-0.778535,-0.105644,0.0737567,-8.90235,3.40069,-1.70469,-0.779184,-0.108615,0.0807092,-8.90726,3.39821,-1.70246,-0.782661,-0.0917621
wide_open_metal_can_3,0.0927034,-10.0931,2.67698,-1.30517,-0.37858,-0.107212,0.0908141,-10.1707,2.7463,-1.37474,-0.423307,-0.0967148,0.139172,-9.86108,2.99994,-1.52229,-0.54952,-0.0709199,0.0937388,-9.47591,3.28423,-1.649,-0.699869,-0.0795549,0.0890644,-8.79869,3.32127,-1.66271,-0.764707,-0.094191,0.0926649,-8.93299,3.36966,-1.69234,-0.777492,-0.0999612,0.0813519,-8.96161,3.39171,-1.69263,-0.778312,-0.100871,0.0835389,-8.96228,3.39905,-1.69942,-0.785033,-0.104445,0.0832878,-8.96421,3.38497,-1.6917,-0.788945,-0.101875,0.105665,-8.93989,3.39141,-1.68627,-0.782904,-0.100171
wide_open_metal_can_4,0.108092,-10.0986,2.68833,-1.32272,-0.384329,-0.109461,0.121151,-10.0966,2.71419,-1.3166,-0.377583,-0.0994988,0.0958436,-10.1033,2.66101,-1.3021,-0.36498,-0.0923826,0.168461,-10.3683,2.80378,-1.39453,-0.417833,-0.127035,0.0708666,-10.1339,2.73786,-1.37648,-0.42284,-0.152255,0.112983,-9.98031,2.83493,-1.42124,-0.445505,-0.146214,0.174544,-9.72233,2.89537,-1.48171,-0.469745,-0.168143,0.0696797,-10.1785,3.04323,-1.58446,-0.527191,-0.0591794,0.116562,-9.81878,3.08299,-1.59541,-0.564846,-0.0946612,0.110325,-9.7593,3.27473,-1.64327,-0.684396,-0.101253
wide_open_metal_can_5,0.131878,-10.0842,2.6996,-1.32444,-0.379735,-0.0899107,0.140164,-10.2711,2.82684,-1.40335,-0.431194,-0.131642,0.125831,-9.92505,3.02373,-1.51329,-0.571219,-0.0866531,0.0924232,-9.47675,3.28589,-1.64444,-0.680224,-0.0697785,0.126165,-8.84594,3.35745,-1.6677,-0.773495,-0.0811361,0.102833,-8.97804,3.38785,-1.70321,-0.767015,-0.0929607,0.113913,-8.96837,3.39789,-1.70695,-0.780054,-0.0955229,0.113014,-8.97035,3.4103,-1.69605,-0.77631,-0.0987896,0.0981475,-8.97619,3.38429,-1.701,-0.777001,-0.0926217,0.0985938,-8.96148,3.39425,-1.69238,-0.777281,-0.0919783
wet_ones_container_1,0.218278,-10.3055,2.73997,-1.39956,-0.390269,-0.0696313,0.220075,-10.4312,2.85452,-1.53353,-0.446828,-0.0513404,0.22865,-9.90706,3.16065,-1.66397,-0.635922,-0.0409516,0.238404,-9.25856,3.37233,-1.75925,-0.787267,-0.106462,0.175678,-9.19476,3.45814,-1.80371,-0.81955,-0.0626167,0.199392,-9.18952,3.47143,-1.8025,-0.818237,-0.0612511,0.202925,-9.18816,3.46898,-1.80873,-0.819526,-0.0609905,0.18652,-9.19999,3.46018,-1.81089,-0.806222,-0.0656684,0.203036,-9.17202,3.46829,-1.80972,-0.815005,-0.0652037,0.207,-9.19306,3.46668,-1.80791,-0.817765,-0.0626569
wet_ones_container_2,0.0959649,-10.2372,2.73817,-1.40296,-0.396323,-0.0940191,0.126124,-10.4885,2.81193,-1.48231,-0.433451,-0.0917442,0.0760853,-10.1913,3.10174,-1.61733,-0.59637,-0.0948283,0.0464438,-9.64039,3.35511,-1.77575,-0.773066,-0.0880584,0.0844235,-8.92091,3.44382,-1.77732,-0.81751,-0.0862371,0.0707749,-9.04584,3.45439,-1.81696,-0.832628,-0.0804794,0.07616,-9.06114,3.45869,-1.80736,-0.828219,-0.0878024,0.0669432,-9.04245,3.47175,-1.81624,-0.845063,-0.0863827,0.0629243,-9.05984,3.46894,-1.81132,-0.83564,-0.0878532,0.0742288,-9.04334,3.47069,-1.81137,-0.840695,-0.0905429
wet_ones_container_3,0.109958,-10.2577,2.72533,-1.39351,-0.402957,-0.0906396,0.0523351,-10.485,2.84847,-1.50245,-0.455278,-0.0710817,0.088988,-10.1101,3.04434,-1.62655,-0.559996,-0.107501,0.0833761,-9.69262,3.30304,-1.71231,-0.758641,-0.117073,0.0587897,-9.02343,3.42924,-1.77665,-0.82827,-0.0784143,0.0938181,-9.16209,3.46434,-1.7788,-0.822019,-0.0784914,0.0671544,-9.18808,3.43498,-1.77766,-0.824792,-0.0801072,0.0914848,-9.19005,3.46393,-1.7846,-0.822314,-0.0801092,0.0852421,-9.17742,3.45091,-1.79004,-0.823466,-0.0825531,0.087572,-9.18152,3.43416,-1.78055,-0.825806,-0.08182
wet_ones_container_4,0.111942,-10.2806,2.7286,-1.39296,-0.383574,-0.0937383,0.0944749,-10.2695,2.71555,-1.39069,-0.397586,-0.0925849,0.121417,-10.2654,2.75412,-1.39333,-0.408151,-0.0973266,0.110123,-10.6439,2.81781,-1.44999,-0.451936,-0.156051,0.0768704,-10.3022,2.82445,-1.44133,-0.451937,-0.0943046,0.103932,-10.2539,2.92471,-1.51791,-0.541369,-0.159498,0.0586873,-10.1502,2.99948,-1.55946,-0.544275,-0.125829,0.123147,-10.234,3.02814,-1.54021,-0.528897,-0.123234,0.0876076,-9.99916,3.14451,-1.68386,-0.631324,-0.138766,0.104257,-9.98189,3.20897,-1.74224,-0.677691,-0.15635
wet_ones_container_5,0.109294,-10.2393,2.74657,-1.41178,-0.398658,-0.0868839,0.128591,-10.3263,2.8284,-1.49078,-0.461655,-0.12425,0.191765,-10.1867,3.06191,-1.57252,-0.576354,-0.0984649,0.140907,-9.61284,3.33697,-1.71934,-0.750124,-0.0603348,0.0712708,-9.0298,3.42927,-1.81142,-0.822786,-0.072566,0.108081,-9.12601,3.47097,-1.8146,-0.830854,-0.0806386,0.110228,-9.16078,3.46673,-1.8163,-0.829503,-0.0869973,0.109737,-9.13928,3.47012,-1.81691,-0.829425,-0.0848591,0.0944774,-9.15915,3.44707,-1.82227,-0.835224,-0.0839341,0.0884344,-9.15829,3.44828,-1.81716,-0.831975,-0.0825494
tall_blue_pringles_1,0.207049,-10.0136,2.68058,-1.22881,-0.340391,-0.0752634,0.269933,-10.0581,2.77424,-1.33139,-0.408197,-0.0960748,0.198876,-9.78783,3.06498,-1.42885,-0.544922,-0.0586085,0.216471,-9.03045,3.24158,-1.53632,-0.657488,-0.0777189,0.193779,-8.9516,3.33799,-1.59716,-0.698884,-0.0646491,0.209775,-8.93241,3.35375,-1.58856,-0.706464,-0.0628737,0.203372,-8.92133,3.35533,-1.58708,-0.706469,-0.0745691,0.190972,-8.934,3.36397,-1.59877,-0.705233,-0.0593127,0.192029,-8.93626,3.35308,-1.59968,-0.698301,-0.0628408,0.198312,-8.93168,3.36988,-1.59413,-0.708683,-0.0706899
tall_blue_pringles_2,0.0941319,-9.93587,2.66719,-1.24226,-0.351763,-0.101324,0.0648226,-10.1361,2.72902,-1.30187,-0.39404,-0.111383,0.124922,-9.8284,2.94576,-1.44919,-0.50555,-0.135403,0.122721,-9.23587,3.21074,-1.58085,-0.681396,-0.0709587,0.0699733,-8.58952,3.29417,-1.58654,-0.717895,-0.0983977,0.0621435,-8.76209,3.35939,-1.616,-0.729502,-0.0966431,0.073229,-8.75494,3.34385,-1.61514,-0.737621,-0.0871597,0.0885748,-8.73973,3.36109,-1.61002,-0.730549,-0.098781,0.0829412,-8.75545,3.35143,-1.61053,-0.727566,-0.100081,0.0816733,-8.74142,3.36843,-1.61398,-0.730579,-0.0919239
tall_blue_pringles_3,0.112487,-9.97784,2.65511,-1.22663,-0.365073,-0.0970481,0.0915099,-10.1269,2.78607,-1.31383,-0.402257,-0.106704,0.108073,-9.78755,3.0649,-1.46454,-0.570657,-0.0676509,0.102833,-8.93373,3.24791,-1.55993,-0.683408,-0.0939565,0.110298,-8.7779,3.36734,-1.59264,-0.728244,-0.0932522,0.0963278,-8.78462,3.35697,-1.59534,-0.728882,-0.0975747,0.0834678,-8.80839,3.34038,-1.59419,-0.728561,-0.0948463,0.0729464,-8.79619,3.35486,-1.60033,-0.722062,-0.0954134,0.0732418,-8.80629,3.36394,-1.59655,-0.732217,-0.0856961,0.0939917,-8.81345,3.35967,-1.59687,-0.728031,-0.0970176
tall_blue_pringles_4,0.1112,-9.99199,2.6676,-1.23325,-0.35927,-0.0908417,0.146007,-10.1878,2.72769,-1.31375,-0.394485,-0.0947535,0.114508,-9.82921,3.01453,-1.4674,-0.526716,-0.0782665,0.0707918,-9.30844,3.24909,-1.54033,-0.659382,-0.101732,0.130246,-8.61863,3.33075,-1.57748,-0.723005,-0.082083,0.0899346,-8.74173,3.35275,-1.61282,-0.741816,-0.0903143,0.0795813,-8.73235,3.36439,-1.61259,-0.73807,-0.0945756,0.0782414,-8.73359,3.36907,-1.6076,-0.741244,-0.0908779,0.105591,-8.71219,3.36289,-1.59967,-0.74031,-0.085041,0.0923569,-8.73256,3.3568,-1.6088,-0.731636,-0.088062
tall_blue_pringles_5,0.136689,-9.95929,2.66886,-1.24275,-0.361583,-0.0957604,0.143836,-10.2244,2.7842,-1.35813,-0.442167,-0.109159,0.150574,-9.73606,3.08283,-1.49574,-0.558373,-0.101143,0.100488,-8.93685,3.27848,-1.59754,-0.697727,-0.11892,0.117446,-8.83347,3.34213,-1.61973,-0.72302,-0.0950528,0.107549,-8.85915,3.35966,-1.61271,-0.722959,-0.0877976,0.129563,-8.85627,3.34994,-1.60926,-0.72254,-0.0904334,0.121975,-8.85651,3.35171,-1.6133,-0.720245,-0.0964962,0.12026,-8.86616,3.3453,-1.61631,-0.731901,-0.0953103,0.105728,-8.86177,3.36664,-1.61522,-0.727766,-0.0911814
green_allergy_pill_jar_1,0.216955,-9.96031,2.63811,-1.20539,-0.343033,-0.0789515,0.284438,-9.97566,2.76066,-1.30301,-0.395784,-0.0954425,0.246252,-9.7525,3.06584,-1.44335,-0.556318,-0.0878284,0.179656,-8.74906,3.27487,-1.5664,-0.683819,-0.0500428,0.192031,-8.63451,3.36104,-1.5757,-0.717224,-0.0770171,0.187049,-8.66934,3.36815,-1.581,-0.720004,-0.0772415,0.186458,-8.66367,3.36629,-1.57647,-0.721038,-0.0679138,0.187718,-8.6497,3.36158,-1.57823,-0.721316,-0.0812636,0.196321,-8.66997,3.35966,-1.58527,-0.719421,-0.0755491,0.214673,-8.65659,3.37481,-1.58014,-0.717205,-0.0740984
green_allergy_pill_jar_2,0.112195,-9.91739,2.64888,-1.2108,-0.360145,-0.112309,0.0941518,-10.0976,2.76951,-1.32729,-0.409164,-0.0867143,0.116201,-9.68729,3.04614,-1.45635,-0.536574,-0.092121,0.0690971,-8.92755,3.22874,-1.53956,-0.677345,-0.0876026,0.0765354,-8.71393,3.32335,-1.57722,-0.710247,-0.0997526,0.0832942,-8.76772,3.32016,-1.58461,-0.715774,-0.105961,0.0845167,-8.75982,3.32425,-1.58096,-0.715722,-0.108276,0.0593857,-8.76101,3.31735,-1.58141,-0.714038,-0.108646,0.0795414,-8.78486,3.31523,-1.58608,-0.720429,-0.0989338,0.0837476,-8.76088,3.31768,-1.58103,-0.717632,-0.103786
green_allergy_pill_jar_3,0.132887,-9.93416,2.63683,-1.21513,-0.354965,-0.0927809,0.114154,-9.93304,2.62595,-1.19832,-0.349168,-0.101334,0.142371,-9.95619,2.6322,-1.20104,-0.361959,-0.0910011,0.252781,-10.4427,2.77592,-1.30737,-0.39937,-0.102093,0.074925,-10.1202,2.66496,-1.26429,-0.401661,-0.0990071,0.127284,-10.0428,2.73409,-1.27215,-0.373465,-0.200862,0.0972842,-9.90529,2.88544,-1.38015,-0.484142,-0.136377,0.0770906,-9.76308,2.93261,-1.40895,-0.517325,-0.106736,0.101269,-9.51123,3.00883,-1.48293,-0.543733,-0.0646216,0.0927495,-9.70748,3.12793,-1.48001,-0.54818,-0.119705
green_allergy_pill_jar_4,0.136138,-9.93288,2.63875,-1.20891,-0.349258,-0.101501,0.089622,-10.1468,2.69976,-1.28536,-0.384537,-0.122261,0.179926,-9.80861,2.94811,-1.42141,-0.50899,-0.0912186,0.103311,-9.26476,3.22126,-1.52509,-0.660915,-0.120533,0.0867222,-8.63113,3.27133,-1.56123,-0.715136,-0.115428,0.0920428,-8.74854,3.33029,-1.57855,-0.7235,-0.101443,0.103659,-8.74907,3.346,-1.58254,-0.730361,-0.0967405,0.0850262,-8.75356,3.3465,-1.57942,-0.72751,-0.102851,0.0895655,-8.76258,3.34184,-1.58178,-0.721295,-0.104689,0.0819686,-8.76137,3.33452,-1.58444,-0.726982,-0.0990598
green_allergy_pill_jar_5,0.140056,-9.91608,2.64856,-1.22237,-0.366313,-0.0981439,0.153146,-9.93423,2.67541,-1.23102,-0.357945,-0.0936092,0.126782,-9.93622,2.63464,-1.21675,-0.370342,-0.0976723,0.164234,-10.2654,2.70101,-1.29123,-0.380754,-0.112299,0.19571,-9.95239,2.64761,-1.2649,-0.400131,-0.120107,0.170019,-9.78975,2.71841,-1.29482,-0.431459,-0.151378,0.180057,-9.74933,2.89283,-1.35106,-0.480609,-0.155619,0.117099,-9.97999,2.99384,-1.42279,-0.513014,-0.0529536,0.171615,-9.8145,3.06476,-1.45424,-0.55041,-0.0891917,0.143177,-9.59942,3.14796,-1.58652,-0.591627,-0.0926714
big_orange_bug_repellent_1,0.218188,-10.4601,2.74399,-1.47546,-0.406634,-0.0853286,0.220481,-10.5089,2.88656,-1.63782,-0.522703,-0.0642972,0.212953,-10.2027,3.19944,-1.73069,-0.697021,-0.114129,0.220778,-9.28649,3.43274,-1.87933,-0.866914,-0.0784057,0.209303,-9.18805,3.54331,-1.91968,-0.913221,-0.0717158,0.221655,-9.16903,3.51971,-1.92113,-0.909128,-0.0731428,0.202802,-9.15741,3.52189,-1.91535,-0.902673,-0.0705611,0.209003,-9.17134,3.51677,-1.9238,-0.908999,-0.0704052,0.19657,-9.15466,3.53107,-1.92825,-0.910522,-0.0683349,0.199876,-9.14832,3.51322,-1.91992,-0.905169,-0.0750219
big_orange_bug_repellent_2,0.115124,-10.3953,2.75879,-1.44817,-0.421701,-0.120787,0.161245,-10.4019,2.86382,-1.56417,-0.495638,-0.0950813,0.100237,-10.1899,3.16708,-1.76882,-0.669752,-0.124291,0.114261,-9.44508,3.37177,-1.81268,-0.818289,-0.114269,0.0995734,-9.34473,3.47104,-1.85034,-0.856495,-0.10681,0.10324,-9.3463,3.44069,-1.85405,-0.866583,-0.112171,0.103832,-9.35471,3.4765,-1.84587,-0.86617,-0.111341,0.0960055,-9.35872,3.4616,-1.85106,-0.860895,-0.116366,0.0892935,-9.36467,3.46944,-1.85903,-0.853998,-0.110038,0.0947557,-9.35862,3.46694,-1.85079,-0.862772,-0.118473
big_orange_bug_repellent_3,0.116929,-10.4548,2.77154,-1.43906,-0.410887,-0.101897,0.123392,-10.5976,2.88865,-1.55812,-0.479408,-0.0948669,0.105401,-10.2509,3.08871,-1.68799,-0.601622,-0.0857666,0.119577,-9.79131,3.38014,-1.80213,-0.782705,-0.12203,0.100522,-9.18126,3.47186,-1.83782,-0.85635,-0.0908836,0.0973717,-9.29464,3.49954,-1.85647,-0.866076,-0.0935031,0.0937699,-9.29793,3.50387,-1.85813,-0.874314,-0.0980856,0.109685,-9.30964,3.51089,-1.86614,-0.86638,-0.0982861,0.0895153,-9.30905,3.50882,-1.86513,-0.86225,-0.0935454,0.11979,-9.31254,3.5026,-1.86718,-0.866595,-0.0948452
big_orange_bug_repellent_4,0.140411,-10.4474,2.7813,-1.43878,-0.412173,-0.0956081,0.0971096,-10.6385,2.89588,-1.56202,-0.462785,-0.088354,0.0996356,-10.2077,3.09845,-1.66855,-0.581584,-0.0899633,0.0982054,-9.8498,3.39236,-1.84071,-0.797377,-0.127782,0.0863479,-9.17987,3.44436,-1.83579,-0.848747,-0.0918302,0.0972787,-9.34749,3.52016,-1.87004,-0.856021,-0.0888477,0.105136,-9.32961,3.51772,-1.85916,-0.858458,-0.093222,0.0974334,-9.33242,3.52785,-1.86654,-0.853925,-0.0890984,0.100797,-9.32235,3.50858,-1.86616,-0.865896,-0.0871518,0.119267,-9.33869,3.5249,-1.86055,-0.855998,-0.0910655
big_orange_bug_repellent_5,0.146168,-10.4707,2.77068,-1.44791,-0.403782,-0.101097,0.208263,-10.5041,2.83034,-1.51132,-0.429516,-0.123208,0.185106,-10.3187,3.09496,-1.65785,-0.604177,-0.106456,0.188848,-9.85253,3.38061,-1.78868,-0.777775,-0.111674,0.125912,-9.25809,3.46913,-1.84791,-0.856615,-0.085402,0.123447,-9.36423,3.50824,-1.87647,-0.859862,-0.0860156,0.130827,-9.34893,3.51156,-1.87023,-0.85291,-0.082271,0.115357,-9.35869,3.50205,-1.86247,-0.857079,-0.0786843,0.126592,-9.34788,3.52809,-1.86455,-0.854091,-0.0757294,0.119464,-9.36214,3.5157,-1.8699,-0.84763,-0.0801356
coffee_mate_container_1,0.144744,-10.1953,2.72012,-1.34496,-0.389947,-0.0918376,0.173717,-10.3435,2.80608,-1.43089,-0.429954,-0.0748538,0.153018,-9.89604,3.02365,-1.5521,-0.573338,-0.0979517,0.177908,-9.57055,3.29579,-1.68412,-0.713924,-0.0530861,0.198868,-8.85603,3.37999,-1.71609,-0.798324,-0.0878098,0.13756,-8.99507,3.45432,-1.74208,-0.806041,-0.0794543,0.146535,-8.98941,3.43739,-1.75402,-0.805491,-0.0679122,0.143906,-9.00774,3.44782,-1.74572,-0.806842,-0.0794009,0.137512,-8.98805,3.43537,-1.7511,-0.808734,-0.0773991,0.13854,-8.99693,3.42582,-1.75201,-0.801231,-0.0717444
coffee_mate_container_2,0.0797598,-10.1272,2.70412,-1.3443,-0.385206,-0.0963477,0.0845987,-10.2883,2.87871,-1.45765,-0.466403,-0.103519,0.0634147,-9.89042,3.10259,-1.59166,-0.596473,-0.103733,0.0680228,-9.28214,3.30442,-1.68177,-0.739444,-0.12713,0.0549328,-9.12968,3.39958,-1.72482,-0.788341,-0.103443,0.0697041,-9.11846,3.39057,-1.7251,-0.778817,-0.10031,0.0585849,-9.14137,3.38124,-1.72069,-0.786992,-0.102366,0.0548793,-9.11152,3.39844,-1.72155,-0.786517,-0.0987597,0.0489992,-9.15134,3.37294,-1.72396,-0.786671,-0.0981215,0.0461949,-9.12681,3.38846,-1.7256,-0.780441,-0.0992963
coffee_mate_container_3,0.15907,-10.1765,2.71778,-1.34198,-0.383485,-0.102716,0.167917,-10.1251,2.72878,-1.35015,-0.383715,-0.087145,0.132628,-10.1036,2.71252,-1.3502,-0.376482,-0.0867984,0.296171,-10.2746,2.70468,-1.33889,-0.367558,-0.140233,0.147745,-10.596,2.83262,-1.47113,-0.430194,-0.0730889,0.227388,-10.1893,2.81639,-1.41205,-0.481017,-0.12723,0.149926,-9.90438,3.00173,-1.52517,-0.536178,-0.11941,0.0652574,-9.92914,3.03757,-1.59125,-0.543249,-0.115266,0.157986,-9.77091,3.15886,-1.60515,-0.635064,-0.14684,0.149513,-9.61043,3.23774,-1.68171,-0.630715,-0.0266304
coffee_mate_container_4,0.117844,-10.1567,2.71536,-1.33592,-0.393629,-0.103428,0.133236,-10.1176,2.71819,-1.34182,-0.388373,-0.109115,0.10382,-10.1354,2.68454,-1.35057,-0.399071,-0.0953431,0.047003,-10.4943,2.84587,-1.44825,-0.42273,-0.144154,0.042542,-10.3519,2.85095,-1.43968,-0.461092,-0.135023,0.0616727,-10.1362,2.83943,-1.47419,-0.4388,-0.144405,0.125329,-9.93354,2.93483,-1.5522,-0.517405,-0.0665758,0.0334441,-10.1739,3.04444,-1.59507,-0.601705,-0.1273,0.109059,-10.0326,3.15075,-1.58741,-0.563293,-0.121785,0.0669098,-9.69094,3.26056,-1.68545,-0.733477,-0.0965067
coffee_mate_container_5,0.119782,-10.1829,2.71084,-1.35948,-0.395375,-0.0952265,0.117011,-10.3342,2.81648,-1.43286,-0.445295,-0.11656,0.163725,-10.14,2.99534,-1.54557,-0.551043,-0.125027,0.103835,-9.63056,3.29147,-1.74309,-0.741615,-0.085303,0.131682,-9.0187,3.38151,-1.73266,-0.79523,-0.0799632,0.0972754,-9.09438,3.39534,-1.75258,-0.805036,-0.0837409,0.122928,-9.11449,3.40969,-1.75672,-0.80346,-0.088143,0.112762,-9.12919,3.43079,-1.75026,-0.798807,-0.0883801,0.101794,-9.1238,3.42724,-1.74679,-0.8064,-0.0855095,0.106119,-9.10826,3.4117,-1.75202,-0.807565,-0.0808003
green_oeange_water_bottle_1,0.154972,-10.6002,2.80546,-1.54782,-0.429796,-0.0918472,0.148507,-10.8119,2.93849,-1.67348,-0.48677,-0.160104,0.191781,-10.4068,3.16957,-1.76929,-0.670021,-0.102657,0.184772,-9.97855,3.43931,-1.96555,-0.840029,-0.0554406,0.171695,-9.31626,3.54306,-1.97716,-0.930454,-0.0710273,0.156491,-9.47115,3.57563,-2.00471,-0.933441,-0.082902,0.158771,-9.47038,3.56468,-1.99851,-0.934592,-0.0825285,0.155268,-9.46844,3.56981,-2.00845,-0.939569,-0.0838768,0.159852,-9.46055,3.567,-2.00474,-0.938064,-0.0836366,0.156518,-9.47575,3.57817,-2.00429,-0.941968,-0.0836928
green_oeange_water_bottle_2,0.0630033,-10.5435,2.78848,-1.56886,-0.433081,-0.0987396,0.0745055,-10.5204,2.82188,-1.55976,-0.445586,-0.114428,0.0791532,-10.5333,2.79727,-1.57269,-0.433051,-0.102987,0.0941254,-10.9869,2.90386,-1.66847,-0.470423,-0.068457,0.0969724,-10.7351,2.83251,-1.62412,-0.502489,-0.163629,0.0891388,-10.5985,2.98627,-1.73993,-0.524185,-0.0941557,0.104458,-10.2729,3.02462,-1.71603,-0.603148,-0.10074,0.127065,-10.2334,3.123,-1.83026,-0.63267,-0.136294,0.0663447,-10.1413,3.21648,-1.85586,-0.708059,-0.069472,0.0738487,-10.0468,3.32278,-1.86972,-0.812599,-0.101908
green_oeange_water_bottle_3,0.162062,-10.587,2.79994,-1.56615,-0.437512,-0.0823283,0.166891,-10.5788,2.80936,-1.56212,-0.441614,-0.0770431,0.180208,-10.612,2.8134,-1.56151,-0.426669,-0.0803468,0.30218,-11.0369,2.89133,-1.65604,-0.471581,-0.0884324,0.188455,-10.6326,2.86217,-1.64957,-0.469627,-0.167117,0.263895,-10.6025,2.89616,-1.67874,-0.532002,-0.110704,0.158149,-10.5467,3.04365,-1.72105,-0.548232,-0.0797069,0.225283,-10.4897,3.19946,-1.83965,-0.690309,-0.0943763,0.146839,-10.3809,3.2362,-1.8177,-0.747079,-0.104714,0.106615,-10.2012,3.36218,-1.96184,-0.79074,-0.0651434
green_oeange_water_bottle_4,0.109609,-10.5753,2.78982,-1.57041,-0.445877,-0.103108,0.107066,-10.7946,2.90959,-1.66535,-0.514903,-0.0863425,0.0773994,-10.4643,3.13504,-1.79665,-0.672357,-0.112056,0.049091,-9.82313,3.4387,-1.95989,-0.871864,-0.120658,0.0704888,-9.23256,3.52852,-1.9906,-0.947002,-0.0875459,0.0956189,-9.38171,3.57157,-2.00994,-0.960821,-0.107724,0.0833495,-9.38774,3.56948,-2.02312,-0.964286,-0.0963171,0.0753858,-9.37044,3.58109,-2.01549,-0.960668,-0.0897026,0.0736328,-9.40086,3.59014,-2.01807,-0.958466,-0.0971846,0.0682688,-9.37846,3.55824,-2.02178,-0.953447,-0.0961968
green_oeange_water_bottle_5,0.13831,-10.6302,2.82448,-1.57532,-0.448285,-0.0889135,0.112345,-10.8346,2.96075,-1.70522,-0.492919,-0.115712,0.132075,-10.3779,3.18057,-1.8118,-0.694948,-0.113692,0.125017,-9.95921,3.46528,-1.96596,-0.895324,-0.107558,0.102449,-9.11713,3.55662,-1.99929,-0.949471,-0.0973616,0.120766,-9.30397,3.593,-2.03194,-0.971728,-0.0920526,0.120023,-9.31028,3.60142,-2.03197,-0.978355,-0.0889496,0.126551,-9.30217,3.5792,-2.03051,-0.967668,-0.0944026,0.121756,-9.28229,3.58224,-2.02329,-0.968215,-0.0888108,0.127926,-9.31013,3.61284,-2.02162,-0.972085,-0.0906902
blue_red_avengers_water_bottle_full_1,0.170556,-11.679,3.09786,-2.10366,-0.546126,-0.0440451,0.191384,-11.8374,3.30676,-2.29624,-0.698379,-0.0772991,0.168591,-11.3862,3.6131,-2.44155,-0.985218,-0.0594174,0.160113,-10.4976,3.87236,-2.62024,-1.22888,-0.0439377,0.16606,-10.3404,4.01674,-2.69356,-1.29578,-0.0354921,0.177077,-10.3287,4.00742,-2.67928,-1.28831,-0.0339089,0.17581,-10.3396,3.99642,-2.68675,-1.2953,-0.0287374,0.166365,-10.3384,4.00784,-2.68334,-1.29337,-0.0292644,0.193471,-10.3376,4.00295,-2.68025,-1.29688,-0.0285364,0.181749,-10.3374,4.01807,-2.67877,-1.29529,-0.0368491
blue_red_avengers_water_bottle_full_2,0.137465,-11.5703,3.07636,-2.10233,-0.556016,-0.0745615,0.0892673,-11.5922,3.07981,-2.10851,-0.549518,-0.0645547,0.0717477,-11.5889,3.05946,-2.09446,-0.552643,-0.0644345,0.104285,-12.0172,3.17306,-2.2628,-0.630597,-0.0675852,0.00955277,-11.7924,3.2417,-2.21144,-0.66379,-0.0822877,0.16087,-11.5669,3.20343,-2.23481,-0.696255,-0.0505417,0.0859148,-11.4894,3.40172,-2.35841,-0.801224,-0.0738097,0.130894,-11.6445,3.47712,-2.39108,-0.894832,-0.0502894,0.0739211,-11.4762,3.65962,-2.54381,-0.995441,-0.0204027,0.0642238,-11.2561,3.80657,-2.60848,-1.10985,-0.0572105
blue_red_avengers_water_bottle_full_3,0.157673,-11.67,3.08501,-2.09676,-0.546498,-0.0429377,0.144144,-11.7568,3.21131,-2.24628,-0.63052,-0.0680189,0.148321,-11.5768,3.49756,-2.36932,-0.868877,-0.0390201,0.145136,-11.0658,3.82617,-2.58599,-1.12031,-0.0789261,0.157212,-10.3622,3.91377,-2.61117,-1.23851,-0.0397915,0.150336,-10.4881,3.98892,-2.67013,-1.26904,-0.034056,0.147848,-10.4819,3.99818,-2.65939,-1.26597,-0.0352542,0.130477,-10.4974,3.97599,-2.66074,-1.26299,-0.039251,0.145668,-10.4971,3.97924,-2.66317,-1.26904,-0.0321317,0.154127,-10.482,3.98559,-2.65736,-1.2655,-0.0362586
blue_red_avengers_water_bottle_full_4,0.102268,-11.6887,3.12104,-2.10297,-0.551032,-0.0647318,0.131398,-11.7887,3.27115,-2.30825,-0.697462,-0.10347,0.134196,-11.4493,3.58798,-2.46469,-0.932109,-0.0692389,0.0911952,-10.6824,3.8569,-2.5831,-1.20422,-0.0706143,0.085898,-10.4721,3.95784,-2.66097,-1.26608,-0.0476812,0.0890473,-10.4992,3.95855,-2.66669,-1.26643,-0.0466887,0.106352,-10.4885,3.9461,-2.66751,-1.2686,-0.0502591,0.105048,-10.4891,3.9754,-2.65983,-1.27138,-0.0456291,0.105357,-10.4959,3.95231,-2.66122,-1.26655,-0.0487447,0.0881032,-10.4831,3.95061,-2.66426,-1.26925,-0.0472404
blue_red_avengers_water_bottle_full_5,0.144165,-11.7306,3.08881,-2.11293,-0.545192,-0.0552913,0.142057,-11.8989,3.23385,-2.24909,-0.645418,-0.0665581,0.17043,-11.5887,3.52624,-2.44342,-0.870433,-0.055024,0.181535,-10.9377,3.82995,-2.58452,-1.1648,-0.0865132,0.12738,-10.2209,3.9469,-2.65969,-1.27609,-0.0493928,0.13726,-10.3774,3.98874,-2.68858,-1.28107,-0.0410333,0.134803,-10.3754,4.01196,-2.68642,-1.28513,-0.0364125,0.0985523,-10.3743,4.00388,-2.68801,-1.28399,-0.0338371,0.141119,-10.3753,4.01428,-2.68451,-1.288,-0.0394663,0.120357,-10.3709,4.01245,-2.68218,-1.28516,-0.0455778
yellow_lysol_wipes_container_1,0.170304,-10.1478,2.70836,-1.30825,-0.367169,-0.0690394,0.228352,-10.2443,2.80919,-1.39497,-0.403353,-0.0976436,0.168383,-10.0269,3.04374,-1.5879,-0.571669,-0.0925237,0.168848,-9.46792,3.2764,-1.61451,-0.692946,-0.0812969,0.167965,-8.83833,3.39634,-1.68812,-0.769997,-0.0627441,0.160712,-8.8928,3.4414,-1.71386,-0.780828,-0.0603294,0.158619,-8.92508,3.43596,-1.71171,-0.783931,-0.0684814,0.161534,-8.90083,3.43983,-1.71077,-0.784261,-0.0665253,0.174514,-8.90328,3.42327,-1.71426,-0.777098,-0.0638031,0.148639,-8.89556,3.43048,-1.70682,-0.780909,-0.0631038
yellow_lysol_wipes_container_2,0.0962625,-10.0892,2.70202,-1.32945,-0.376746,-0.0858875,0.143114,-10.2609,2.78345,-1.41679,-0.42036,-0.125919,0.109973,-9.82443,3.01931,-1.53628,-0.565847,-0.0994554,0.0622771,-9.44544,3.26714,-1.65972,-0.71212,-0.0988653,0.0813254,-8.71098,3.384,-1.68726,-0.771308,-0.0846957,0.0720603,-8.80902,3.41311,-1.71374,-0.7841,-0.0824982,0.0868423,-8.83342,3.40762,-1.71505,-0.794765,-0.0909725,0.0860224,-8.83991,3.40171,-1.71571,-0.787403,-0.0866021,0.0694754,-8.83334,3.43067,-1.70951,-0.789562,-0.0934215,0.0808749,-8.83363,3.39941,-1.7183,-0.795111,-0.0857003
yellow_lysol_wipes_container_3,0.162197,-10.0918,2.71177,-1.33426,-0.370889,-0.0676043,0.12119,-10.2234,2.8143,-1.40042,-0.406574,-0.0930187,0.194609,-9.96303,3.01202,-1.52607,-0.545403,-0.0872945,0.104334,-9.58988,3.27592,-1.68664,-0.709481,-0.0446351,0.148358,-8.88687,3.38149,-1.69738,-0.769232,-0.0579968,0.141685,-9.04189,3.39108,-1.70787,-0.77065,-0.0638352,0.141009,-9.06833,3.40288,-1.71529,-0.779317,-0.0694037,0.140209,-9.0305,3.40417,-1.71249,-0.770047,-0.0701168,0.146976,-9.05507,3.40409,-1.71024,-0.770942,-0.0693085,0.136152,-9.04683,3.40408,-1.70874,-0.774814,-0.0694796
yellow_lysol_wipes_container_4,0.109537,-10.0822,2.70226,-1.33067,-0.379055,-0.0846758,0.153944,-10.2135,2.77907,-1.39253,-0.408809,-0.120762,0.142875,-9.95066,3.02803,-1.54211,-0.552348,-0.0778391,0.130736,-9.50946,3.26422,-1.67744,-0.692737,-0.0968589,0.110691,-8.92394,3.38578,-1.70124,-0.781904,-0.0939079,0.0630829,-9.02664,3.39065,-1.71707,-0.78264,-0.0784571,0.0834725,-9.03583,3.41489,-1.71449,-0.781493,-0.0766812,0.0932606,-9.01374,3.41417,-1.73029,-0.78052,-0.0844163,0.10965,-9.00871,3.40836,-1.72431,-0.785167,-0.0821753,0.0695546,-9.03899,3.39792,-1.72705,-0.788759,-0.0778671
yellow_lysol_wipes_container_5,0.147057,-10.1448,2.71921,-1.3428,-0.379436,-0.0804257,0.147997,-10.1402,2.71505,-1.33777,-0.379632,-0.080894,0.143428,-10.1574,2.70368,-1.3363,-0.382518,-0.0812988,0.23706,-10.6252,2.81748,-1.37371,-0.395601,-0.0685009,0.140863,-10.35,2.76934,-1.43123,-0.445573,-0.0515963,0.0876982,-10.2432,2.76014,-1.45088,-0.439447,-0.066857,0.0962441,-9.99118,2.9102,-1.52805,-0.49362,-0.119849,0.144943,-10.0832,3.02005,-1.57592,-0.523074,-0.0286932,0.217668,-9.798,3.0519,-1.55261,-0.554033,-0.0747196,0.0819661,-9.895,3.18629,-1.5775,-0.617702,-0.0914872
pink_noodle_h5_1,0.18844,-9.91479,2.63519,-1.17892,-0.34167,-0.094309,0.20593,-9.92625,2.7349,-1.2608,-0.379309,-0.100659,0.183009,-9.72681,2.92815,-1.37553,-0.500713,-0.0638397,0.16889,-9.10284,3.16886,-1.48657,-0.622451,-0.109573,0.157723,-8.57305,3.28382,-1.51996,-0.684055,-0.0987582,0.161094,-8.75198,3.31158,-1.52926,-0.696676,-0.0797593,0.180898,-8.73631,3.31907,-1.5319,-0.690232,-0.0867654,0.172281,-8.74153,3.31934,-1.52913,-0.689694,-0.0812997,0.161017,-8.73612,3.33693,-1.53395,-0.690396,-0.0810417,0.152263,-8.73674,3.32236,-1.53163,-0.697578,-0.0854964
pink_noodle_h5_2,0.104804,-9.83737,2.63672,-1.18268,-0.350731,-0.103638,0.058441,-9.8328,2.71906,-1.26645,-0.393196,-0.115416,0.0927082,-9.61945,2.99999,-1.41415,-0.498366,-0.11288,0.102931,-9.03671,3.18682,-1.50376,-0.624672,-0.111323,0.067486,-8.89336,3.26995,-1.52481,-0.671208,-0.0974907,0.0618615,-8.91085,3.28077,-1.51674,-0.671461,-0.10162,0.0899409,-8.90055,3.28132,-1.51924,-0.674124,-0.0942043,0.0681571,-8.88963,3.28976,-1.52261,-0.673459,-0.0966568,0.0759617,-8.87987,3.26583,-1.51804,-0.679295,-0.0906647,0.0797604,-8.90669,3.28193,-1.52201,-0.678904,-0.0997053
pink_noodle_h5_3,0.166246,-9.8645,2.63054,-1.17851,-0.328618,-0.085296,0.186468,-10.0177,2.76243,-1.25099,-0.370593,-0.0802077,0.168831,-9.74657,2.93453,-1.38761,-0.464708,-0.113464,0.180321,-9.21363,3.17629,-1.44666,-0.591187,-0.0865776,0.140902,-8.59235,3.27439,-1.51111,-0.680787,-0.0892621,0.141249,-8.80355,3.33554,-1.5446,-0.694686,-0.0907975,0.151944,-8.74362,3.32551,-1.54178,-0.690619,-0.08728,0.140606,-8.73833,3.32713,-1.53695,-0.68717,-0.07939,0.131457,-8.75046,3.31614,-1.52854,-0.692745,-0.0886001,0.149901,-8.75762,3.31655,-1.54551,-0.680011,-0.0886207
pink_noodle_h5_4,0.119583,-9.86924,2.65077,-1.18438,-0.344797,-0.106434,0.117477,-10.0869,2.76352,-1.27619,-0.387178,-0.127598,0.113653,-9.68743,2.94534,-1.39989,-0.511615,-0.135028,0.04915,-9.18776,3.18592,-1.4751,-0.597055,-0.098174,0.114168,-8.62453,3.29219,-1.52938,-0.698828,-0.114674,0.0916221,-8.76221,3.30712,-1.54483,-0.694475,-0.101485,0.0957232,-8.7327,3.29102,-1.54356,-0.685009,-0.0986703,0.0886475,-8.75692,3.32066,-1.54319,-0.704244,-0.102551,0.101025,-8.73435,3.32318,-1.54457,-0.692188,-0.0937614,0.0867506,-8.7656,3.33154,-1.54461,-0.697704,-0.100153
pink_noodle_h5_5,0.134706,-9.90152,2.63933,-1.19484,-0.347631,-0.098158,0.151119,-10.0395,2.74109,-1.28884,-0.353795,-0.0922293,0.154894,-9.86802,2.95988,-1.43583,-0.496159,-0.102976,0.132484,-9.13136,3.20851,-1.51963,-0.640614,-0.0807753,0.105598,-8.6367,3.30324,-1.5429,-0.69268,-0.0851552,0.134178,-8.69474,3.33624,-1.54722,-0.69924,-0.0846415,0.12101,-8.71527,3.33956,-1.54794,-0.69537,-0.0870672,0.120832,-8.70091,3.33999,-1.55039,-0.699803,-0.0926621,0.112029,-8.71,3.33201,-1.5499,-0.698973,-0.0826186,0.122488,-8.7049,3.3323,-1.55184,-0.701701,-0.0812874
white_water_bottle_full_1,0.191288,-12.2665,3.26448,-2.34359,-0.576028,0.00419341,0.21448,-12.4859,3.41615,-2.50444,-0.68531,0.0228806,0.174019,-12.0659,3.72666,-2.69495,-0.95634,0.0148383,0.177225,-11.5548,4.06632,-2.88846,-1.25403,0.0151578,0.215081,-10.91,4.15828,-2.92451,-1.35939,0.0266045,0.197058,-11.0628,4.22217,-2.97522,-1.39461,0.0146202,0.200932,-11.076,4.21846,-2.97639,-1.39324,0.0231521,0.205623,-11.046,4.22447,-2.97923,-1.39647,0.0130399,0.188044,-11.0696,4.24335,-2.9833,-1.40111,0.012325,0.182215,-11.0535,4.22326,-2.97909,-1.39377,0.0144008
white_water_bottle_full_2,0.134513,-12.1998,3.27238,-2.43829,-0.598247,0.00201367,0.146762,-12.3889,3.43333,-2.58625,-0.716176,-0.027116,0.147252,-11.9484,3.6894,-2.78728,-0.982751,0.0256799,0.119505,-11.4906,4.01101,-2.93559,-1.28452,0.000991758,0.132637,-10.839,4.15337,-3.03871,-1.43067,0.0157295,0.125919,-10.9868,4.19472,-3.07855,-1.4533,0.0210301,0.116667,-10.9906,4.19448,-3.0786,-1.44872,0.0211736,0.104616,-10.9607,4.18586,-3.07853,-1.44815,0.0215342,0.101646,-10.9868,4.20428,-3.07788,-1.45541,0.0125104,0.106525,-10.9595,4.1872,-3.07778,-1.45589,0.019831
white_water_bottle_full_3,0.164453,-12.2964,3.27887,-2.35255,-0.576329,0.00406247,0.157859,-12.3562,3.51232,-2.59396,-0.734333,0.0136896,0.114927,-12.0297,3.77721,-2.74014,-1.03482,-0.0109518,0.199356,-11.2448,4.09551,-2.89709,-1.28972,0.00853662,0.138587,-11.1903,4.18595,-2.97215,-1.37563,0.0111253,0.15998,-11.1775,4.18932,-2.96559,-1.37602,0.0135935,0.162192,-11.181,4.17432,-2.96812,-1.38048,0.0173213,0.15616,-11.1607,4.19242,-2.96729,-1.38294,0.0132381,0.144706,-11.1867,4.18672,-2.96329,-1.38202,0.0161953,0.165537,-11.1961,4.18887,-2.96751,-1.37971,0.0152913
white_water_bottle_full_4,0.125289,-12.2847,3.27743,-2.35378,-0.595014,-0.0110441,0.163526,-12.5881,3.44432,-2.52469,-0.69354,-0.0358153,0.130072,-12.0705,3.7408,-2.75982,-0.961288,-0.00849057,0.129144,-11.6703,4.08521,-2.91183,-1.25234,-0.022212,0.135646,-10.8323,4.18864,-2.94861,-1.39518,0.00267517,0.123346,-11.0242,4.22818,-3.00433,-1.4166,-0.00646826,0.110601,-11.0142,4.22453,-2.99215,-1.41295,-0.00196045,0.125955,-10.9989,4.2298,-2.99867,-1.40996,-0.00257335,0.123895,-11.0215,4.2347,-2.99179,-1.415,0.0020737,0.117113,-11.0134,4.24414,-2.98437,-1.41434,-0.0034408
white_water_bottle_full_5,0.16969,-12.3243,3.27401,-2.37708,-0.578533,0.00672714,0.134262,-12.3188,3.28173,-2.38247,-0.590121,0.00756582,0.15793,-12.331,3.28965,-2.36977,-0.584815,0.00295906,0.159939,-12.7689,3.40898,-2.51064,-0.609999,-0.046195,0.178852,-12.4149,3.456,-2.4668,-0.666859,0.0524957,0.201021,-12.0648,3.41037,-2.55966,-0.704552,0.00690437,0.18065,-12.213,3.61374,-2.65711,-0.892579,0.00529573,0.121421,-12.3323,3.70974,-2.79248,-0.937654,-0.0625217,0.194505,-11.9607,3.77451,-2.716,-1.02628,0.0442027,0.0905525,-11.8773,3.87565,-2.82811,-1.14502,0.0208929
plastic_jar_with_beans_1,0.195871,-10.891,2.84322,-1.69572,-0.474946,-0.0914329,0.205708,-10.8591,2.86611,-1.69063,-0.468745,-0.0799852,0.225372,-10.9147,2.87568,-1.70312,-0.465774,-0.0869032,0.214674,-11.4779,2.93506,-1.81915,-0.529526,-0.0552794,0.158931,-10.8747,2.93743,-1.82854,-0.606248,-0.0454761,0.115347,-11.09,3.08161,-1.91366,-0.565944,-0.0979503,0.215406,-10.8248,3.05065,-1.78403,-0.593822,-0.153782,0.176995,-10.7546,3.27162,-1.91285,-0.738993,-0.0590242,0.226743,-10.4727,3.339,-1.99746,-0.852442,-0.0882288,0.255089,-10.2718,3.4391,-2.08469,-0.849616,-0.104617
plastic_jar_with_beans_2,0.120887,-10.8432,2.85692,-1.71582,-0.481487,-0.107813,0.115329,-11.0774,2.98551,-1.84954,-0.560568,-0.136204,0.0892234,-10.5886,3.18232,-1.92627,-0.709061,-0.125482,0.0804921,-10.2469,3.50195,-2.11441,-0.939716,-0.0886149,0.100665,-9.54753,3.58378,-2.15242,-1.03417,-0.0879623,0.0981616,-9.70063,3.63876,-2.19198,-1.03904,-0.0956115,0.106902,-9.68434,3.6309,-2.17791,-1.03425,-0.087369,0.111652,-9.68969,3.63152,-2.18113,-1.04761,-0.0945411,0.102326,-9.68042,3.6407,-2.18156,-1.04102,-0.103053,0.112723,-9.68758,3.62498,-2.18578,-1.04018,-0.100482
plastic_jar_with_beans_3,0.190783,-10.8892,2.88436,-1.71336,-0.461409,-0.0753544,0.186523,-11.0606,2.97097,-1.82331,-0.55875,-0.0799017,0.159488,-10.5257,3.21696,-1.97671,-0.739219,-0.0836465,0.154107,-10.0449,3.51303,-2.14106,-0.973247,-0.0225613,0.192995,-9.4307,3.63575,-2.15412,-1.03233,-0.0711428,0.142553,-9.61531,3.70381,-2.1982,-1.05981,-0.0640578,0.163172,-9.58827,3.67838,-2.2005,-1.06297,-0.0665837,0.156361,-9.60931,3.6905,-2.20623,-1.06269,-0.0584914,0.154408,-9.59048,3.68934,-2.2088,-1.06841,-0.0618208,0.162289,-9.59945,3.68044,-2.20667,-1.06299,-0.0555647
plastic_jar_with_beans_4,0.13458,-10.8998,2.88248,-1.73373,-0.481546,-0.084386,0.136983,-11.1362,2.9955,-1.84661,-0.578536,-0.0739949,0.13135,-10.786,3.22976,-1.97953,-0.748375,-0.0783179,0.109945,-10.2157,3.52599,-2.13651,-0.959097,-0.100927,0.128037,-9.54126,3.66241,-2.19394,-1.04983,-0.0763754,0.0987068,-9.66178,3.68304,-2.21887,-1.05796,-0.0731042,0.119414,-9.66589,3.682,-2.22035,-1.06239,-0.0731973,0.111323,-9.6627,3.67287,-2.21898,-1.05929,-0.0861821,0.117902,-9.66157,3.68948,-2.22042,-1.06487,-0.0753741,0.10468,-9.64721,3.67061,-2.21739,-1.06164,-0.0794025
plastic_jar_with_beans_5,0.175071,-10.9368,2.86223,-1.73806,-0.474653,-0.0800491,0.170694,-11.0967,2.97732,-1.86353,-0.532234,-0.094435,0.112098,-10.7381,3.25685,-2.05153,-0.7513,-0.0870838,0.132899,-10.2761,3.52052,-2.17288,-0.950889,-0.101845,0.173258,-9.55435,3.61357,-2.18057,-1.04089,-0.0830782,0.138271,-9.68644,3.66161,-2.22468,-1.05537,-0.0707942,0.134961,-9.70342,3.68318,-2.22503,-1.06222,-0.0687555,0.147783,-9.70016,3.69913,-2.22823,-1.06165,-0.0749371,0.148588,-9.7088,3.68957,-2.22838,-1.06451,-0.0641427,0.152728,-9.69643,3.69908,-2.23041,-1.06783,-0.0690183
yellow_ketchup_bottle_full_1,0.192613,-11.1365,2.93448,-1.79457,-0.483865,-0.0849508,0.149832,-11.4132,3.07283,-1.94056,-0.598071,-0.0814417,0.188649,-11.0947,3.29152,-2.04198,-0.754204,-0.0961402,0.212781,-10.5907,3.60118,-2.24126,-0.970429,-0.0741027,0.224929,-9.9006,3.69258,-2.2538,-1.07596,-0.0712325,0.191048,-10.0084,3.74296,-2.27854,-1.08568,-0.0696142,0.201703,-9.99078,3.73334,-2.27502,-1.08149,-0.068205,0.192513,-10.0038,3.7334,-2.28714,-1.08693,-0.0727746,0.179738,-9.98787,3.73814,-2.28136,-1.08529,-0.0644523,0.187261,-10.0084,3.72544,-2.28957,-1.08265,-0.0668359
yellow_ketchup_bottle_full_2,0.140053,-11.0978,2.94572,-1.79159,-0.48754,-0.0860489,0.137907,-11.2636,3.06657,-1.90331,-0.558447,-0.0793014,0.129445,-11.0413,3.32092,-2.10363,-0.770612,-0.0547538,0.102084,-10.4168,3.62491,-2.22203,-0.980792,-0.0518306,0.124764,-9.69898,3.69521,-2.25693,-1.06224,-0.0781905,0.106292,-9.8635,3.75817,-2.29672,-1.09591,-0.084483,0.134595,-9.86325,3.76965,-2.30277,-1.08748,-0.0779032,0.0976668,-9.85443,3.78275,-2.2926,-1.09038,-0.0829856,0.124336,-9.8794,3.776,-2.29966,-1.08658,-0.0814448,0.109849,-9.86488,3.76883,-2.30141,-1.09471,-0.0836121
yellow_ketchup_bottle_full_3,0.1812,-11.1506,2.9582,-1.79067,-0.47504,-0.0768053,0.138016,-11.2506,3.01815,-1.92198,-0.558808,-0.0923119,0.154347,-10.997,3.30934,-2.03437,-0.757822,-0.0672741,0.17585,-10.4783,3.57681,-2.23016,-0.928949,-0.0284925,0.154802,-9.93033,3.72279,-2.27212,-1.07534,-0.0660312,0.158402,-10.0449,3.72733,-2.26704,-1.05853,-0.0699672,0.149843,-10.0545,3.71381,-2.27675,-1.07189,-0.0648789,0.177081,-10.0685,3.73571,-2.2728,-1.07241,-0.0725955,0.165637,-10.0655,3.72741,-2.27769,-1.07659,-0.074188,0.151635,-10.0543,3.72577,-2.27407,-1.07463,-0.0727198
yellow_ketchup_bottle_full_4,0.151776,-11.156,2.96411,-1.79786,-0.486424,-0.0788428,0.113361,-11.3994,3.06302,-1.92072,-0.56232,-0.0721134,0.11404,-10.9451,3.31371,-2.04352,-0.742879,-0.0963526,0.11175,-10.5104,3.59404,-2.22491,-0.942259,-0.0571216,0.115233,-9.95932,3.74541,-2.26451,-1.07293,-0.0573674,0.107136,-10.0702,3.76226,-2.27783,-1.06456,-0.0545769,0.142047,-10.0659,3.77354,-2.27706,-1.07088,-0.0619201,0.11584,-10.0583,3.75373,-2.27955,-1.07258,-0.0658515,0.124891,-10.0593,3.75295,-2.28076,-1.07308,-0.0551762,0.134216,-10.0629,3.76382,-2.28856,-1.06894,-0.0609622
yellow_ketchup_bottle_full_5,0.161187,-11.2108,2.96444,-1.8073,-0.482559,-0.0721014,0.156655,-11.4806,3.08958,-1.91974,-0.554418,-0.082555,0.172291,-11.018,3.30803,-2.04842,-0.722051,-0.0781077,0.121773,-10.6452,3.60061,-2.19197,-0.933037,-0.063728,0.161799,-9.98794,3.68219,-2.26179,-1.06152,-0.0763491,0.144403,-10.1611,3.75322,-2.27957,-1.0714,-0.063324,0.13359,-10.1303,3.74106,-2.27733,-1.05834,-0.0639503,0.142455,-10.1253,3.74713,-2.27932,-1.06299,-0.0712031,0.137059,-10.1311,3.74339,-2.2819,-1.068,-0.0616525,0.149398,-10.135,3.7509,-2.28987,-1.0605,-0.0719338
lime_green_purple_water_bottle_1,0.207976,-11.383,2.99669,-1.95441,-0.52274,-0.0719952,0.199813,-11.6205,3.11101,-2.10192,-0.63674,-0.0536438,0.205059,-11.1389,3.41004,-2.22425,-0.837711,-0.0578322,0.188466,-10.7766,3.70334,-2.39968,-1.07613,-0.0563625,0.221685,-10.0599,3.79977,-2.44583,-1.17451,-0.0524802,0.196946,-10.2069,3.84603,-2.47557,-1.19232,-0.0518064,0.19435,-10.1908,3.84416,-2.47261,-1.18683,-0.0586744,0.191999,-10.2027,3.83336,-2.48326,-1.18849,-0.0535015,0.205286,-10.1942,3.8435,-2.48132,-1.18707,-0.0569147,0.192559,-10.2103,3.83444,-2.47807,-1.19593,-0.0584104
lime_green_purple_water_bottle_2,0.11566,-11.3551,2.99779,-1.94986,-0.52739,-0.0781006,0.142674,-11.3368,2.98821,-1.94916,-0.535959,-0.0741612,0.0834754,-11.3298,2.99068,-1.94323,-0.516762,-0.0781981,0.126669,-11.682,3.08027,-2.12057,-0.567425,-0.113465,0.140494,-11.3211,3.00345,-2.04487,-0.625588,-0.0484518,0.147894,-11.4052,3.17976,-2.11143,-0.684933,-0.0798774,0.0319958,-11.3988,3.28594,-2.22126,-0.79065,-0.134438,0.0705789,-11.2252,3.37932,-2.34016,-0.839027,-0.127489,0.0601806,-10.9821,3.49665,-2.33812,-0.898818,-0.105478,0.106578,-10.8589,3.57571,-2.30916,-0.943517,-0.0541852
lime_green_purple_water_bottle_3,0.179786,-11.3881,2.96688,-1.97602,-0.531358,-0.0623515,0.189109,-11.5443,3.11724,-2.13767,-0.618585,-0.0615814,0.155428,-11.1804,3.39968,-2.29645,-0.840622,-0.0619408,0.138527,-10.6548,3.66983,-2.45959,-1.08759,-0.0811406,0.169631,-10.0389,3.78856,-2.4914,-1.19097,-0.0670212,0.162453,-10.155,3.83467,-2.52227,-1.21653,-0.0576862,0.158035,-10.139,3.82638,-2.51331,-1.20841,-0.0599748,0.168337,-10.151,3.82763,-2.52565,-1.2085,-0.055073,0.156283,-10.1294,3.82171,-2.50695,-1.21028,-0.0587247,0.167745,-10.1497,3.82808,-2.52136,-1.21425,-0.0728244
lime_green_purple_water_bottle_4,0.131013,-11.388,2.99501,-1.94474,-0.527714,-0.0710643,0.147265,-11.5202,3.14071,-2.07336,-0.621803,-0.085195,0.17212,-11.257,3.43307,-2.26756,-0.830227,-0.073018,0.149313,-10.5666,3.70996,-2.41412,-1.09396,-0.0681984,0.125271,-9.97278,3.85394,-2.46737,-1.18591,-0.04866,0.13005,-10.058,3.86874,-2.47942,-1.20472,-0.064581,0.136585,-10.0679,3.87535,-2.48026,-1.19638,-0.0670581,0.123252,-10.0406,3.87042,-2.47226,-1.19486,-0.0625601,0.116431,-10.0617,3.86109,-2.4848,-1.19887,-0.0680344,0.130223,-10.0609,3.86776,-2.47473,-1.19305,-0.0580014
lime_green_purple_water_bottle_5,0.16919,-11.4083,2.99561,-1.98236,-0.529655,-0.0659728,0.138172,-11.4832,3.14216,-2.15111,-0.660913,-0.0479159,0.152561,-11.1984,3.43483,-2.35172,-0.902816,-0.0548307,0.160028,-10.251,3.71523,-2.47838,-1.16437,-0.0270431,0.15247,-10.2184,3.82481,-2.52525,-1.20542,-0.0657534,0.15864,-10.2164,3.83767,-2.52625,-1.21598,-0.0611527,0.148772,-10.2172,3.838,-2.5287,-1.20769,-0.0617988,0.155301,-10.2002,3.82909,-2.53207,-1.2131,-0.0608213,0.155979,-10.2168,3.83444,-2.52234,-1.20927,-0.0586025,0.167465,-10.2151,3.83401,-2.53198,-1.2044,-0.0641757
tones_pepper_plastic_container_1,0.2152,-10.0533,2.65807,-1.24355,-0.35668,-0.0817741,0.196716,-10.2053,2.74998,-1.32233,-0.399376,-0.0853101,0.189569,-9.86497,2.94466,-1.43862,-0.514634,-0.102316,0.162507,-9.50026,3.21931,-1.58968,-0.654839,-0.0782472,0.186084,-8.84042,3.28067,-1.57084,-0.710063,-0.0881164,0.185073,-8.97523,3.32825,-1.61358,-0.724764,-0.0779592,0.187599,-8.97263,3.3324,-1.60947,-0.726957,-0.0726981,0.180296,-8.96851,3.33805,-1.607,-0.732465,-0.0770941,0.183156,-8.97943,3.33094,-1.60798,-0.731367,-0.0825513,0.193477,-8.97901,3.33829,-1.60899,-0.730646,-0.0782914
tones_pepper_plastic_container_2,0.134497,-10.0097,2.64634,-1.24867,-0.361173,-0.0939449,0.145019,-10.1378,2.74873,-1.35613,-0.401983,-0.0855595,0.153677,-9.74301,2.99724,-1.45934,-0.562535,-0.0868476,0.0800421,-9.25804,3.24227,-1.5949,-0.673332,-0.140809,0.10677,-8.65345,3.32288,-1.60534,-0.730134,-0.0889327,0.116481,-8.70265,3.3598,-1.62923,-0.748566,-0.0932476,0.10151,-8.71579,3.37506,-1.63137,-0.75462,-0.0998083,0.108984,-8.72979,3.37504,-1.63455,-0.757189,-0.0905498,0.114016,-8.7328,3.38189,-1.63354,-0.756074,-0.093967,0.111908,-8.72239,3.35254,-1.6345,-0.755183,-0.0881172
tones_pepper_plastic_container_3,0.186641,-10.0648,2.65392,-1.24528,-0.352118,-0.0872679,0.187495,-10.131,2.74194,-1.31109,-0.393956,-0.107397,0.169206,-9.89157,3.00503,-1.49331,-0.54003,-0.0922022,0.181598,-9.41497,3.20248,-1.59025,-0.670708,-0.0890521,0.164303,-8.76901,3.31946,-1.59204,-0.716666,-0.0934084,0.166805,-8.98645,3.35081,-1.62389,-0.739098,-0.07704,0.169437,-8.94509,3.34931,-1.61814,-0.731647,-0.078552,0.18005,-8.93693,3.35232,-1.62004,-0.738203,-0.0796117,0.157862,-8.93547,3.3348,-1.6175,-0.74207,-0.0846042,0.163751,-8.952,3.33984,-1.61867,-0.729953,-0.0787143
tones_pepper_plastic_container_4,0.151426,-10.0505,2.66166,-1.24834,-0.364711,-0.100114,0.177434,-10.2493,2.77497,-1.33282,-0.423132,-0.0984666,0.0966374,-9.94816,2.9651,-1.4222,-0.518322,-0.102395,0.139177,-9.31686,3.23737,-1.56279,-0.693298,-0.0988672,0.124601,-8.6777,3.32672,-1.6075,-0.74634,-0.0936488,0.11515,-8.81413,3.35809,-1.63459,-0.746283,-0.0933513,0.105641,-8.8032,3.3671,-1.62251,-0.758691,-0.0882624,0.122012,-8.81918,3.37454,-1.63606,-0.749413,-0.0926078,0.128471,-8.78754,3.36465,-1.62981,-0.753314,-0.0987376,0.128101,-8.79977,3.37318,-1.62923,-0.746418,-0.101055
tones_pepper_plastic_container_5,0.170456,-10.0901,2.65824,-1.25827,-0.359846,-0.0948733,0.210966,-10.2379,2.74648,-1.32989,-0.398846,-0.10923,0.141123,-9.88658,2.93374,-1.40665,-0.496015,-0.107938,0.152788,-9.51898,3.23219,-1.56849,-0.670135,-0.0938796,0.145671,-8.80609,3.31809,-1.60762,-0.726835,-0.0690955,0.156003,-8.91642,3.36688,-1.63656,-0.743039,-0.0853167,0.144789,-8.90777,3.3613,-1.62973,-0.744826,-0.0940142,0.154474,-8.93288,3.3627,-1.63782,-0.738741,-0.0859899,0.160964,-8.91707,3.36285,-1.6286,-0.751734,-0.0900865,0.160804,-8.92305,3.35043,-1.63642,-0.738304,-0.0889543
small_heb_cola_can_1,0.193359,-9.9256,2.62258,-1.15995,-0.334815,-0.0928503,0.179042,-10.0631,2.77377,-1.26813,-0.404349,-0.0978063,0.193901,-9.55825,3.00742,-1.41087,-0.517595,-0.0830036,0.156461,-8.91387,3.23748,-1.48666,-0.661632,-0.0826607,0.185375,-8.69085,3.32213,-1.51483,-0.691329,-0.0800017,0.184028,-8.65103,3.32512,-1.5153,-0.687916,-0.0739393,0.192551,-8.67894,3.33484,-1.519,-0.69171,-0.0833014,0.200469,-8.67292,3.33667,-1.51953,-0.690648,-0.0825502,0.19403,-8.66942,3.34092,-1.51834,-0.687205,-0.0765227,0.179515,-8.66183,3.3169,-1.52593,-0.683796,-0.0750769
small_heb_cola_can_2,0.143058,-9.86039,2.63556,-1.17184,-0.338053,-0.102553,0.206045,-10.0931,2.69773,-1.24953,-0.383433,-0.0865996,0.105809,-9.71972,2.98572,-1.38485,-0.520675,-0.0948263,0.130682,-9.16657,3.13937,-1.48114,-0.608538,-0.132288,0.113919,-8.5999,3.25355,-1.50137,-0.669117,-0.114295,0.114688,-8.73928,3.29976,-1.53435,-0.684864,-0.0971417,0.105437,-8.73557,3.30029,-1.52959,-0.68589,-0.101376,0.107325,-8.73572,3.29036,-1.52529,-0.690378,-0.0928413,0.115588,-8.73299,3.29305,-1.53974,-0.692569,-0.10287,0.113915,-8.74106,3.31022,-1.53109,-0.686046,-0.100439
small_heb_cola_can_3,0.172772,-9.87302,2.64085,-1.16656,-0.33773,-0.0953534,0.242604,-10.0171,2.71775,-1.23747,-0.392103,-0.0827207,0.191873,-9.82022,2.92526,-1.32934,-0.471384,-0.0748857,0.151311,-9.21601,3.16826,-1.48171,-0.615772,-0.0816432,0.181881,-8.64199,3.23306,-1.47695,-0.657455,-0.0781446,0.155509,-8.79099,3.31053,-1.51016,-0.679929,-0.0872073,0.159539,-8.79918,3.31522,-1.51572,-0.679093,-0.0876908,0.163555,-8.78908,3.30694,-1.51693,-0.680397,-0.078123,0.156688,-8.78386,3.29265,-1.51151,-0.681721,-0.0835575,0.163759,-8.79386,3.31205,-1.51597,-0.682231,-0.0845498
small_heb_cola_can_4,0.159887,-9.88941,2.62659,-1.17665,-0.343374,-0.0962569,0.155661,-10.0769,2.72095,-1.27502,-0.369236,-0.0999561,0.176192,-9.85691,2.94548,-1.37057,-0.512097,-0.0933248,0.11433,-9.33241,3.14488,-1.43637,-0.591504,-0.0548363,0.116695,-8.86482,3.29451,-1.51751,-0.680706,-0.0926428,0.112818,-8.84174,3.28297,-1.51638,-0.680922,-0.0908033,0.125267,-8.86986,3.2932,-1.5152,-0.683275,-0.0934447,0.121459,-8.88036,3.27282,-1.52019,-0.679852,-0.0915045,0.118489,-8.86901,3.29652,-1.51845,-0.67743,-0.0876294,0.12713,-8.87739,3.28037,-1.52126,-0.673609,-0.0902194
small_heb_cola_can_5,0.162901,-9.90871,2.63516,-1.17562,-0.338325,-0.0956203,0.212328,-10.1632,2.70299,-1.24397,-0.387806,-0.10602,0.117658,-9.78229,2.95896,-1.39023,-0.522815,-0.111334,0.213461,-9.32963,3.14495,-1.47155,-0.607382,-0.091054,0.126834,-8.72134,3.26756,-1.50883,-0.681201,-0.0926465,0.149023,-8.88345,3.32225,-1.53496,-0.681547,-0.0858689,0.135092,-8.85167,3.30693,-1.52594,-0.686727,-0.0859647,0.157359,-8.84189,3.29298,-1.5262,-0.682809,-0.0933733,0.160047,-8.84665,3.31222,-1.52139,-0.685185,-0.0853702,0.150589,-8.85215,3.29406,-1.52177,-0.679275,-0.088011
orange_plastic_ball_1,0.195081,-9.98827,2.64504,-1.18779,-0.335743,-0.0809848,0.253962,-10.1089,2.74957,-1.27487,-0.372916,-0.0992164,0.174799,-9.82917,2.93982,-1.35048,-0.507379,-0.0933962,0.186782,-9.32739,3.21322,-1.51151,-0.637396,-0.117325,0.2084,-8.65895,3.31474,-1.53716,-0.694848,-0.0737693,0.189574,-8.71707,3.34262,-1.55589,-0.70986,-0.0751902,0.179818,-8.73284,3.34085,-1.55328,-0.707072,-0.0810558,0.179005,-8.71772,3.34135,-1.55161,-0.706709,-0.0775715,0.185901,-8.73405,3.35715,-1.54831,-0.704531,-0.0748516,0.180604,-8.71807,3.35215,-1.55788,-0.709116,-0.0714245
orange_plastic_ball_2,0.141297,-9.93344,2.64783,-1.20052,-0.343547,-0.0996291,0.126008,-9.98661,2.726,-1.27578,-0.382789,-0.127662,0.13737,-9.69695,2.91606,-1.42032,-0.499933,-0.0890923,0.139009,-9.25917,3.16079,-1.50037,-0.624478,-0.0866441,0.116813,-8.69295,3.27009,-1.54258,-0.689697,-0.0991966,0.0973005,-8.84995,3.32406,-1.56554,-0.698034,-0.0886106,0.125582,-8.83994,3.31624,-1.56878,-0.705376,-0.0931844,0.124443,-8.82621,3.32673,-1.56169,-0.698514,-0.0970017,0.122306,-8.83078,3.32432,-1.55924,-0.694077,-0.0886325,0.132149,-8.8386,3.30073,-1.55738,-0.704,-0.098869
orange_plastic_ball_3,0.193943,-9.94265,2.63771,-1.19281,-0.342419,-0.0804088,0.228078,-10.1662,2.7736,-1.27891,-0.379424,-0.108565,0.233994,-9.74691,2.95383,-1.39122,-0.492171,-0.0755531,0.194375,-9.34301,3.18989,-1.51592,-0.601363,-0.0830561,0.158828,-8.76216,3.3072,-1.56134,-0.71256,-0.0825968,0.174003,-8.85324,3.3279,-1.55709,-0.702242,-0.0820273,0.166009,-8.84123,3.32799,-1.55619,-0.699577,-0.0885367,0.17418,-8.82813,3.32982,-1.55166,-0.699038,-0.0832492,0.167858,-8.81172,3.33433,-1.55291,-0.696083,-0.0893704,0.160748,-8.81075,3.32301,-1.55626,-0.698402,-0.0831934
orange_plastic_ball_4,0.163134,-9.95379,2.63883,-1.20091,-0.347388,-0.101603,0.150573,-9.98199,2.71162,-1.28429,-0.387149,-0.113868,0.18631,-9.73173,2.95332,-1.40974,-0.510659,-0.114056,0.152896,-9.18663,3.19201,-1.49204,-0.647007,-0.076868,0.127741,-8.61509,3.2982,-1.54315,-0.70475,-0.0920612,0.129825,-8.7447,3.3432,-1.56741,-0.711096,-0.0906316,0.126209,-8.76976,3.32795,-1.55909,-0.714412,-0.0816619,0.123443,-8.76953,3.34682,-1.56819,-0.716316,-0.0925063,0.128108,-8.75696,3.3114,-1.56723,-0.715508,-0.0907682,0.135685,-8.72752,3.32029,-1.56341,-0.706919,-0.0961539
orange_plastic_ball_5,0.173736,-10.0318,2.64295,-1.20252,-0.339468,-0.0825419,0.204249,-10.2006,2.75035,-1.26105,-0.38117,-0.104564,0.175774,-9.88069,2.95222,-1.41036,-0.484723,-0.0759591,0.127959,-9.29741,3.26891,-1.53052,-0.644501,-0.138228,0.147443,-8.61643,3.30275,-1.55452,-0.703028,-0.0967252,0.157911,-8.73424,3.33538,-1.57956,-0.71407,-0.0893228,0.161328,-8.74194,3.34894,-1.56638,-0.714709,-0.0851608,0.160875,-8.74542,3.33991,-1.57566,-0.714281,-0.0796065,0.147957,-8.73692,3.34406,-1.56844,-0.716703,-0.0884446,0.153844,-8.71868,3.35216,-1.57374,-0.720443,-0.0850675
white_styrofoam_square_block_1,0.204244,-9.93016,2.64075,-1.15976,-0.330289,-0.0824865,0.200853,-10.1767,2.72888,-1.24784,-0.361707,-0.105333,0.224382,-9.81095,2.95128,-1.3669,-0.499197,-0.115945,0.150394,-9.21595,3.20685,-1.49293,-0.634823,-0.0990243,0.206382,-8.60558,3.27686,-1.49407,-0.669326,-0.0749009,0.188935,-8.73622,3.29833,-1.52095,-0.681294,-0.0733985,0.180956,-8.75015,3.32191,-1.52983,-0.683241,-0.0709652,0.194133,-8.73453,3.33264,-1.52803,-0.689011,-0.0811224,0.196696,-8.75477,3.34205,-1.52199,-0.688366,-0.0719459,0.181628,-8.74782,3.32661,-1.52594,-0.68223,-0.0775488
white_styrofoam_square_block_2,0.143813,-9.89004,2.62195,-1.17791,-0.344118,-0.0976845,0.157313,-10.1022,2.72272,-1.2782,-0.375691,-0.0958635,0.158404,-9.64847,2.91476,-1.36092,-0.476202,-0.105319,0.145344,-9.28803,3.1708,-1.49429,-0.621028,-0.10227,0.12207,-8.6662,3.31721,-1.5441,-0.693153,-0.0841688,0.131954,-8.78318,3.30428,-1.53985,-0.688913,-0.0855342,0.126098,-8.7521,3.29786,-1.53379,-0.685122,-0.0965021,0.111,-8.74196,3.31173,-1.53977,-0.689689,-0.0906659,0.143399,-8.77039,3.30059,-1.53385,-0.689711,-0.0887418,0.109838,-8.76981,3.31326,-1.53765,-0.675105,-0.100976
white_styrofoam_square_block_3,0.202029,-9.89167,2.63551,-1.16574,-0.346367,-0.0934022,0.233578,-10.0679,2.72851,-1.25417,-0.376876,-0.106544,0.151971,-9.80879,2.96133,-1.41814,-0.510981,-0.0795917,0.193258,-9.32135,3.19983,-1.4588,-0.611592,-0.0930975,0.17677,-8.69638,3.29904,-1.51236,-0.682197,-0.0739072,0.158005,-8.81244,3.30176,-1.52428,-0.683976,-0.0823372,0.155257,-8.81445,3.28599,-1.52372,-0.674435,-0.0836891,0.169194,-8.80537,3.30361,-1.52373,-0.684084,-0.0829612,0.183878,-8.80397,3.30556,-1.52272,-0.686155,-0.0811388,0.15623,-8.8112,3.28897,-1.53383,-0.679049,-0.0831782
white_styrofoam_square_block_4,0.149806,-9.91214,2.63,-1.17582,-0.346116,-0.0999479,0.119066,-10.0991,2.73712,-1.26958,-0.383247,-0.137166,0.137856,-9.62529,2.93973,-1.32046,-0.494351,-0.121843,0.128635,-9.30168,3.18645,-1.47281,-0.641938,-0.112763,0.125426,-8.66671,3.29935,-1.5166,-0.687702,-0.0879881,0.143421,-8.78045,3.31462,-1.52354,-0.689882,-0.0976955,0.13254,-8.79354,3.32112,-1.53508,-0.696119,-0.0948248,0.125519,-8.7878,3.30912,-1.53297,-0.689443,-0.0911129,0.129481,-8.77906,3.31261,-1.53675,-0.690408,-0.0920266,0.133081,-8.7713,3.31315,-1.53053,-0.682622,-0.0984108
white_styrofoam_square_block_5,0.180019,-9.92436,2.65043,-1.18765,-0.348846,-0.0922595,0.198024,-10.1108,2.71699,-1.25818,-0.369674,-0.0758647,0.174497,-9.64573,2.93705,-1.34295,-0.48575,-0.0955129,0.162301,-9.09885,3.21749,-1.49476,-0.638598,-0.0908619,0.169033,-8.54707,3.3221,-1.51738,-0.692214,-0.0969567,0.163308,-8.68276,3.33968,-1.54561,-0.692098,-0.084917,0.146315,-8.72466,3.35226,-1.55607,-0.701992,-0.0878841,0.182219,-8.66461,3.31679,-1.53867,-0.704952,-0.0844685,0.160503,-8.68669,3.32975,-1.54681,-0.698869,-0.0901618,0.167122,-8.67168,3.33719,-1.54286,-0.710132,-0.0880465
yogurt_container_with_beans_1,0.239205,-11.3574,2.96184,-1.96256,-0.530686,-0.0743777,0.25186,-11.4943,3.1015,-2.07557,-0.611599,-0.0803879,0.19432,-11.1526,3.35636,-2.28299,-0.863448,-0.0813652,0.190966,-10.602,3.67215,-2.42935,-1.10733,-0.0751489,0.215719,-9.89559,3.77558,-2.47003,-1.19958,-0.0658078,0.212475,-10.0432,3.84803,-2.50522,-1.22867,-0.0613895,0.195665,-10.0238,3.83987,-2.5086,-1.23153,-0.0562013,0.223159,-10.024,3.84474,-2.50674,-1.23037,-0.0725445,0.204519,-10.0265,3.82806,-2.51204,-1.23474,-0.0634541,0.209,-10.0373,3.83839,-2.50367,-1.23207,-0.0689021
yogurt_container_with_beans_2,0.164786,-11.3187,2.94496,-1.97483,-0.53985,-0.0818352,0.160691,-11.5176,3.10528,-2.11585,-0.637299,-0.0736746,0.135528,-11.1904,3.33101,-2.25114,-0.850178,-0.0873205,0.132813,-10.6508,3.6269,-2.4196,-1.09636,-0.0914721,0.137177,-9.92092,3.76549,-2.47813,-1.1904,-0.0653547,0.149952,-10.0971,3.81724,-2.52533,-1.22221,-0.0841201,0.142165,-10.0705,3.80262,-2.51777,-1.21756,-0.0788143,0.13655,-10.0782,3.82168,-2.5265,-1.21909,-0.0895917,0.149565,-10.0785,3.80207,-2.51846,-1.2245,-0.0867107,0.151184,-10.0766,3.82516,-2.51774,-1.22436,-0.0812456
yogurt_container_with_beans_3,0.202635,-11.3778,2.95263,-2.00329,-0.537944,-0.0685623,0.251166,-11.4939,3.04351,-2.1124,-0.624934,-0.0721296,0.145758,-11.1914,3.3331,-2.26402,-0.870167,-0.0729891,0.184837,-10.6158,3.64297,-2.46121,-1.10314,-0.0550067,0.186115,-9.95859,3.76164,-2.50524,-1.21167,-0.0628055,0.181904,-10.1475,3.78973,-2.55098,-1.23873,-0.0670405,0.176969,-10.1528,3.81729,-2.54644,-1.22874,-0.0661045,0.19052,-10.1223,3.81604,-2.54718,-1.23768,-0.0703953,0.179829,-10.1235,3.81262,-2.54723,-1.2309,-0.0690244,0.175765,-10.1362,3.80058,-2.55518,-1.22968,-0.0697584
yogurt_container_with_beans_4,0.161747,-11.3857,2.94201,-1.99372,-0.548322,-0.0776469,0.151881,-11.5651,3.10933,-2.15455,-0.666363,-0.0667225,0.15838,-11.2836,3.34515,-2.2842,-0.847056,-0.0876359,0.121473,-10.8297,3.60325,-2.4088,-1.03045,-0.0564769,0.149096,-10.1799,3.71719,-2.47165,-1.1899,-0.0607511,0.139318,-10.3019,3.77252,-2.50993,-1.21379,-0.071933,0.140157,-10.281,3.77943,-2.50622,-1.21555,-0.0728092,0.143628,-10.3045,3.78754,-2.50297,-1.21876,-0.0741892,0.141374,-10.294,3.76953,-2.51236,-1.21334,-0.0739322,0.143692,-10.2998,3.78267,-2.50783,-1.21857,-0.0731535
yogurt_container_with_beans_5,0.18067,-11.4254,2.9641,-1.98969,-0.534313,-0.0649338,0.210111,-11.5559,3.13049,-2.13523,-0.669876,-0.0535332,0.1416,-11.2,3.43689,-2.32097,-0.902593,-0.0445363,0.177221,-10.3522,3.68373,-2.45033,-1.12766,-0.0836784,0.171514,-10.3347,3.79684,-2.51939,-1.20911,-0.0629032,0.169843,-10.3224,3.77672,-2.50845,-1.206,-0.0635658,0.168005,-10.3336,3.78892,-2.51185,-1.20438,-0.0655495,0.185559,-10.3178,3.80119,-2.50948,-1.20812,-0.0634027,0.177218,-10.3163,3.80078,-2.51238,-1.20475,-0.0608943,0.176023,-10.3194,3.80176,-2.50378,-1.20511,-0.0628219
red_water_bottle_1,0.239086,-12.0442,3.15599,-2.27632,-0.600469,-0.0648527,0.225892,-12.17,3.26112,-2.43862,-0.692858,-0.0852863,0.231382,-11.8464,3.56957,-2.60822,-0.958013,-0.0626437,0.189582,-11.3992,3.92096,-2.79603,-1.25324,-0.0834405,0.223486,-10.7128,4.01887,-2.84565,-1.39374,-0.0606601,0.209784,-10.8737,4.06723,-2.88154,-1.39834,-0.0537706,0.214856,-10.8766,4.07739,-2.87956,-1.40606,-0.0549917,0.221363,-10.8812,4.08042,-2.87503,-1.40129,-0.0568092,0.202475,-10.8717,4.06368,-2.87798,-1.39721,-0.0547759,0.207478,-10.8724,4.06633,-2.87591,-1.39807,-0.051729
red_water_bottle_2,0.161479,-12.0265,3.13291,-2.27733,-0.60513,-0.092146,0.149423,-12.1769,3.29733,-2.42511,-0.732591,-0.0886611,0.145319,-11.9349,3.56878,-2.61425,-1.00151,-0.108783,0.09591,-11.2795,3.88145,-2.81059,-1.27095,-0.0594982,0.167615,-10.5741,4.00975,-2.86424,-1.40001,-0.0785518,0.152762,-10.7496,4.06361,-2.89413,-1.41141,-0.0820093,0.145454,-10.7617,4.05414,-2.89925,-1.41245,-0.0790506,0.148315,-10.7445,4.06824,-2.8964,-1.41974,-0.0760327,0.158774,-10.747,4.07581,-2.90306,-1.41349,-0.0862525,0.154571,-10.758,4.07003,-2.89622,-1.41621,-0.0768915
red_water_bottle_3,0.187738,-12.1046,3.1743,-2.2777,-0.582984,-0.0302698,0.203496,-12.1432,3.3026,-2.42022,-0.692218,-0.0164405,0.16323,-11.9541,3.64727,-2.64557,-0.986937,-0.0684528,0.203059,-11.4195,3.91091,-2.79131,-1.22293,-0.0105412,0.210799,-10.7485,4.08663,-2.85198,-1.36981,-0.0342674,0.169933,-10.8421,4.09313,-2.89875,-1.39247,-0.0250709,0.191151,-10.8359,4.11682,-2.8984,-1.39278,-0.0375045,0.176643,-10.8317,4.11315,-2.89886,-1.39333,-0.0353787,0.184585,-10.8472,4.10381,-2.90245,-1.38783,-0.0341098,0.180688,-10.8406,4.09565,-2.89528,-1.38964,-0.0307725
red_water_bottle_4,0.151933,-12.1213,3.20091,-2.27723,-0.595585,-0.0483209,0.169174,-12.2825,3.29057,-2.4321,-0.698054,-0.0758071,0.155956,-12.064,3.62363,-2.60184,-0.947697,-0.0130485,0.154151,-11.5337,3.91401,-2.80644,-1.20329,-0.0407117,0.179102,-10.8601,4.03666,-2.82261,-1.35549,-0.0484079,0.158518,-11.0124,4.08348,-2.87895,-1.3721,-0.0385034,0.152628,-11.008,4.06703,-2.8667,-1.37876,-0.0376123,0.15242,-11.0151,4.07386,-2.86441,-1.37514,-0.0403386,0.15259,-11.0183,4.05352,-2.87276,-1.37406,-0.0382064,0.134927,-11.0236,4.08223,-2.86904,-1.37836,-0.0431366
red_water_bottle_5,0.188226,-12.1392,3.15884,-2.28636,-0.608567,-0.0714839,0.185606,-12.1896,3.28885,-2.43735,-0.69737,-0.0636724,0.186116,-11.9364,3.59733,-2.61689,-0.981906,-0.0806093,0.175929,-11.3889,3.87872,-2.79564,-1.23839,-0.0526424,0.203853,-10.7595,4.05126,-2.85059,-1.38734,-0.0514229,0.161232,-10.9172,4.09133,-2.8962,-1.40472,-0.0628017,0.189804,-10.9003,4.0661,-2.89769,-1.40869,-0.0696349,0.179506,-10.8944,4.0944,-2.89769,-1.40729,-0.0596678,0.179743,-10.893,4.07666,-2.89104,-1.40595,-0.065317,0.178337,-10.8977,4.08216,-2.89484,-1.40153,-0.0617807
butter_container_with_coffee_1,0.226379,-10.6242,2.78245,-1.56046,-0.426124,-0.0774837,0.275571,-10.7059,2.89427,-1.64664,-0.490172,-0.087336,0.225875,-10.4518,3.12438,-1.80322,-0.674284,-0.0908582,0.21485,-9.92387,3.37871,-1.91767,-0.84381,-0.0791117,0.21461,-9.34553,3.52461,-1.9922,-0.944462,-0.0828849,0.218997,-9.46836,3.55526,-2.01246,-0.944065,-0.0752871,0.204409,-9.44865,3.54407,-2.00998,-0.944055,-0.0731303,0.213055,-9.4446,3.56174,-2.01654,-0.955515,-0.07104,0.232754,-9.46577,3.5559,-2.00977,-0.94769,-0.0757568,0.201852,-9.49004,3.56201,-2.00634,-0.945536,-0.0741864
butter_container_with_coffee_2,0.174136,-10.6198,2.79866,-1.57963,-0.44431,-0.0927329,0.16023,-10.6155,2.77787,-1.59618,-0.434806,-0.0881437,0.168732,-10.603,2.80851,-1.5691,-0.438494,-0.0962393,0.195404,-11.1699,2.94142,-1.70819,-0.480599,-0.0655946,0.0904303,-10.7503,2.88041,-1.65817,-0.513792,-0.169188,0.123382,-10.7164,2.92073,-1.72986,-0.501557,-0.121697,0.116024,-10.607,3.05606,-1.77733,-0.626714,-0.106719,0.164727,-10.5451,3.14581,-1.79067,-0.688686,-0.112477,0.23322,-10.3538,3.2629,-1.79223,-0.769141,-0.0784725,0.165896,-10.1532,3.38011,-1.95164,-0.805247,-0.105381
butter_container_with_coffee_3,0.188061,-10.6682,2.7832,-1.58199,-0.43748,-0.0713555,0.217193,-10.8359,2.89025,-1.71347,-0.499261,-0.0804997,0.170148,-10.3207,3.21092,-1.83986,-0.712631,-0.0681573,0.169174,-9.74344,3.41852,-1.95179,-0.885516,-0.0995813,0.176672,-9.55952,3.53083,-2.02957,-0.958163,-0.0672145,0.17196,-9.52985,3.52515,-2.01028,-0.950065,-0.0653646,0.176904,-9.53449,3.52487,-2.02734,-0.947486,-0.0612651,0.166816,-9.54813,3.52113,-2.02721,-0.950593,-0.0740384,0.166782,-9.52893,3.51789,-2.0237,-0.959805,-0.0632887,0.168282,-9.53667,3.51751,-2.0255,-0.955437,-0.0662771
butter_container_with_coffee_4,0.18094,-10.671,2.78578,-1.57716,-0.439717,-0.0801448,0.200532,-10.8054,2.91956,-1.6721,-0.511987,-0.0572372,0.185323,-10.4256,3.1187,-1.79661,-0.659611,-0.101535,0.150217,-10.0315,3.42313,-1.94807,-0.843533,-0.100282,0.147304,-9.46567,3.5548,-2.00283,-0.954741,-0.080721,0.143168,-9.55522,3.54701,-2.00971,-0.945486,-0.0758233,0.149619,-9.552,3.55342,-2.0222,-0.946574,-0.0738967,0.151955,-9.56184,3.54028,-2.01395,-0.93558,-0.0782635,0.159242,-9.55768,3.55534,-2.01238,-0.942821,-0.0708684,0.149056,-9.5552,3.55947,-2.01901,-0.939243,-0.0748158
butter_container_with_coffee_5,0.185488,-10.7067,2.80134,-1.58437,-0.43627,-0.0788147,0.195073,-10.9086,2.90121,-1.69284,-0.495759,-0.0637701,0.189459,-10.4699,3.12089,-1.83618,-0.682271,-0.102648,0.199676,-9.99824,3.39168,-1.95007,-0.853644,-0.0695608,0.178934,-9.48161,3.51701,-2.0026,-0.945514,-0.0770502,0.162809,-9.59655,3.54153,-2.0392,-0.959606,-0.08033,0.164637,-9.54664,3.53996,-2.03462,-0.951994,-0.0749226,0.195055,-9.57937,3.54599,-2.0343,-0.954697,-0.0700393,0.169952,-9.56673,3.55218,-2.03261,-0.958182,-0.0760493,0.167937,-9.5738,3.55023,-2.0341,-0.961116,-0.073809
