diced_tomatoes_can_full_1,0.163382,-8.147,1.35884,-0.377828,0.431477,-0.0862335,0.129745,-8.13336,1.36312,-0.37678,0.441753,-0.0916483,0.147915,-7.9901,1.3041,-0.360988,0.44061,-0.0729051,0.347077,-8.05162,1.32128,-0.39259,0.436893,-0.0548057,0.214546,-8.09284,1.36561,-0.367671,0.470069,0.028895,0.142599,-7.77064,1.30156,-0.340436,0.328054,0.102162,0.174919,-7.81527,1.33825,-0.34305,0.352076,0.0962148,0.19711,-7.80544,1.32464,-0.349245,0.353816,0.104287,0.191357,-7.8016,1.30899,-0.347655,0.352129,0.102209,0.213418,-7.80014,1.31484,-0.347164,0.349585,0.0959995
diced_tomatoes_can_full_2,0.0815291,-8.27769,1.40893,-0.402919,0.421385,-0.107453,0.175543,-7.9904,1.33572,-0.352951,0.401874,0.0127162,0.15302,-7.8253,1.29656,-0.336109,0.343941,0.0781651,0.177061,-7.8214,1.30392,-0.335654,0.346358,0.0769198,0.160982,-7.83725,1.30528,-0.334615,0.352897,0.0717102,0.0763477,-10.2956,1.99229,-0.824612,0.604735,-0.080189,-0.00490885,-11.1091,2.61252,-1.82631,-0.356567,-0.161926,0.00207614,-11.2884,3.00172,-2.00418,-0.564103,-0.130502,0.00290854,-11.2834,3.00009,-1.99966,-0.556126,-0.118123,0.00964612,-11.2789,2.99527,-1.99923,-0.562412,-0.114471
diced_tomatoes_can_full_3,0.0719983,-8.24372,1.41362,-0.371448,0.414903,-0.11209,0.0807435,-8.20415,1.3933,-0.379791,0.423852,-0.105831,0.155178,-8.36567,1.43729,-0.368416,0.431278,-0.105157,0.204406,-8.00807,1.34872,-0.346121,0.439031,-0.0497193,0.320494,-7.97164,1.41736,-0.382474,0.419113,-0.0163343,0.333067,-7.89852,1.45715,-0.440021,0.330462,0.0698773,0.334062,-7.86425,1.44323,-0.419484,0.327768,0.0685139,0.336142,-7.84598,1.39589,-0.412816,0.345645,0.0636573,0.335334,-7.84983,1.41105,-0.413268,0.343388,0.0612609,0.332699,-7.85615,1.4261,-0.415985,0.345392,0.0660173
diced_tomatoes_can_full_4,0.0361446,-8.29148,1.40892,-0.386537,0.426057,-0.109258,0.101721,-8.27156,1.42073,-0.38829,0.41974,-0.107756,0.0928827,-8.03675,1.33611,-0.345691,0.411973,-0.109468,0.217537,-8.28547,1.41886,-0.45009,0.393176,-0.0945699,0.240156,-8.22102,1.34926,-0.333724,0.481109,-0.0565382,0.235288,-8.0002,1.43148,-0.416754,0.308905,0.0752972,0.227364,-7.88361,1.3368,-0.341149,0.327189,0.0868863,0.244837,-7.88153,1.33551,-0.345583,0.332188,0.0803606,0.235802,-7.87638,1.35542,-0.355138,0.330195,0.0853263,0.245818,-7.87842,1.34516,-0.34392,0.329212,0.0694123
diced_tomatoes_can_full_5,0.0989222,-8.20643,1.39018,-0.390367,0.421744,-0.106594,0.0732222,-8.18863,1.3771,-0.384756,0.41559,-0.107014,0.0736625,-7.75794,1.23031,-0.320441,0.40723,-0.0964043,-0.0196047,-7.87296,1.21282,-0.248949,0.467342,-0.0968728,0.196085,-8.08405,1.35072,-0.332532,0.4458,-0.0138959,0.177478,-7.68456,1.28247,-0.334665,0.299412,0.0839202,0.226725,-7.64404,1.23993,-0.30531,0.338837,0.0784078,0.237009,-7.67899,1.23323,-0.302639,0.324148,0.081799,0.22712,-7.67772,1.22351,-0.30252,0.330801,0.0824716,0.204026,-7.69881,1.25247,-0.307862,0.337312,0.0811475
small_orange_bug_repellent_1,0.199095,-8.22267,1.3764,-0.367527,0.450516,-0.0667647,0.197734,-7.9916,1.30648,-0.348746,0.38306,-0.0466566,0.191231,-7.84952,1.26435,-0.329015,0.334367,-0.0247842,0.181222,-7.85651,1.26241,-0.333518,0.332604,-0.0248934,0.186013,-7.85604,1.25887,-0.339643,0.33537,-0.0220066,0.214938,-9.53618,1.75237,-0.697525,0.378286,-0.0710246,0.160988,-9.9335,2.43302,-1.31928,-0.296855,-0.0844037,0.172703,-10.143,2.72569,-1.40891,-0.394619,-0.0821186,0.170397,-10.1636,2.7361,-1.40952,-0.395971,-0.0844895,0.178978,-10.1447,2.74782,-1.40974,-0.394609,-0.0853914
small_orange_bug_repellent_2,0.0331331,-8.18581,1.4016,-0.386144,0.414853,-0.105849,0.0637507,-8.13688,1.38852,-0.376994,0.421876,-0.102009,0.109508,-8.22348,1.41924,-0.370999,0.432795,-0.104174,0.0851566,-8.08228,1.36529,-0.356461,0.436381,-0.108747,0.158071,-8.0122,1.35052,-0.404526,0.337229,-0.0691575,0.231479,-7.72203,1.23356,-0.406167,0.235047,-0.0524431,0.230906,-7.73783,1.26371,-0.394978,0.263257,-0.0500571,0.220682,-7.75188,1.24205,-0.395535,0.257505,-0.049009,0.197353,-7.74174,1.28442,-0.39615,0.260462,-0.0458134,0.214735,-7.75871,1.27562,-0.387642,0.266542,-0.0533645
small_orange_bug_repellent_3,0.0488715,-8.27023,1.39917,-0.371576,0.408403,-0.108345,0.0718351,-8.24905,1.3989,-0.370439,0.405758,-0.101359,0.0946549,-8.11609,1.34933,-0.347395,0.412595,-0.0907146,0.0500817,-8.12686,1.3278,-0.330472,0.438349,-0.0982801,0.0436605,-8.0189,1.27747,-0.29368,0.398033,-0.0807051,0.110212,-7.99611,1.28089,-0.323271,0.3835,-0.0736103,0.145916,-8.00124,1.28731,-0.333171,0.38175,-0.0660398,0.142812,-8.01348,1.30603,-0.33327,0.375399,-0.0615927,0.119102,-8.00743,1.30475,-0.330155,0.375615,-0.067026,0.130576,-7.99321,1.30273,-0.327363,0.381235,-0.0827826
small_orange_bug_repellent_4,0.0499802,-8.04315,1.3112,-0.350884,0.426165,-0.0963515,0.0304984,-8.02572,1.2889,-0.352117,0.419576,-0.110749,0.00843326,-7.69046,1.21886,-0.311297,0.4069,-0.110571,0.0610438,-8.01043,1.2641,-0.327006,0.422936,-0.102093,0.00046596,-7.88264,1.20382,-0.28348,0.443503,-0.120592,0.0162637,-7.7019,1.13768,-0.257101,0.410461,-0.0745963,0.0560612,-7.7228,1.14708,-0.280926,0.388953,-0.0715033,0.0817822,-7.80414,1.22259,-0.324113,0.384671,-0.0688524,0.103647,-7.80869,1.20466,-0.30922,0.381447,-0.0696492,0.112425,-7.82751,1.19423,-0.313391,0.397944,-0.0762729
small_orange_bug_repellent_5,0.120321,-8.30169,1.40618,-0.395828,0.42427,-0.102483,0.155086,-8.11512,1.34997,-0.354961,0.424539,-0.0908028,0.133877,-7.9946,1.32656,-0.341347,0.398632,-0.0670879,0.13077,-7.98306,1.32839,-0.342422,0.403838,-0.0677973,0.166142,-8.00665,1.33686,-0.348984,0.410664,-0.0710348,0.00737,-9.78195,1.85436,-0.817596,0.316113,-0.133597,0.0547476,-9.93841,2.46173,-1.30292,-0.333657,-0.11583,0.0278788,-10.0966,2.73366,-1.36893,-0.40926,-0.144402,0.0331801,-10.1019,2.72517,-1.36187,-0.408332,-0.126032,0.0338806,-10.1107,2.72653,-1.36845,-0.412342,-0.119183
heb_coffee_container_1,0.22843,-8.24681,1.4052,-0.38092,0.435696,-0.0717682,0.220668,-8.27361,1.38635,-0.387967,0.437574,-0.0685508,0.330703,-8.30984,1.45354,-0.414475,0.459754,-0.044005,0.309247,-8.12304,1.3656,-0.330648,0.508277,0.00108572,0.359939,-7.877,1.41722,-0.45872,0.265933,0.136912,0.649157,-7.76341,1.43205,-0.564634,0.122055,0.191156,0.645509,-7.65896,1.3542,-0.530714,0.120767,0.188317,0.621394,-7.67345,1.37348,-0.519075,0.117486,0.194854,0.642188,-7.67942,1.3796,-0.514362,0.12168,0.190213,0.621034,-7.68783,1.35746,-0.510347,0.123714,0.183661
heb_coffee_container_2,0.0651416,-8.04962,1.3193,-0.352418,0.441252,-0.0988871,0.255934,-7.6978,1.30719,-0.424338,0.238113,0.0973988,0.360741,-7.35911,1.21514,-0.410368,0.120256,0.148076,0.350018,-7.35398,1.20353,-0.415687,0.121482,0.1517,0.358093,-7.3589,1.22276,-0.413514,0.12608,0.147296,0.15522,-9.32404,1.70059,-0.693861,0.433198,-0.0261207,0.00733055,-10.4235,2.46053,-1.49719,-0.312472,-0.122156,0.0211151,-10.5379,2.82157,-1.63348,-0.47187,-0.126029,0.0349467,-10.5265,2.80617,-1.63549,-0.464297,-0.104057,0.0207698,-10.5316,2.81058,-1.6286,-0.460689,-0.107184
heb_coffee_container_3,0.064363,-8.30111,1.42932,-0.375884,0.427755,-0.11301,0.0386337,-8.31258,1.43903,-0.372747,0.429235,-0.112512,0.026955,-8.08369,1.30203,-0.290598,0.423492,-0.104051,0.170453,-8.19293,1.33,-0.306535,0.468292,-0.0476886,0.221477,-7.81663,1.37563,-0.434347,0.202834,0.1229,0.466933,-7.59476,1.34767,-0.495425,0.0612238,0.168081,0.494235,-7.48883,1.29001,-0.460812,0.0579839,0.173483,0.501069,-7.51151,1.29028,-0.469127,0.0502485,0.181145,0.484243,-7.48682,1.29819,-0.461962,0.0578727,0.171906,0.495144,-7.51808,1.29326,-0.465747,0.0628394,0.179475
heb_coffee_container_4,0.0772391,-8.23108,1.40235,-0.380278,0.419814,-0.103596,0.109332,-8.25206,1.41103,-0.386612,0.422649,-0.107876,-0.158988,-7.70725,1.17932,-0.208082,0.42181,-0.103409,0.151095,-7.92603,1.24145,-0.276613,0.438059,-0.0417755,0.164723,-7.66432,1.35364,-0.424016,0.195426,0.112896,0.449753,-7.4186,1.2824,-0.463259,0.0773975,0.162288,0.427667,-7.23175,1.17564,-0.392198,0.0674777,0.170889,0.389217,-7.28052,1.17559,-0.395683,0.0747991,0.17079,0.403384,-7.25286,1.1646,-0.385291,0.0756965,0.166661,0.38585,-7.28648,1.18074,-0.385729,0.0728601,0.166597
heb_coffee_container_5,-0.0681058,-8.20224,1.37759,-0.318822,0.469571,-0.0962643,-0.141923,-8.18007,1.35683,-0.286521,0.486716,-0.102799,-0.223733,-8.17898,1.33151,-0.253812,0.448129,-0.103148,0.175406,-7.92882,1.25069,-0.27984,0.487265,-0.047153,0.155739,-7.65636,1.30422,-0.36921,0.25699,0.0999756,0.413458,-7.35391,1.24001,-0.461807,0.0637819,0.174085,0.404162,-7.24376,1.14203,-0.393426,0.0553203,0.171477,0.414833,-7.18064,1.14237,-0.39136,0.0632719,0.173397,0.392554,-7.2115,1.14848,-0.39566,0.0612033,0.168916,0.400188,-7.2269,1.15431,-0.391142,0.0581831,0.166263
long_paper_roll_tube_1,0.210707,-8.22527,1.34849,-0.372307,0.442991,-0.0656665,0.197434,-8.16017,1.331,-0.358504,0.440962,-0.0677392,0.243754,-8.20719,1.33655,-0.347773,0.469185,-0.0612597,0.249353,-8.1896,1.36068,-0.368126,0.456192,-0.0659344,0.263457,-7.95289,1.25426,-0.356769,0.369013,-0.0604289,0.251448,-7.94943,1.24252,-0.357706,0.370557,-0.0488505,0.242307,-7.94904,1.24692,-0.355121,0.368609,-0.0490095,0.262289,-7.94469,1.25197,-0.358066,0.360864,-0.0478814,0.234001,-7.92724,1.25478,-0.347679,0.367808,-0.0457327,0.24074,-7.91645,1.23816,-0.352496,0.362487,-0.0539099
long_paper_roll_tube_2,0.0604524,-8.04892,1.29885,-0.348714,0.417054,-0.102262,0.071757,-8.1532,1.35967,-0.381255,0.431235,-0.106941,0.0883657,-8.18177,1.32751,-0.375453,0.424411,-0.0875791,0.0968613,-7.976,1.29037,-0.34761,0.437215,-0.0972834,0.157136,-7.98476,1.30329,-0.380187,0.394003,-0.0942665,0.142739,-7.77587,1.23544,-0.359509,0.319238,-0.101824,0.119875,-7.8147,1.23065,-0.351955,0.318814,-0.0861807,0.0996577,-7.72982,1.1863,-0.351913,0.316695,-0.0796319,0.120625,-7.7143,1.16825,-0.343848,0.339289,-0.0842718,0.0889009,-7.74616,1.2081,-0.34397,0.310816,-0.0859321
long_paper_roll_tube_3,0.135332,-8.17017,1.36894,-0.355472,0.423195,-0.094757,0.144425,-8.08615,1.34029,-0.360671,0.383879,-0.100974,0.192968,-7.86985,1.266,-0.36126,0.287641,-0.0755566,0.192382,-7.87824,1.26213,-0.359722,0.290405,-0.079062,0.18164,-7.86336,1.26941,-0.359904,0.290352,-0.0797525,0.255389,-8.02469,1.31647,-0.369774,0.312658,-0.0760873,0.0723512,-9.45694,1.73381,-0.755599,0.151808,-0.141953,0.0395945,-9.65412,2.43712,-1.12462,-0.315306,-0.0948093,0.0480291,-9.79015,2.61711,-1.17025,-0.348954,-0.11895,0.0674776,-9.79353,2.61542,-1.16546,-0.35344,-0.120857
long_paper_roll_tube_4,0.0875869,-8.19303,1.36411,-0.376427,0.417966,-0.11228,0.0871112,-8.1563,1.37838,-0.371942,0.420873,-0.110998,0.0605343,-7.76219,1.2362,-0.315408,0.404474,-0.0955725,0.155367,-8.29589,1.41264,-0.383414,0.431988,-0.0922575,0.109015,-7.98129,1.29697,-0.339042,0.436858,-0.0898717,0.177284,-7.94905,1.29578,-0.356862,0.378813,-0.0908593,0.200569,-7.79947,1.24364,-0.364937,0.289698,-0.0817675,0.12444,-7.85919,1.23017,-0.352548,0.287359,-0.0746696,0.102807,-7.76069,1.21883,-0.338803,0.298906,-0.0686821,0.0839604,-7.75677,1.19588,-0.327128,0.296336,-0.0743047
long_paper_roll_tube_5,0.127116,-8.14033,1.37065,-0.376102,0.426205,-0.0934224,0.167292,-8.08991,1.32677,-0.371855,0.404153,-0.083889,0.147742,-7.89644,1.27219,-0.361168,0.338006,-0.0792346,0.143208,-7.89317,1.2679,-0.350828,0.341966,-0.0787026,0.142384,-7.8765,1.26333,-0.344931,0.339707,-0.0731704,0.113684,-8.41035,1.41489,-0.404727,0.392756,-0.0807854,0.0480852,-9.59622,1.99561,-0.961997,-0.0799053,-0.116638,0.0715262,-9.63156,2.56923,-1.15872,-0.345103,-0.145571,0.0549551,-9.73541,2.64463,-1.18743,-0.358992,-0.112364,0.0587576,-9.75214,2.63054,-1.18806,-0.353494,-0.117492
pineapple_cup_1,0.194291,-8.38455,1.45084,-0.410011,0.44593,-0.0699133,0.264335,-8.55576,1.50935,-0.416814,0.525425,-0.0449519,0.249938,-8.37775,1.44167,-0.401579,0.479672,-0.0346953,0.27359,-8.36382,1.45504,-0.405653,0.469897,-0.032222,0.2552,-8.35166,1.43325,-0.39758,0.461555,-0.0341422,0.207422,-9.31962,1.68417,-0.584393,0.50804,-0.0615496,0.203166,-10.1663,2.30926,-1.25984,-0.19198,-0.102847,0.197049,-10.3058,2.76769,-1.45459,-0.398802,-0.0820989,0.178597,-10.3141,2.75351,-1.45787,-0.39669,-0.0674233,0.177668,-10.3035,2.76772,-1.4586,-0.396023,-0.0659055
pineapple_cup_2,0.0552029,-8.27153,1.39668,-0.387516,0.435462,-0.105147,0.155385,-8.14583,1.36693,-0.395892,0.421785,-0.0734873,0.232415,-7.57092,1.16778,-0.37468,0.209811,-0.0360634,0.24365,-7.60205,1.18634,-0.386639,0.21257,-0.0384602,0.251284,-7.60419,1.18807,-0.385355,0.219738,-0.032347,0.166659,-8.43268,1.44393,-0.489391,0.379814,-0.0900832,0.0671343,-10.1261,2.05605,-1.13368,-0.0264735,-0.131454,0.0426408,-10.1035,2.68566,-1.43156,-0.422002,-0.132698,0.0348974,-10.2395,2.72799,-1.45573,-0.415173,-0.105541,0.0406955,-10.2296,2.7535,-1.45721,-0.418503,-0.10704
pineapple_cup_3,0.0826034,-8.27061,1.40804,-0.381395,0.414549,-0.0870625,0.0988449,-8.25831,1.42345,-0.381487,0.415055,-0.104774,0.149952,-8.32393,1.42807,-0.397578,0.410284,-0.086509,0.133996,-8.34108,1.43166,-0.358711,0.499851,-0.0944704,0.188658,-8.29406,1.42194,-0.372416,0.478751,-0.0813177,0.222491,-8.27062,1.42805,-0.401295,0.43892,-0.0600849,0.21219,-8.13664,1.39635,-0.375181,0.417741,-0.0536061,0.186121,-8.12724,1.3895,-0.377317,0.405214,-0.0518892,0.201703,-8.1297,1.37998,-0.37699,0.399634,-0.0564504,0.20066,-8.12637,1.38884,-0.386567,0.396186,-0.0550041
pineapple_cup_4,0.113588,-8.33198,1.44174,-0.387558,0.429226,-0.109633,0.0940285,-8.24024,1.4172,-0.372198,0.417133,-0.102682,0.136485,-8.29516,1.44857,-0.418374,0.428183,-0.0876736,0.163239,-8.19959,1.39971,-0.360098,0.470021,-0.0832402,0.292342,-8.14234,1.38125,-0.400352,0.358508,-0.05984,0.252276,-7.97404,1.36459,-0.410273,0.330293,-0.037264,0.196573,-7.85875,1.30224,-0.37884,0.296961,-0.0452225,0.225397,-7.85324,1.31158,-0.387543,0.298305,-0.0390088,0.244128,-7.8617,1.30515,-0.394527,0.299027,-0.03579,0.244603,-7.86889,1.30779,-0.39045,0.298571,-0.0449286
pineapple_cup_5,0.116368,-8.2313,1.35836,-0.376708,0.41671,-0.0937818,0.147087,-8.22128,1.37359,-0.373111,0.428325,-0.10006,0.145201,-8.15542,1.34711,-0.365343,0.424158,-0.0831229,0.119098,-8.42952,1.47603,-0.409231,0.515164,-0.0904755,0.120847,-8.4087,1.44947,-0.429213,0.495059,-0.0823989,0.314771,-7.88694,1.29924,-0.421785,0.292466,-0.0375246,0.266443,-7.82426,1.24867,-0.398852,0.27478,-0.0381039,0.298703,-7.84758,1.2527,-0.403113,0.284764,-0.0391602,0.303809,-7.84199,1.25456,-0.415155,0.285865,-0.0469561,0.303304,-7.86043,1.27007,-0.416321,0.273697,-0.034725
yellow_butter_cooking_spray_1,0.205183,-8.26183,1.35043,-0.363258,0.443639,-0.0772079,0.213249,-8.29144,1.37423,-0.374321,0.445026,-0.0720638,0.21777,-7.95802,1.23482,-0.312076,0.448972,-0.0698849,0.265869,-8.28787,1.34804,-0.376417,0.454803,-0.0696635,0.272552,-7.99041,1.29957,-0.360739,0.375352,-0.0071566,0.341585,-7.82429,1.25385,-0.385336,0.287666,0.0162787,0.252713,-7.83395,1.23639,-0.347892,0.296394,0.0227574,0.214341,-7.86526,1.24697,-0.355642,0.302704,0.0128396,0.187186,-7.86147,1.22588,-0.343843,0.302585,0.0172878,0.204032,-7.84271,1.22641,-0.333787,0.310144,0.0160028
yellow_butter_cooking_spray_2,0.0767298,-8.25655,1.39272,-0.393615,0.426244,-0.115456,0.0945705,-8.29772,1.40832,-0.392684,0.42323,-0.115049,0.102086,-8.24119,1.41332,-0.388544,0.432986,-0.105619,0.183299,-8.60627,1.51555,-0.426842,0.456342,-0.0911539,0.0603448,-8.17037,1.34503,-0.352765,0.437885,-0.095425,-0.0336029,-8.19501,1.32781,-0.332258,0.455085,-0.0708896,0.0792399,-8.12762,1.34191,-0.323079,0.482126,-0.0540569,0.167204,-8.23653,1.38932,-0.38202,0.476498,-0.0479649,0.112187,-8.27046,1.39658,-0.363193,0.481156,-0.0527585,0.122317,-8.27206,1.38989,-0.358766,0.494126,-0.0512746
yellow_butter_cooking_spray_3,0.126643,-8.23104,1.40242,-0.368063,0.413491,-0.0963689,0.146578,-8.12754,1.34141,-0.318484,0.446128,-0.064377,0.150998,-8.14126,1.36578,-0.320142,0.457335,-0.0400047,0.164217,-8.12855,1.3578,-0.316561,0.461706,-0.0436276,0.106564,-8.76437,1.50837,-0.411595,0.547085,-0.0924184,0.108676,-10.4958,2.13329,-1.16785,-0.00871078,-0.110967,0.0741051,-10.3226,2.73015,-1.48845,-0.434598,-0.106303,0.0634254,-10.5017,2.78552,-1.51418,-0.441134,-0.114657,0.0819292,-10.4849,2.8186,-1.51778,-0.441921,-0.114318,0.0871614,-10.4933,2.79511,-1.52152,-0.44197,-0.114137
yellow_butter_cooking_spray_4,0.103947,-8.32849,1.40303,-0.374824,0.425603,-0.103665,0.147164,-8.18748,1.3531,-0.346791,0.460992,-0.0779789,0.141769,-8.32168,1.40612,-0.36158,0.489317,-0.0536912,0.144853,-8.30106,1.39008,-0.349656,0.485118,-0.0491416,0.0764378,-9.22095,1.6385,-0.48735,0.583816,-0.0909419,0.0461659,-10.4354,2.2058,-1.27521,-0.0514593,-0.142612,0.0385716,-10.3592,2.75434,-1.49978,-0.430276,-0.113705,0.0514882,-10.4998,2.80461,-1.51895,-0.437048,-0.113377,0.0516401,-10.5037,2.80248,-1.52257,-0.435272,-0.109744,0.0546673,-10.5008,2.80062,-1.52722,-0.437108,-0.108636
yellow_butter_cooking_spray_5,0.113811,-8.26127,1.3856,-0.382508,0.420159,-0.102845,0.143011,-8.23019,1.37191,-0.37241,0.421695,-0.0920232,0.153734,-8.35854,1.39617,-0.399004,0.425976,-0.0941147,0.205815,-8.64396,1.48739,-0.434938,0.44625,-0.0935173,0.175743,-8.20891,1.36081,-0.376992,0.437776,-0.0905568,0.0708037,-8.10944,1.33506,-0.314375,0.443281,-0.0753258,0.19404,-8.17838,1.30592,-0.328541,0.466474,-0.0573761,0.223692,-8.32433,1.3933,-0.36078,0.489136,-0.040135,0.190417,-8.35292,1.40314,-0.37475,0.487817,-0.0420025,0.211357,-8.35886,1.41792,-0.379665,0.486581,-0.05119
zinc_pill_jar_1,0.225896,-8.30931,1.37961,-0.379436,0.439985,-0.061162,0.21474,-8.32731,1.40821,-0.370486,0.448045,-0.0594762,0.210045,-8.37578,1.41251,-0.381909,0.444075,-0.0594337,0.24191,-8.17473,1.33341,-0.370557,0.453389,-0.0551872,0.253511,-8.14729,1.31286,-0.349752,0.456709,-0.0643783,0.23616,-8.08998,1.32066,-0.367173,0.393501,-0.041994,0.339812,-7.96691,1.30691,-0.411854,0.293564,-0.0358899,0.324881,-7.99423,1.30552,-0.399656,0.31797,-0.0377983,0.310459,-7.99756,1.3079,-0.39628,0.319564,-0.0272221,0.306706,-7.98718,1.30275,-0.405456,0.315691,-0.0440613
zinc_pill_jar_2,0.105189,-8.27316,1.40941,-0.398448,0.429589,-0.0817765,0.144577,-8.29347,1.42872,-0.405672,0.420739,-0.0945023,0.182454,-8.48834,1.50618,-0.409733,0.439284,-0.0903604,0.138706,-8.10646,1.33172,-0.35633,0.441075,-0.0949054,0.158296,-8.04631,1.32251,-0.371776,0.397593,-0.085252,0.196189,-7.88014,1.27084,-0.402969,0.284716,-0.0757925,0.149158,-7.92391,1.30139,-0.392314,0.299715,-0.0685477,0.132041,-7.88271,1.28241,-0.385644,0.298369,-0.0751348,0.157331,-7.86375,1.32323,-0.386784,0.292143,-0.0761759,0.123061,-7.87469,1.28012,-0.383457,0.299431,-0.0790054
zinc_pill_jar_3,0.105922,-8.2918,1.3861,-0.365937,0.422057,-0.106117,0.108732,-8.28108,1.38459,-0.370877,0.417727,-0.101417,0.156288,-8.42627,1.43233,-0.387184,0.434515,-0.0904524,0.150349,-8.10224,1.30434,-0.335274,0.425947,-0.096031,0.153356,-7.99566,1.27525,-0.349036,0.340396,-0.0801463,0.156957,-7.99879,1.26589,-0.339312,0.337121,-0.0728931,0.162224,-7.97622,1.27446,-0.342135,0.34011,-0.0753746,0.151881,-7.98064,1.28669,-0.352189,0.337732,-0.0742123,0.166045,-7.9906,1.28232,-0.34023,0.345573,-0.0736245,0.153107,-8.00209,1.26789,-0.339669,0.336787,-0.0817865
zinc_pill_jar_4,0.0982551,-8.25961,1.39155,-0.383418,0.423328,-0.097999,0.109458,-8.28402,1.39603,-0.383602,0.424772,-0.103325,0.188939,-8.30413,1.39014,-0.370239,0.439551,-0.09064,0.14093,-8.14879,1.34365,-0.359302,0.428087,-0.0926343,0.17339,-8.2288,1.41278,-0.401919,0.393279,-0.0942911,0.236705,-7.97807,1.31698,-0.410707,0.303184,-0.0567676,0.263559,-8.04772,1.34262,-0.421168,0.300484,-0.0677653,0.25932,-7.99924,1.33686,-0.417983,0.30602,-0.0727101,0.238039,-8.01496,1.31206,-0.408098,0.310171,-0.0736838,0.232841,-8.02975,1.34821,-0.413194,0.313479,-0.0702478
zinc_pill_jar_5,0.164851,-8.31204,1.40576,-0.390269,0.425626,-0.0906535,0.1517,-8.3329,1.41176,-0.394325,0.433466,-0.0905455,0.204897,-8.44782,1.45269,-0.418797,0.45452,-0.0725092,0.224362,-8.16862,1.36148,-0.375048,0.438968,-0.0928805,0.136088,-8.10559,1.32585,-0.35447,0.416631,-0.0756104,0.201179,-7.94969,1.3019,-0.404075,0.298251,-0.0736815,0.218887,-7.95114,1.29756,-0.397641,0.311859,-0.0650139,0.208455,-7.9824,1.30728,-0.39865,0.325523,-0.0592956,0.223041,-7.97565,1.31352,-0.397882,0.306683,-0.0566378,0.211664,-7.98181,1.316,-0.393604,0.302247,-0.0642853
Pink_crayon_bank_1,0.222539,-8.39143,1.43362,-0.387394,0.459506,-0.0728189,0.245183,-8.39722,1.46545,-0.39098,0.449908,-0.0641195,0.245667,-8.43449,1.46444,-0.389046,0.456776,-0.0600966,0.260623,-8.44666,1.4296,-0.376224,0.47464,-0.0496066,0.272281,-8.39825,1.4525,-0.389172,0.511409,-0.0212742,0.354593,-7.85262,1.32119,-0.379756,0.306517,0.0350823,0.501841,-7.29819,1.13838,-0.365252,0.108529,0.107295,0.512595,-7.29841,1.12371,-0.343763,0.113091,0.102875,0.497426,-7.30767,1.10903,-0.340842,0.118965,0.114049,0.490703,-7.33346,1.13916,-0.333823,0.1181,0.123546
Pink_crayon_bank_2,0.105646,-8.18604,1.36367,-0.386828,0.429224,-0.0967879,0.106924,-8.20582,1.34988,-0.384885,0.427165,-0.0918161,0.161242,-8.28267,1.38534,-0.382422,0.442475,-0.0887506,0.145514,-8.29236,1.41234,-0.368431,0.526673,-0.0630218,0.143827,-7.85868,1.27886,-0.370579,0.341992,0.0021728,0.27853,-7.21297,1.05005,-0.324899,0.127008,0.0689632,0.280959,-7.20302,1.04259,-0.290217,0.145538,0.0681125,0.285584,-7.19266,1.05043,-0.297148,0.149005,0.0627945,0.266872,-7.22136,1.03972,-0.28376,0.146493,0.066352,0.273346,-7.23265,1.04893,-0.290543,0.153947,0.0641935
Pink_crayon_bank_3,0.148734,-8.25188,1.33535,-0.373156,0.420807,-0.0994931,0.130006,-8.27419,1.35834,-0.388539,0.417911,-0.101928,0.146465,-8.27469,1.33904,-0.353683,0.444927,-0.088393,0.146222,-8.14835,1.33639,-0.331191,0.46643,-0.0523583,0.166689,-7.84146,1.28798,-0.361212,0.308527,0.0119696,0.327835,-7.22412,1.0708,-0.335174,0.0821476,0.0825706,0.259268,-7.18473,1.02819,-0.282051,0.116603,0.0711357,0.29266,-7.19987,1.05315,-0.27969,0.123321,0.0690859,0.27309,-7.19401,1.02765,-0.277713,0.121307,0.0639349,0.270288,-7.2235,1.03346,-0.289495,0.129926,0.0703339
Pink_crayon_bank_4,0.137395,-8.31428,1.41298,-0.40291,0.419971,-0.100453,0.139264,-8.31265,1.42468,-0.391249,0.433607,-0.0929136,0.0923439,-8.28952,1.3979,-0.374865,0.434092,-0.0896824,0.165267,-8.39346,1.41096,-0.354444,0.492684,-0.0641038,0.241725,-7.87113,1.32848,-0.382995,0.284162,0.0116376,0.333407,-7.19632,1.07625,-0.307989,0.0585882,0.0777903,0.329041,-7.22418,1.039,-0.292075,0.0903749,0.0819341,0.319401,-7.20781,1.05604,-0.292712,0.0948881,0.078977,0.341662,-7.22019,1.04541,-0.289819,0.0947672,0.0786891,0.308009,-7.21998,1.0547,-0.29505,0.0946374,0.0859313
Pink_crayon_bank_5,0.131685,-8.27991,1.34648,-0.381748,0.42029,-0.0874107,0.162596,-8.26244,1.36595,-0.385802,0.434318,-0.0894267,0.165307,-8.19826,1.3687,-0.349064,0.45019,-0.0799902,0.187619,-8.16443,1.34654,-0.347621,0.469428,-0.0620798,0.2213,-7.84036,1.24048,-0.347105,0.321132,0.0127569,0.334523,-7.21606,1.06201,-0.33064,0.108191,0.0716741,0.284415,-7.26259,1.05629,-0.299434,0.135325,0.0775091,0.272374,-7.21966,1.04515,-0.286369,0.142332,0.0609236,0.277033,-7.25451,1.04523,-0.293063,0.148785,0.0659002,0.275607,-7.25386,1.07264,-0.294336,0.141772,0.0684518
big_open_metal_jar_1,0.251601,-8.37963,1.42407,-0.390946,0.450539,-0.0688419,0.234665,-8.40407,1.43227,-0.387928,0.440947,-0.0774064,0.245117,-8.29899,1.38084,-0.365327,0.452958,-0.0584134,0.279726,-8.34638,1.38176,-0.373892,0.46083,-0.0334777,0.29046,-8.1033,1.34803,-0.365194,0.366023,-0.00252897,0.380948,-7.18304,1.05488,-0.291376,0.0896493,0.0915281,0.379203,-7.18699,1.00347,-0.25948,0.0954438,0.085337,0.373496,-7.17533,1.01761,-0.261601,0.116634,0.0897622,0.370392,-7.18307,1.01569,-0.258957,0.116009,0.101148,0.382895,-7.22015,1.02225,-0.2683,0.114619,0.0859281
big_open_metal_jar_2,0.133166,-8.3085,1.37007,-0.384509,0.432156,-0.0903685,0.164694,-8.25839,1.39438,-0.391121,0.43052,-0.0897176,0.148899,-8.42134,1.47314,-0.411705,0.443494,-0.0855011,0.144724,-8.25856,1.39115,-0.375136,0.480923,-0.0691502,0.152638,-7.83067,1.27944,-0.371374,0.302791,-0.00375585,0.270222,-7.09985,1.0244,-0.283004,0.0898454,0.0519491,0.242962,-7.099,1.00882,-0.277561,0.122143,0.0487425,0.240893,-7.11603,0.985507,-0.268504,0.12272,0.0548693,0.251731,-7.10726,1.00859,-0.267099,0.116878,0.0542417,0.243412,-7.12413,0.982337,-0.267325,0.113503,0.0508347
big_open_metal_jar_3,0.152799,-8.1812,1.36814,-0.35854,0.416632,-0.0957048,0.147004,-8.1495,1.3725,-0.361329,0.417319,-0.0881022,0.113682,-7.82965,1.2402,-0.311749,0.419093,-0.09757,0.199848,-8.54815,1.46073,-0.400867,0.438624,-0.0784756,0.188216,-8.18422,1.33741,-0.319082,0.461234,-0.0549722,0.210499,-7.67445,1.20276,-0.318534,0.257429,-0.00847252,0.281166,-6.97503,0.974228,-0.283383,0.0185746,0.0811689,0.228354,-6.9117,0.935647,-0.239908,0.0249553,0.0711234,0.255092,-6.93462,0.929663,-0.233868,0.051997,0.0715491,0.239228,-6.9407,0.91979,-0.227101,0.0532518,0.0726419
big_open_metal_jar_4,0.120142,-8.20072,1.37529,-0.378113,0.422238,-0.0993472,0.124074,-8.20173,1.35961,-0.383302,0.427554,-0.0930078,0.0857963,-8.02616,1.30933,-0.35109,0.421071,-0.0791839,0.094534,-8.00018,1.27707,-0.32248,0.448477,-0.0661901,0.194103,-7.82683,1.22916,-0.338121,0.322705,-0.0181512,0.244916,-7.20181,1.02758,-0.315279,0.103611,0.0428338,0.231366,-7.23234,1.04205,-0.299443,0.113362,0.0481024,0.2493,-7.24857,1.02343,-0.300633,0.128484,0.0424336,0.236788,-7.2327,1.04849,-0.301706,0.131305,0.0356178,0.246664,-7.22703,1.05653,-0.293418,0.125399,0.0438796
big_open_metal_jar_5,0.157994,-8.33324,1.39968,-0.3846,0.431766,-0.092479,0.134579,-8.34142,1.38909,-0.37663,0.436613,-0.0835675,0.133817,-8.32245,1.36727,-0.339852,0.452869,-0.0742175,0.20385,-8.2262,1.35209,-0.373368,0.440909,-0.0472755,0.310453,-7.28823,1.04883,-0.323428,0.078577,0.057486,0.261404,-7.24609,1.01036,-0.295686,0.0884538,0.0591838,0.259566,-7.1944,1.01218,-0.281703,0.0947794,0.0631754,0.271102,-7.23045,1.02993,-0.283053,0.103046,0.0609638,0.261994,-7.2275,1.0168,-0.284439,0.098133,0.0599188,0.269958,-7.22975,1.02837,-0.290046,0.0968133,0.0590721
red_folders_coffee_jar_1,0.216584,-8.35385,1.43394,-0.400855,0.439999,-0.0703026,0.187309,-8.32595,1.38441,-0.386235,0.430839,-0.07062,0.137649,-8.07594,1.30229,-0.308445,0.485813,-0.046273,0.256827,-8.05063,1.30728,-0.297103,0.505943,-0.0485403,0.418941,-8.23052,1.49104,-0.464802,0.405247,0.0433313,0.421301,-7.8133,1.32596,-0.393377,0.277912,0.142924,0.430912,-7.7561,1.30561,-0.379258,0.272081,0.138422,0.442484,-7.77732,1.28958,-0.378871,0.271424,0.15251,0.434557,-7.74856,1.28493,-0.378086,0.277587,0.157072,0.440046,-7.76411,1.30719,-0.393658,0.273655,0.142944
red_folders_coffee_jar_2,0.132866,-8.41948,1.46269,-0.405286,0.431416,-0.0962984,0.133984,-8.44802,1.44085,-0.426521,0.437888,-0.100427,0.268605,-8.61501,1.52672,-0.45974,0.424344,-0.0742524,0.19212,-8.31944,1.3804,-0.352137,0.498662,-0.039316,0.267346,-8.23957,1.48646,-0.449211,0.319693,0.0493308,0.378558,-7.74644,1.30766,-0.413005,0.190899,0.130788,0.379982,-7.70399,1.27531,-0.384494,0.191345,0.136772,0.349726,-7.71132,1.29792,-0.393025,0.186695,0.139495,0.373242,-7.72676,1.28026,-0.392156,0.189746,0.119941,0.357406,-7.74135,1.30661,-0.400793,0.204253,0.126554
red_folders_coffee_jar_3,0.149779,-8.44279,1.42711,-0.39104,0.442789,-0.0862909,0.268092,-7.91925,1.31651,-0.384362,0.317812,0.0613638,0.35909,-7.5666,1.19465,-0.341066,0.189679,0.124828,0.352938,-7.59847,1.20505,-0.351554,0.200835,0.127406,0.344832,-7.60529,1.21025,-0.352294,0.195569,0.126326,0.153495,-9.86152,1.85381,-0.767413,0.531744,-0.0366533,0.0933307,-10.897,2.51677,-1.71201,-0.346865,-0.139686,0.0880469,-11.0676,2.92624,-1.86822,-0.516764,-0.0889912,0.0874587,-11.0463,2.92824,-1.86994,-0.512607,-0.080323,0.0979806,-11.0499,2.91647,-1.8755,-0.515422,-0.082762
red_folders_coffee_jar_4,0.0910935,-8.22059,1.33573,-0.362712,0.418583,-0.0972252,0.0940391,-8.25816,1.33456,-0.371959,0.428458,-0.0869021,0.0110538,-8.16275,1.30374,-0.296311,0.452204,-0.0827015,0.134951,-8.32167,1.39698,-0.329056,0.543324,0.000242083,0.305277,-7.68998,1.26701,-0.382617,0.231513,0.0994313,0.364093,-7.251,1.13692,-0.386691,0.0514427,0.139673,0.335416,-7.18121,1.05285,-0.324361,0.0742766,0.130275,0.323906,-7.17548,1.06113,-0.320175,0.0899937,0.138412,0.33331,-7.21608,1.05546,-0.312749,0.0922767,0.13117,0.33416,-7.23717,1.07431,-0.326995,0.0927777,0.129966
red_folders_coffee_jar_5,0.0848065,-8.3013,1.39307,-0.367745,0.438718,-0.0828894,0.102531,-8.28364,1.37171,-0.358327,0.444963,-0.0936929,-0.0828501,-7.77151,1.20878,-0.210171,0.453041,-0.0918501,0.246578,-8.00072,1.25911,-0.276943,0.476614,-0.00461844,0.314564,-7.70898,1.31245,-0.417679,0.210064,0.10937,0.489845,-7.20318,1.12584,-0.397148,0.0203216,0.168748,0.464337,-7.08013,1.03263,-0.338654,0.023009,0.157318,0.457048,-7.10866,1.03469,-0.347597,0.0285251,0.159828,0.480361,-7.0985,1.04998,-0.346896,0.0217001,0.163198,0.449486,-7.10716,1.05278,-0.350204,0.0126926,0.157153
campbells_noodle_soup_1,-0.499238,-2.43256,0.338898,0.0261699,-0.00689468,-0.0612094,-0.300371,-1.19943,0.00943889,0.127217,-0.0825639,-0.0116584,-0.251556,-0.949673,-0.0239746,0.169562,-0.0722082,0.00953442,-0.267154,-0.969726,-0.0101407,0.172765,-0.0685649,0.0123524,-0.117452,-4.46211,0.777199,-0.107361,0.274544,-0.0370964,0.277869,-11.0469,2.1495,-1.33042,0.0607891,-0.0792271,0.18296,-10.7438,2.78902,-1.70747,-0.447415,-0.0825328,0.207714,-10.9996,2.90344,-1.7657,-0.467126,-0.0774614,0.193947,-10.9935,2.90584,-1.76304,-0.477308,-0.0678411,0.190051,-11.0039,2.90477,-1.77015,-0.468347,-0.0723712
campbells_noodle_soup_2,0.114911,-8.27157,1.37049,-0.382555,0.437732,-0.0903573,0.206282,-8.08601,1.31585,-0.32868,0.479632,-0.0522234,0.260699,-8.18693,1.34013,-0.353803,0.502335,-0.0205775,0.267832,-8.18132,1.33219,-0.341594,0.504747,-0.0211845,0.145427,-9.02397,1.59227,-0.468224,0.621656,-0.0534484,0.152833,-10.9028,2.197,-1.37598,0.0446717,-0.122883,0.062464,-10.7367,2.80962,-1.71917,-0.483974,-0.118007,0.0996925,-10.9283,2.89236,-1.75849,-0.484132,-0.0842464,0.0941627,-10.9262,2.89986,-1.7697,-0.489756,-0.103028,0.0889774,-10.9192,2.90417,-1.76824,-0.489021,-0.0989532
campbells_noodle_soup_3,0.156484,-8.2717,1.37398,-0.369492,0.432758,-0.0912239,0.264765,-8.27613,1.37847,-0.363386,0.479089,-0.0432724,0.308963,-8.29296,1.37537,-0.348572,0.509314,-0.0153614,0.319926,-8.27807,1.37018,-0.350494,0.500908,-0.0166374,0.25182,-9.44703,1.71219,-0.530206,0.643648,-0.0696769,0.100604,-10.9406,2.29977,-1.45937,-0.0712375,-0.127264,0.101435,-10.8552,2.84907,-1.73935,-0.500294,-0.133889,0.0924638,-10.9565,2.90376,-1.75756,-0.490794,-0.0965014,0.116378,-10.9419,2.89857,-1.75259,-0.492416,-0.0997458,0.0948445,-10.9528,2.8934,-1.75515,-0.489091,-0.101649
campbells_noodle_soup_4,0.164586,-8.32246,1.39831,-0.396161,0.416479,-0.0893652,0.178273,-8.34488,1.41188,-0.398084,0.425269,-0.0928212,0.14226,-8.2782,1.41227,-0.382654,0.430225,-0.0803932,0.187655,-8.24227,1.379,-0.388828,0.454694,-0.0785673,0.147791,-8.12387,1.34706,-0.356969,0.447231,-0.0804167,-0.0250875,-8.00309,1.28795,-0.24216,0.498775,-0.0699783,0.288872,-8.06568,1.27938,-0.288483,0.500223,-0.0328176,0.323231,-8.14956,1.32031,-0.340488,0.488737,-0.0318979,0.285897,-8.19968,1.36821,-0.348022,0.493764,-0.0304734,0.28898,-8.19404,1.33542,-0.340266,0.498775,-0.0296458
campbells_noodle_soup_5,0.176565,-8.32476,1.38703,-0.39013,0.43562,-0.0821893,0.254741,-8.16048,1.30964,-0.334536,0.478518,-0.0352458,0.321029,-8.18563,1.32357,-0.33733,0.495585,-0.0226928,0.324761,-8.18204,1.31793,-0.339964,0.494742,-0.0178218,0.234522,-9.09279,1.63007,-0.482933,0.632869,-0.0430295,0.156956,-10.8424,2.18764,-1.37129,0.0181778,-0.121811,0.125024,-10.8134,2.82212,-1.73214,-0.477221,-0.1273,0.113185,-10.9733,2.90611,-1.76287,-0.487287,-0.0944709,0.116156,-10.9812,2.90797,-1.76573,-0.490513,-0.0948881,0.119358,-10.9856,2.90243,-1.76369,-0.487718,-0.0923494
wide_open_metal_can_1,0.245198,-8.21208,1.33989,-0.359314,0.460842,-0.0570443,0.365867,-7.47939,1.12443,-0.335498,0.164028,0.0898458,0.440352,-7.01191,0.958361,-0.292409,0.0183226,0.14895,0.437657,-7.02775,0.981474,-0.296911,0.024441,0.150317,0.434061,-7.03824,0.972498,-0.299487,0.0262141,0.14586,0.232643,-9.63026,1.77489,-0.78811,0.241126,-0.0766246,0.181015,-9.94619,2.54818,-1.27033,-0.326629,-0.0758712,0.209656,-10.1147,2.6852,-1.30892,-0.367933,-0.0775865,0.210606,-10.1294,2.69548,-1.30717,-0.369255,-0.0804539,0.203684,-10.1274,2.69635,-1.31213,-0.366262,-0.0753184
wide_open_metal_can_2,0.126682,-8.3028,1.38359,-0.400181,0.430939,-0.0870761,0.127513,-8.32509,1.3899,-0.393685,0.430902,-0.0830401,0.129207,-8.32791,1.37633,-0.373354,0.438851,-0.0838736,0.158525,-8.26259,1.37305,-0.354379,0.463743,-0.0443512,0.177418,-7.72593,1.26081,-0.372659,0.250327,0.0254518,0.345613,-7.02163,1.04109,-0.364046,-0.0416927,0.136095,0.299695,-6.79008,0.89989,-0.270064,-0.0467475,0.139861,0.295442,-6.77753,0.891348,-0.257526,-0.0322962,0.141455,0.271922,-6.78899,0.888856,-0.25514,-0.0407117,0.131129,0.275479,-6.77146,0.884572,-0.263094,-0.0231782,0.125013
wide_open_metal_can_3,0.158759,-8.35666,1.38233,-0.372387,0.427104,-0.087551,0.255388,-7.67418,1.20765,-0.344275,0.217562,0.0341128,0.322442,-7.01544,0.978885,-0.290871,0.00351519,0.113312,0.320245,-7.05269,0.997335,-0.297736,0.0101355,0.112269,0.311393,-7.0584,1.01027,-0.300204,0.0088513,0.112292,0.178697,-7.91692,1.24699,-0.37668,0.196135,0.0488256,0.118559,-10.0197,2.05846,-1.01383,-0.00249512,-0.0905534,0.111625,-9.95838,2.63397,-1.28326,-0.369757,-0.089177,0.106716,-10.1004,2.7017,-1.30195,-0.377224,-0.108998,0.102162,-10.0768,2.67174,-1.30424,-0.381807,-0.107152
wide_open_metal_can_4,0.126965,-8.18318,1.35284,-0.354886,0.440095,-0.0784289,0.274823,-7.42073,1.12206,-0.34519,0.13867,0.0714226,0.358419,-6.87062,0.935944,-0.293925,-0.0329435,0.137563,0.342736,-6.89591,0.936153,-0.296169,-0.030984,0.127513,0.326953,-6.89191,0.941152,-0.293314,-0.0305392,0.128216,0.149487,-9.14655,1.59595,-0.660243,0.257699,-0.0585899,0.104016,-9.86489,2.39537,-1.22151,-0.27472,-0.0987432,0.0928814,-10.0834,2.67967,-1.30761,-0.377851,-0.116436,0.111574,-10.0964,2.68207,-1.30816,-0.380596,-0.105868,0.0851186,-10.0898,2.6839,-1.30656,-0.383476,-0.0989579
wide_open_metal_can_5,0.157494,-8.33263,1.37281,-0.366114,0.436039,-0.0798629,0.280742,-7.74012,1.21751,-0.355927,0.247985,0.0296383,0.349963,-6.88369,0.930343,-0.277245,-0.0284347,0.137668,0.329633,-6.86869,0.908283,-0.258255,-0.0226728,0.130186,0.30741,-6.88338,0.925027,-0.268635,-0.0171905,0.133973,0.306398,-7.76788,1.19677,-0.350188,0.153409,0.0619074,0.0993678,-10.0222,2.00118,-0.975228,0.0435515,-0.0831555,0.121718,-9.90435,2.62086,-1.2901,-0.370208,-0.0977593,0.125923,-10.0892,2.69287,-1.31797,-0.381549,-0.0931971,0.119323,-10.065,2.69598,-1.31427,-0.381554,-0.0904906
wet_ones_container_1,0.211664,-8.39568,1.36621,-0.37949,0.458765,-0.0698279,0.217674,-8.34525,1.39697,-0.381901,0.437302,-0.0641858,0.27086,-8.66828,1.44154,-0.39807,0.484766,-0.0666551,0.277954,-8.24392,1.33182,-0.361895,0.445813,-0.0529298,0.266658,-8.3112,1.35675,-0.34981,0.494858,-0.0341801,0.23046,-7.96549,1.22837,-0.323574,0.361789,-0.013912,0.24396,-7.95448,1.23298,-0.330721,0.363312,-0.0166726,0.262997,-7.97961,1.23437,-0.311813,0.370896,-0.0185759,0.256401,-7.97043,1.23307,-0.315957,0.374214,-0.0162837,0.247884,-7.96803,1.24074,-0.32043,0.368741,-0.0192325
wet_ones_container_2,0.157547,-8.27045,1.35619,-0.372716,0.436045,-0.0823949,0.15584,-8.23263,1.37375,-0.380849,0.431036,-0.0948411,0.135088,-8.01091,1.25103,-0.328742,0.433166,-0.0738884,0.187086,-8.25706,1.3289,-0.379581,0.48004,-0.0742495,0.204198,-8.34276,1.37542,-0.373454,0.520214,-0.0616701,0.145977,-8.01248,1.28421,-0.352853,0.416102,-0.0450857,0.17997,-8.04964,1.30475,-0.341009,0.430341,-0.0504283,0.189771,-8.07755,1.28998,-0.345515,0.423538,-0.0417881,0.172532,-8.05588,1.29147,-0.344976,0.423444,-0.0534346,0.155011,-8.06911,1.30933,-0.344753,0.426446,-0.0455212
wet_ones_container_3,0.193214,-8.4751,1.46478,-0.399045,0.432019,-0.0778247,0.180528,-8.41726,1.43426,-0.384596,0.433431,-0.0844164,0.221314,-8.38609,1.41537,-0.375102,0.43802,-0.0898861,0.185804,-8.35011,1.4183,-0.379317,0.474636,-0.0749534,0.251469,-8.42971,1.44056,-0.389095,0.447171,-0.0598142,0.249782,-8.20568,1.35694,-0.390197,0.362534,-0.0312353,0.299983,-8.19706,1.37843,-0.375448,0.368175,-0.0379832,0.281274,-8.21101,1.35199,-0.364764,0.380661,-0.0446145,0.274727,-8.2075,1.37399,-0.362829,0.368004,-0.0378595,0.264854,-8.19891,1.3533,-0.378408,0.365024,-0.0369391
wet_ones_container_4,0.147675,-8.35547,1.39739,-0.379209,0.441946,-0.0828592,0.133564,-8.30348,1.37338,-0.376635,0.435258,-0.0849354,0.171317,-8.37871,1.40631,-0.374215,0.436583,-0.077866,0.213838,-8.29615,1.37756,-0.379399,0.448828,-0.0789971,0.14754,-8.28839,1.37077,-0.340747,0.509167,-0.0712188,0.202476,-8.30484,1.38797,-0.378459,0.484264,-0.065522,0.170789,-8.08205,1.3224,-0.340599,0.400301,-0.0544277,0.198485,-8.07102,1.29182,-0.341357,0.403757,-0.0499849,0.189426,-8.05943,1.27045,-0.347471,0.414286,-0.055256,0.219517,-8.10183,1.31221,-0.348615,0.422845,-0.0512765
wet_ones_container_5,0.167706,-8.14425,1.30963,-0.355749,0.424329,-0.0847153,0.15288,-8.17038,1.31653,-0.34809,0.452766,-0.0500083,0.228454,-7.92401,1.23693,-0.338048,0.36483,-0.0251071,0.222573,-7.9443,1.23621,-0.340194,0.374955,-0.0327806,0.212999,-7.9411,1.23545,-0.335684,0.369224,-0.0345227,0.267612,-8.11543,1.30178,-0.3517,0.385848,-0.0435084,0.102349,-9.87051,1.76442,-0.846066,0.285045,-0.0949098,0.119924,-10.0482,2.4727,-1.3207,-0.328031,-0.110976,0.134158,-10.2481,2.73734,-1.40458,-0.401316,-0.116204,0.123774,-10.2569,2.73358,-1.40512,-0.396939,-0.0814725
tall_blue_pringles_1,0.280034,-8.37631,1.39825,-0.38543,0.437323,-0.0680646,0.233574,-8.37825,1.37355,-0.373011,0.441655,-0.0648719,0.243128,-8.09261,1.28666,-0.33021,0.429809,-0.0538972,0.269083,-8.3057,1.3826,-0.359442,0.470887,-0.0460928,0.270882,-8.20777,1.34731,-0.364592,0.421062,-0.0238842,0.30658,-7.66359,1.15724,-0.31524,0.247995,0.021004,0.323958,-7.68106,1.1821,-0.322654,0.258055,0.0148025,0.316284,-7.68997,1.15921,-0.321827,0.259202,0.012942,0.333719,-7.69149,1.16319,-0.319115,0.261506,0.027005,0.329777,-7.69368,1.16686,-0.314988,0.254922,0.00543634
tall_blue_pringles_2,0.159397,-8.36541,1.41523,-0.39457,0.425389,-0.0979461,0.134636,-8.3794,1.41687,-0.387239,0.430978,-0.0860299,0.154292,-8.12644,1.32276,-0.350982,0.427592,-0.0864646,0.19775,-8.3838,1.40553,-0.387226,0.473654,-0.0719124,0.188209,-8.1422,1.33657,-0.347593,0.397732,-0.0566367,0.212354,-7.60841,1.15602,-0.321717,0.203084,-0.00892816,0.213505,-7.59583,1.13755,-0.306673,0.224285,-0.00643922,0.23273,-7.58821,1.14373,-0.31833,0.219263,0.00252403,0.206225,-7.61321,1.13778,-0.31163,0.226999,-0.00992701,0.215532,-7.58691,1.12262,-0.305094,0.23829,-0.00441458
tall_blue_pringles_3,0.171474,-8.35665,1.39,-0.375601,0.435691,-0.0953396,0.170131,-8.44515,1.46599,-0.394527,0.433679,-0.0933114,0.197977,-8.22583,1.36388,-0.352013,0.437622,-0.0821592,0.235129,-8.38877,1.40694,-0.372941,0.440496,-0.0729677,0.262639,-7.82559,1.23528,-0.335786,0.275999,-0.0198079,0.233979,-7.77832,1.1929,-0.31439,0.262284,-0.0215311,0.254434,-7.7953,1.1904,-0.325799,0.259876,-0.0157665,0.25128,-7.79144,1.184,-0.317611,0.260476,-0.0127741,0.241035,-7.77246,1.20786,-0.33234,0.256721,-0.0108122,0.239143,-7.77136,1.18666,-0.323628,0.25642,-0.0142688
tall_blue_pringles_4,0.120858,-8.26072,1.37861,-0.375491,0.424381,-0.0787791,0.148018,-8.37866,1.40821,-0.379035,0.431757,-0.0842505,0.1521,-8.37437,1.42397,-0.379013,0.431627,-0.0797776,0.163078,-8.06378,1.27717,-0.318405,0.441031,-0.0811073,0.130988,-8.21354,1.34482,-0.347039,0.43543,-0.0712459,0.166378,-8.1701,1.31995,-0.363545,0.408084,-0.0459847,0.265232,-7.56427,1.14299,-0.32478,0.175254,0.00280344,0.227268,-7.50995,1.07934,-0.29462,0.184742,0.00592447,0.221663,-7.5496,1.09039,-0.283895,0.201344,-0.000727192,0.230485,-7.55047,1.09608,-0.298675,0.200478,-0.00261218
tall_blue_pringles_5,0.203165,-8.32938,1.36764,-0.382155,0.424152,-0.0898442,0.174906,-8.31936,1.36356,-0.385411,0.426794,-0.0774215,0.203459,-8.60812,1.44352,-0.41005,0.450281,-0.0724581,0.149816,-8.09251,1.29218,-0.335077,0.4319,-0.0612161,0.196066,-8.28281,1.3786,-0.362212,0.474385,-0.067915,0.248682,-8.03378,1.26807,-0.338701,0.403709,-0.0552281,0.187564,-7.60997,1.12425,-0.296468,0.272344,-0.00729871,0.194067,-7.66444,1.14109,-0.298647,0.264138,-0.0179718,0.200809,-7.65615,1.13374,-0.304743,0.276082,-0.0155549,0.20102,-7.67966,1.14367,-0.299379,0.262627,-0.0148529
green_allergy_pill_jar_1,0.266967,-8.36394,1.36718,-0.372804,0.454136,-0.0640419,0.272109,-8.13908,1.28372,-0.337929,0.426247,-0.0528011,0.275607,-8.03548,1.24035,-0.340072,0.370556,-0.0462231,0.278517,-8.04079,1.24138,-0.340249,0.374864,-0.0448414,0.265915,-8.02384,1.23643,-0.341578,0.376345,-0.0443824,0.286184,-8.43695,1.35192,-0.375416,0.419006,-0.05511,0.179126,-9.88774,1.92075,-0.910097,0.0351269,-0.0679414,0.233596,-9.83082,2.5802,-1.1791,-0.323851,-0.0597792,0.207333,-9.96792,2.65154,-1.21661,-0.334929,-0.070008,0.221092,-9.96698,2.65091,-1.20958,-0.349325,-0.0828266
green_allergy_pill_jar_2,0.161488,-8.30292,1.39927,-0.38232,0.422503,-0.0753284,0.221276,-8.2135,1.37712,-0.375342,0.413282,-0.080224,0.193812,-8.00746,1.2999,-0.358906,0.34388,-0.0660156,0.185509,-8.00575,1.2949,-0.361779,0.341936,-0.0680258,0.194749,-8.00646,1.30461,-0.361461,0.342451,-0.0672676,0.269496,-8.35606,1.42098,-0.401604,0.383536,-0.067623,0.00569512,-9.89686,1.95645,-0.945972,0.0203958,-0.0927564,0.08398,-9.73082,2.58549,-1.19548,-0.336539,-0.109612,0.106626,-9.90016,2.63089,-1.21652,-0.351415,-0.103995,0.105134,-9.90053,2.64204,-1.21648,-0.347306,-0.108419
green_allergy_pill_jar_3,0.164048,-8.44329,1.40636,-0.377505,0.428338,-0.0818623,0.175063,-8.38881,1.41374,-0.382522,0.429467,-0.0946011,0.223341,-8.46526,1.40775,-0.379981,0.448679,-0.085685,0.140369,-8.25592,1.34614,-0.364364,0.442084,-0.0698977,0.133024,-8.1657,1.31853,-0.339871,0.40768,-0.0793866,0.19895,-8.00322,1.28782,-0.355828,0.332918,-0.0700135,0.207057,-8.01784,1.27053,-0.348998,0.348356,-0.0636632,0.200828,-8.02264,1.26277,-0.351621,0.349929,-0.0752103,0.196663,-8.00322,1.26472,-0.358426,0.349864,-0.0575559,0.197288,-8.01397,1.27178,-0.343507,0.361368,-0.0611577
green_allergy_pill_jar_4,0.190912,-8.21297,1.37606,-0.377131,0.418851,-0.0789213,0.199952,-8.44333,1.46667,-0.400584,0.42466,-0.0783772,0.201379,-8.33027,1.39199,-0.369889,0.430464,-0.0752503,0.205983,-8.20747,1.35898,-0.358121,0.432848,-0.0720236,0.214716,-8.262,1.40348,-0.384608,0.409422,-0.0789259,0.203692,-8.0499,1.32069,-0.364885,0.350885,-0.0645224,0.194567,-8.05827,1.30238,-0.347208,0.351045,-0.0649984,0.185166,-8.07835,1.30851,-0.352186,0.355535,-0.0657951,0.206269,-8.07966,1.31674,-0.350355,0.365685,-0.0711127,0.198012,-8.05916,1.29154,-0.352147,0.355778,-0.0600674
green_allergy_pill_jar_5,0.181524,-8.29835,1.35122,-0.377708,0.434982,-0.0811905,0.195202,-8.36656,1.36999,-0.382426,0.432672,-0.0775443,0.233722,-8.25911,1.34722,-0.367493,0.452044,-0.0666154,0.172665,-8.24523,1.34853,-0.36056,0.450647,-0.076687,0.179024,-8.11799,1.29754,-0.35698,0.422528,-0.0727207,0.233988,-8.02696,1.25189,-0.373078,0.371776,-0.0625844,0.261013,-8.02861,1.26939,-0.36701,0.364945,-0.0625162,0.238919,-8.04868,1.28805,-0.363755,0.361608,-0.0567156,0.266579,-8.04885,1.26761,-0.367604,0.366078,-0.0695643,0.270653,-8.04322,1.28879,-0.356349,0.357357,-0.0606547
big_orange_bug_repellent_1,0.264122,-8.31405,1.36999,-0.373803,0.453339,-0.0593395,0.280947,-8.01674,1.27603,-0.340843,0.364537,-0.0202213,0.254798,-8.09004,1.2852,-0.305473,0.424647,-0.0141712,0.236413,-8.04769,1.25883,-0.299632,0.418632,-0.0127776,0.240929,-8.05464,1.26532,-0.293813,0.423476,-0.0149009,0.172192,-9.20115,1.57081,-0.494265,0.504151,-0.0681135,0.194881,-10.3875,2.25617,-1.29888,-0.199316,-0.108241,0.222648,-10.4558,2.73829,-1.47604,-0.415129,-0.0678961,0.210212,-10.4431,2.74601,-1.4819,-0.413043,-0.0848925,0.218005,-10.4542,2.75516,-1.48568,-0.413028,-0.0780362
big_orange_bug_repellent_2,-0.124966,-4.86001,0.769477,-0.127569,0.152441,-0.0873559,-0.159746,-4.80548,0.78107,-0.138473,0.149562,-0.081396,-0.189066,-4.11415,0.556134,-0.0427906,0.108737,-0.0801358,-0.293862,-2.27375,0.0398874,0.134682,-0.0138412,-0.0833131,-0.31955,-2.30956,0.112838,0.146195,-0.0066039,-0.083781,-0.327244,-2.39163,0.0858915,0.128019,-0.0685595,-0.0555587,-0.316739,-2.39692,0.0832931,0.0852983,-0.08136,-0.0231836,-0.281167,-2.44179,0.110129,0.0910593,-0.0618442,-0.0281914,-0.323709,-2.448,0.128368,0.0774074,-0.0545802,-0.0337664,-0.291767,-2.44975,0.131843,0.0954915,-0.0706517,-0.0375432
big_orange_bug_repellent_3,0.155186,-8.36803,1.40618,-0.386714,0.435788,-0.080621,0.175988,-8.43865,1.40811,-0.391442,0.4267,-0.0770192,0.145149,-8.40682,1.41084,-0.390554,0.434323,-0.0850456,0.21276,-8.79322,1.56476,-0.444744,0.454562,-0.0776307,0.168438,-8.11165,1.25986,-0.323448,0.436349,-0.0688804,0.2533,-8.16889,1.32289,-0.360463,0.421426,-0.0716678,0.261362,-8.35699,1.37382,-0.360392,0.445447,-0.0694173,0.200028,-8.2547,1.30692,-0.344943,0.446666,-0.0544202,0.211851,-8.29319,1.36178,-0.353473,0.463288,-0.0463953,0.181809,-8.26909,1.37636,-0.354063,0.449165,-0.041294
big_orange_bug_repellent_4,0.205114,-8.4817,1.4711,-0.393101,0.437966,-0.0784393,0.193159,-8.32724,1.39933,-0.349395,0.442753,-0.0644664,0.158109,-8.32995,1.38545,-0.336666,0.457177,-0.0485436,0.170231,-8.30826,1.38781,-0.334731,0.458004,-0.0512236,0.156918,-9.0277,1.57792,-0.442184,0.526083,-0.07612,0.127076,-10.3332,2.1317,-1.17241,-0.0430801,-0.106074,0.115521,-10.3244,2.72034,-1.41827,-0.407185,-0.111041,0.11967,-10.4418,2.76574,-1.44549,-0.411474,-0.111635,0.1336,-10.4519,2.78133,-1.44483,-0.41255,-0.0983992,0.130432,-10.4498,2.77454,-1.44404,-0.410253,-0.100712
big_orange_bug_repellent_5,0.201045,-8.36203,1.38889,-0.386137,0.419181,-0.0784087,0.204184,-8.34489,1.34024,-0.378441,0.42658,-0.0876956,0.198914,-8.31588,1.37061,-0.380864,0.426446,-0.0730116,0.259422,-8.55891,1.42314,-0.396498,0.464973,-0.06725,0.225583,-8.18304,1.30628,-0.353041,0.443926,-0.0660387,0.199432,-8.10708,1.28633,-0.31914,0.447519,-0.06963,0.203462,-8.09349,1.27538,-0.324665,0.446272,-0.0553498,0.187685,-8.13261,1.27616,-0.321145,0.475589,-0.0490594,0.215678,-8.23132,1.3495,-0.347148,0.47056,-0.0247334,0.23828,-8.22447,1.34364,-0.345097,0.456877,-0.0440385
coffee_mate_container_1,0.21166,-8.34188,1.33426,-0.358844,0.433095,-0.0802886,0.189608,-8.34977,1.34117,-0.362765,0.434099,-0.082835,0.254759,-8.36303,1.36504,-0.375184,0.442793,-0.0644874,0.174417,-8.39434,1.36316,-0.328011,0.542374,-0.0598632,0.206588,-7.97131,1.26225,-0.35996,0.34111,-0.00820667,0.0719618,-7.45824,1.05949,-0.222332,0.248294,0.00855924,0.0842763,-7.51652,1.06532,-0.223474,0.264958,0.0197447,0.0874413,-7.51695,1.06705,-0.231522,0.2611,0.0127883,0.0962333,-7.51612,1.08019,-0.232838,0.250478,0.0203203,0.0790853,-7.55491,1.092,-0.23161,0.256592,0.00775168
coffee_mate_container_2,0.0936599,-8.33483,1.40131,-0.380243,0.431076,-0.0995198,0.100343,-8.32277,1.37338,-0.390662,0.427654,-0.0953616,0.128903,-8.45705,1.43482,-0.405063,0.439031,-0.0897006,0.205742,-8.4206,1.42367,-0.376471,0.495863,-0.0807348,0.161522,-7.96064,1.24102,-0.351209,0.33466,-0.0539399,0.0764194,-7.86317,1.17406,-0.283237,0.337721,-0.0503199,0.089488,-7.89859,1.19179,-0.295992,0.355952,-0.0445278,0.0828942,-7.8952,1.20359,-0.295156,0.349155,-0.0408828,0.0975508,-7.88971,1.19329,-0.285842,0.355349,-0.0419458,0.111084,-7.86705,1.2051,-0.285469,0.353444,-0.0577377
coffee_mate_container_3,0.18403,-8.31588,1.37358,-0.362296,0.440632,-0.0823119,0.175318,-8.31656,1.37532,-0.378051,0.437521,-0.0625731,0.152912,-8.06238,1.30345,-0.33336,0.42478,-0.063949,0.198436,-8.33129,1.36953,-0.348578,0.470297,-0.0664937,0.180718,-8.16249,1.34188,-0.326823,0.508155,-0.0531489,0.213963,-8.11706,1.33507,-0.353183,0.41899,-0.0338153,0.139013,-7.61047,1.14035,-0.249522,0.285611,-0.0218268,0.145558,-7.61459,1.12755,-0.259856,0.302121,-0.0189585,0.186228,-7.6307,1.16157,-0.266659,0.298812,0.00251004,0.202467,-7.68115,1.12123,-0.279752,0.297864,-0.00783237
coffee_mate_container_4,0.125809,-8.31197,1.36228,-0.370363,0.417873,-0.0939703,0.142363,-8.31133,1.33495,-0.379839,0.423039,-0.0979043,0.18045,-8.58577,1.43224,-0.402177,0.445409,-0.0853117,0.0899254,-8.33288,1.36911,-0.351044,0.491071,-0.0789973,0.198619,-8.22628,1.36964,-0.411789,0.398569,-0.0553741,0.0202524,-7.35744,1.03385,-0.237663,0.20715,-0.00334094,0.056203,-7.3251,1.01851,-0.217703,0.207943,-0.00642894,0.0370487,-7.32885,1.01289,-0.211233,0.217647,-0.0086463,0.0661931,-7.35031,1.00761,-0.216646,0.21577,-0.00535503,0.0343462,-7.32678,1.02382,-0.223586,0.221579,0.0091476
coffee_mate_container_5,0.175347,-8.41621,1.401,-0.380949,0.444936,-0.0810822,0.208812,-8.18793,1.32972,-0.368026,0.393766,-0.0375951,0.235289,-7.71521,1.16504,-0.309166,0.271492,0.000495246,0.235287,-7.73714,1.17135,-0.305332,0.269574,-0.000254029,0.236011,-7.75301,1.16259,-0.311627,0.2706,0.00186497,0.238492,-8.60429,1.44417,-0.441539,0.412615,-0.0416778,0.131403,-10.1762,2.08175,-1.08641,-0.0353413,-0.107271,0.11165,-10.0036,2.6566,-1.329,-0.395746,-0.104092,0.120002,-10.1807,2.70841,-1.36259,-0.391887,-0.0826086,0.119037,-10.1805,2.70696,-1.36198,-0.387699,-0.0922655
green_oeange_water_bottle_1,0.192388,-8.32778,1.36012,-0.354318,0.439924,-0.0825219,0.206287,-8.37934,1.36605,-0.363867,0.439512,-0.077744,0.259645,-8.5873,1.43671,-0.386904,0.450511,-0.0760264,0.240184,-8.33729,1.36257,-0.331358,0.476923,-0.0586193,0.266801,-8.37642,1.36057,-0.332082,0.50871,-0.0390818,0.285714,-8.03101,1.29595,-0.353225,0.357544,-0.000244767,0.295729,-8.04863,1.29268,-0.333956,0.372912,4.94917e-05,0.292752,-8.05584,1.29644,-0.340118,0.376578,0.00327131,0.314946,-8.05686,1.30056,-0.349355,0.381049,0.0138337,0.31868,-8.07964,1.30003,-0.348162,0.374064,0.00143194
green_oeange_water_bottle_2,0.144726,-8.27378,1.38466,-0.379965,0.432429,-0.0937927,0.144898,-8.27083,1.39798,-0.384685,0.433366,-0.0984723,0.126345,-8.01563,1.27211,-0.346914,0.411352,-0.0912646,0.151719,-8.23815,1.35938,-0.377397,0.440409,-0.0862857,0.18081,-8.29413,1.3763,-0.340407,0.499632,-0.0683367,0.184486,-8.2167,1.39513,-0.397021,0.469423,-0.0401736,0.197808,-7.84287,1.28373,-0.365797,0.304158,0.00299888,0.199985,-7.88658,1.27293,-0.345787,0.334554,-0.00792436,0.201979,-7.89899,1.25976,-0.350268,0.33274,-0.004542,0.200849,-7.87839,1.27143,-0.345252,0.337883,0.00507853
green_oeange_water_bottle_3,0.217533,-8.23521,1.35135,-0.355714,0.439426,-0.0735399,0.210127,-8.27543,1.37026,-0.360639,0.43876,-0.0841268,0.182491,-7.95658,1.25386,-0.321451,0.437353,-0.0692302,0.197523,-8.21454,1.32474,-0.322854,0.471828,-0.0686958,0.175961,-8.06627,1.25431,-0.290605,0.502346,-0.0433163,0.250165,-8.21268,1.38627,-0.381139,0.472502,-0.00915486,0.281707,-7.73819,1.24046,-0.333626,0.274972,0.0231689,0.283272,-7.7678,1.22707,-0.329123,0.306742,0.021192,0.275018,-7.78288,1.23113,-0.345863,0.296006,0.0290762,0.287106,-7.80465,1.21607,-0.339292,0.31444,0.0288307
green_oeange_water_bottle_4,0.150579,-8.36284,1.3831,-0.386164,0.432135,-0.0862093,0.149198,-8.3439,1.35136,-0.382285,0.417705,-0.0918693,0.129317,-8.18709,1.30716,-0.356871,0.423499,-0.0873536,-0.00226614,-7.93473,1.22445,-0.292457,0.447731,-0.0908816,0.199332,-8.29176,1.35525,-0.346533,0.494891,-0.0567721,0.152707,-8.19949,1.31965,-0.330502,0.483762,-0.03161,0.146021,-7.9632,1.26376,-0.311933,0.386127,-0.00989215,0.175756,-7.9924,1.25806,-0.305493,0.400039,-0.00899528,0.171855,-7.96128,1.24782,-0.305913,0.400515,-0.0244034,0.143042,-7.9796,1.2686,-0.312259,0.405756,-0.0215291
green_oeange_water_bottle_5,0.216581,-8.38167,1.38449,-0.389594,0.439213,-0.0802712,0.198041,-8.37319,1.41236,-0.384693,0.421832,-0.0886952,0.214627,-8.359,1.38148,-0.371526,0.443377,-0.080111,0.102939,-8.15034,1.26613,-0.303005,0.440669,-0.0865224,0.22881,-8.28228,1.36506,-0.350461,0.462639,-0.0497638,0.223468,-8.32949,1.41548,-0.390016,0.452599,-0.0292833,0.1291,-7.95988,1.25158,-0.314667,0.38188,0.00090525,0.176595,-7.96796,1.25407,-0.295486,0.387018,-0.00566055,0.167305,-7.98357,1.26741,-0.302135,0.388779,-0.00857644,0.193196,-7.94996,1.25817,-0.302769,0.388689,-0.00383497
blue_red_avengers_water_bottle_full_1,0.226165,-8.41801,1.40906,-0.371461,0.443598,-0.0737367,0.431274,-8.59898,1.49014,-0.421583,0.513304,-0.0112529,0.531644,-8.72143,1.58844,-0.483777,0.509411,0.028806,0.544511,-8.70411,1.56172,-0.471903,0.512247,0.024989,0.546014,-8.69209,1.56085,-0.467594,0.50664,0.0237933,0.209783,-11.5005,2.29121,-1.17986,0.578514,-0.122133,0.164428,-11.385,2.79596,-2.0006,-0.525682,-0.146367,0.184972,-11.6593,3.07897,-2.09557,-0.545229,-0.0623467,0.174915,-11.6956,3.07622,-2.09924,-0.539064,-0.0425394,0.167093,-11.6827,3.08496,-2.104,-0.548316,-0.0463232
blue_red_avengers_water_bottle_full_2,0.145277,-8.49571,1.50215,-0.400074,0.436139,-0.0775481,0.161884,-8.41062,1.45504,-0.405719,0.431627,-0.0925716,0.19295,-8.45233,1.47211,-0.405373,0.42817,-0.0825801,0.189186,-8.56116,1.4903,-0.400337,0.439475,-0.0860486,0.187445,-8.41193,1.45386,-0.380765,0.438307,-0.0904331,-0.0049805,-8.37179,1.47719,-0.264109,0.56375,-0.0277714,0.293887,-8.42487,1.4196,-0.340768,0.524444,-0.0147114,0.29887,-8.46564,1.46949,-0.385734,0.533593,-0.0132972,0.302986,-8.52321,1.52018,-0.401548,0.520729,0.00237283,0.305889,-8.55324,1.52684,-0.396541,0.509653,-9.29193e-05
blue_red_avengers_water_bottle_full_3,0.214039,-8.28235,1.36488,-0.356177,0.43622,-0.0694411,0.303429,-8.29637,1.38983,-0.356782,0.478358,0.00387844,0.437353,-8.41218,1.49869,-0.448714,0.446119,0.0391431,0.427466,-8.39701,1.49175,-0.445325,0.439273,0.0419738,0.420968,-8.38572,1.47692,-0.445903,0.440523,0.0381998,0.215885,-11.3593,2.22436,-1.16312,0.588472,-0.119113,0.135854,-11.3514,2.79251,-1.97828,-0.511278,-0.132872,0.150325,-11.6755,3.08087,-2.08992,-0.542639,-0.0731139,0.155595,-11.6911,3.09543,-2.09771,-0.546526,-0.0443365,0.177238,-11.6816,3.10092,-2.0965,-0.542451,-0.0431062
blue_red_avengers_water_bottle_full_4,0.180366,-8.3137,1.38685,-0.389173,0.434075,-0.0836554,0.167346,-8.33079,1.38461,-0.384776,0.434547,-0.0872497,0.225466,-8.56878,1.4637,-0.41079,0.454166,-0.0872303,0.0901415,-8.13226,1.31253,-0.308727,0.461631,-0.0862692,0.127205,-8.07537,1.25353,-0.236843,0.538764,-0.0520892,0.307702,-8.16867,1.30796,-0.315353,0.51531,-0.0280997,0.217253,-8.25413,1.42852,-0.363347,0.483675,0.0408519,0.243736,-8.28514,1.44194,-0.352894,0.494477,0.0387032,0.233275,-8.26336,1.41038,-0.351394,0.488852,0.0399379,0.235946,-8.27218,1.4051,-0.339425,0.505579,0.0299697
blue_red_avengers_water_bottle_full_5,0.169595,-8.3848,1.36074,-0.383715,0.434682,-0.0873143,0.166291,-8.33867,1.35593,-0.377123,0.434918,-0.0814829,0.14807,-8.13769,1.28214,-0.358317,0.430748,-0.0759654,0.0754042,-8.20793,1.30393,-0.298728,0.497843,-0.0751886,0.014786,-7.97442,1.1503,-0.162631,0.544312,-0.0535193,0.33408,-8.25324,1.29539,-0.263453,0.562043,-0.0182056,0.202846,-8.34322,1.39818,-0.307418,0.537988,0.0415817,0.225053,-8.30154,1.41164,-0.334094,0.528646,0.043259,0.199384,-8.32166,1.38445,-0.335167,0.530394,0.0398133,0.204525,-8.29211,1.38227,-0.329049,0.536461,0.0380362
yellow_lysol_wipes_container_1,0.211227,-8.44724,1.40798,-0.380022,0.454719,-0.0832147,0.238163,-8.48531,1.41992,-0.384129,0.438719,-0.0734162,0.204271,-8.153,1.26875,-0.305506,0.433442,-0.0623085,0.326822,-8.2007,1.29188,-0.340217,0.380105,-0.0260035,0.29956,-7.80489,1.2189,-0.35391,0.211183,0.0163089,0.379899,-7.54587,1.11883,-0.350381,0.12264,0.0576292,0.354921,-7.53786,1.10494,-0.320848,0.131223,0.0509471,0.359031,-7.53851,1.08929,-0.315111,0.146951,0.0518174,0.365685,-7.57108,1.12087,-0.328311,0.141251,0.0514765,0.373262,-7.56035,1.10628,-0.323835,0.139164,0.0553035
yellow_lysol_wipes_container_2,0.173361,-8.34263,1.40128,-0.382586,0.422976,-0.0885816,0.181666,-8.34307,1.41312,-0.383786,0.426407,-0.0834371,0.147398,-8.20831,1.40068,-0.353548,0.405918,-0.0707871,0.237829,-7.88473,1.27632,-0.322952,0.368293,-0.0542624,0.257696,-7.4485,1.1612,-0.354694,0.168946,0.0317246,0.323977,-7.23273,1.11329,-0.345314,0.0721437,0.0530503,0.314398,-7.21695,1.04006,-0.295624,0.111322,0.0650093,0.293796,-7.25587,1.05161,-0.303854,0.113032,0.0488906,0.311863,-7.24448,1.04415,-0.302278,0.113873,0.0503034,0.318728,-7.23534,1.06528,-0.308191,0.124169,0.0486013
yellow_lysol_wipes_container_3,0.166011,-8.31368,1.34882,-0.348704,0.448402,-0.0675023,0.272266,-7.82893,1.23196,-0.340255,0.31599,0.00536518,0.277616,-7.19275,1.00999,-0.264029,0.111858,0.0620826,0.225668,-7.18637,1.02145,-0.251501,0.124351,0.0550412,0.201295,-7.20023,1.01055,-0.250725,0.121509,0.0570685,0.351571,-7.61508,1.13236,-0.285597,0.195138,0.0349343,0.00676168,-9.86393,1.79691,-0.856799,0.191182,-0.102231,0.138134,-9.93378,2.51487,-1.27369,-0.337889,-0.0897558,0.164092,-10.0862,2.7087,-1.32478,-0.371153,-0.0745618,0.160518,-10.0941,2.70332,-1.33322,-0.362257,-0.0780441
yellow_lysol_wipes_container_4,0.136469,-8.28224,1.35939,-0.36143,0.43283,-0.0817657,0.129642,-8.26727,1.34432,-0.368006,0.430615,-0.0853422,0.121833,-8.28189,1.3428,-0.355841,0.451965,-0.0846259,0.191832,-8.2388,1.36633,-0.359341,0.474203,-0.0591832,0.217134,-7.5699,1.17531,-0.336996,0.20534,0.0319075,0.344195,-7.25842,1.06908,-0.351564,0.0660044,0.0640675,0.332941,-7.08003,0.975057,-0.311798,0.0297571,0.0726545,0.307995,-7.11322,0.969791,-0.312619,0.0207858,0.0724229,0.316422,-7.12283,0.977452,-0.32651,0.0263527,0.0857834,0.321228,-7.10714,0.989428,-0.323771,0.0140624,0.0776009
yellow_lysol_wipes_container_5,0.213144,-8.4354,1.42181,-0.397656,0.429746,-0.0766347,0.194568,-8.42871,1.43054,-0.402256,0.446617,-0.0776497,0.162547,-8.31007,1.35844,-0.350456,0.464003,-0.073174,0.204785,-8.44648,1.43032,-0.372685,0.496477,-0.0621222,0.296125,-7.83639,1.27453,-0.391486,0.2419,0.022698,0.423733,-7.56537,1.15513,-0.385568,0.107648,0.061423,0.352349,-7.36199,1.0786,-0.317734,0.125613,0.0573287,0.345832,-7.42225,1.06602,-0.314323,0.121636,0.057357,0.330195,-7.41527,1.06821,-0.316626,0.127007,0.0594124,0.349925,-7.43233,1.0738,-0.317699,0.126044,0.0548927
pink_noodle_h5_1,0.229286,-8.41719,1.39519,-0.373194,0.440039,-0.0685597,0.208096,-8.38411,1.36867,-0.355893,0.445423,-0.0734551,0.254144,-8.72768,1.51333,-0.406205,0.470007,-0.0610069,0.24719,-8.42697,1.37251,-0.370292,0.456394,-0.0719255,0.25393,-8.37606,1.35228,-0.354792,0.463614,-0.0691419,0.256338,-8.22775,1.34334,-0.355437,0.417657,-0.0767188,0.231929,-8.1544,1.27742,-0.355375,0.367285,-0.0513687,0.284552,-8.1382,1.27653,-0.347842,0.373036,-0.036911,0.288601,-8.12905,1.27943,-0.351773,0.380723,-0.0350691,0.285526,-8.13507,1.28186,-0.353365,0.370084,-0.0508329
pink_noodle_h5_2,0.144388,-8.318,1.39571,-0.359043,0.428833,-0.0870286,0.183516,-8.0843,1.31582,-0.357858,0.392953,-0.0667282,0.258325,-7.92253,1.26159,-0.353537,0.332405,-0.054807,0.251372,-7.93274,1.27219,-0.36271,0.331522,-0.0519219,0.252813,-7.94601,1.26734,-0.358823,0.336389,-0.0515466,0.229538,-8.27955,1.35091,-0.397965,0.381205,-0.0762675,0.109908,-9.72934,1.9321,-0.913661,-0.0371672,-0.0950608,0.106592,-9.71558,2.58258,-1.16543,-0.342943,-0.0943513,0.0969375,-9.83781,2.62384,-1.18705,-0.347196,-0.111334,0.10292,-9.8369,2.63227,-1.18887,-0.34944,-0.111627
pink_noodle_h5_3,0.237748,-8.34993,1.37782,-0.373054,0.436791,-0.0754376,0.224596,-8.3534,1.38833,-0.378265,0.437729,-0.065485,0.266868,-8.33581,1.3761,-0.359881,0.453067,-0.0552408,0.24001,-8.23588,1.33962,-0.352301,0.455461,-0.0618025,0.249291,-8.17785,1.29943,-0.364399,0.422345,-0.0621566,0.29664,-7.93191,1.24534,-0.362882,0.315031,-0.0240301,0.288293,-7.86553,1.2291,-0.343977,0.336151,-0.0311279,0.319758,-7.91698,1.23695,-0.345528,0.330672,-0.0265808,0.311004,-7.92169,1.23513,-0.345888,0.334199,-0.0269015,0.32712,-7.90586,1.23794,-0.362022,0.32214,-0.0305037
pink_noodle_h5_4,0.151392,-8.33262,1.34722,-0.380887,0.430132,-0.0857285,0.168608,-8.34255,1.35425,-0.38444,0.428594,-0.0953742,0.21247,-8.4353,1.39497,-0.394262,0.43543,-0.0744187,0.156065,-8.16584,1.31951,-0.352315,0.43099,-0.0816428,0.184172,-8.15114,1.30704,-0.369268,0.391608,-0.0595371,0.241292,-7.81666,1.21547,-0.369199,0.260444,-0.0284628,0.271879,-7.82733,1.20063,-0.373443,0.256141,-0.0377727,0.266626,-7.84733,1.19721,-0.375923,0.268983,-0.0329454,0.27403,-7.84075,1.2158,-0.372918,0.269965,-0.0319023,0.293388,-7.83566,1.19732,-0.373808,0.275826,-0.0349544
pink_noodle_h5_5,0.218334,-8.46399,1.39515,-0.399054,0.439425,-0.0774156,0.21242,-8.39174,1.39552,-0.397081,0.434216,-0.0800309,0.225745,-8.1706,1.34102,-0.360265,0.428594,-0.0620295,0.190353,-8.26952,1.31255,-0.35268,0.439138,-0.06818,0.24067,-8.29276,1.40275,-0.379351,0.434777,-0.0742299,0.277938,-8.12071,1.31151,-0.382841,0.372251,-0.0542675,0.287027,-8.11354,1.29834,-0.372225,0.373402,-0.0548668,0.282059,-8.12556,1.31804,-0.377846,0.364305,-0.0486507,0.283244,-8.15447,1.31136,-0.370691,0.371675,-0.0545924,0.275957,-8.11551,1.29983,-0.374414,0.369461,-0.0585117
white_water_bottle_full_1,0.218837,-8.43224,1.37592,-0.373483,0.446391,-0.0709649,0.485146,-8.66841,1.51382,-0.496097,0.488591,-0.0112245,0.450207,-8.78332,1.65732,-0.531573,0.497391,0.055447,0.451994,-8.77756,1.63658,-0.527275,0.49665,0.0541495,0.447944,-8.76107,1.64488,-0.528376,0.492683,0.0522425,0.302849,-11.0851,2.16848,-0.961703,0.787025,-0.0961135,0.143742,-11.8754,2.60213,-2.05724,-0.444814,-0.226453,0.189848,-12.2188,3.21324,-2.32979,-0.61162,-0.0826616,0.179346,-12.2679,3.27071,-2.34074,-0.578784,0.00303683,0.17623,-12.2774,3.26781,-2.34645,-0.583704,0.00231555
white_water_bottle_full_2,0.170795,-8.37546,1.40794,-0.398557,0.426196,-0.0828621,0.196748,-8.3437,1.39071,-0.385805,0.426854,-0.0846319,0.166084,-8.06112,1.32452,-0.360584,0.418338,-0.0800248,0.325434,-8.69981,1.51882,-0.494449,0.418176,-0.0841266,0.641426,-8.37734,1.4171,-0.44315,0.463998,-0.0630675,0.513433,-8.39061,1.36255,-0.383959,0.497542,-0.0667499,0.435442,-8.63457,1.49763,-0.492617,0.462804,-0.0236604,0.447397,-8.63944,1.51601,-0.492361,0.465619,-0.00748214,0.462655,-8.62554,1.51475,-0.498378,0.457338,-0.0121274,0.453358,-8.6256,1.50979,-0.503875,0.472039,-0.0189918
white_water_bottle_full_3,0.208748,-8.30417,1.37982,-0.37424,0.440135,-0.070904,0.202259,-8.27319,1.36586,-0.370996,0.440262,-0.0724124,0.238703,-8.27953,1.3201,-0.36068,0.448111,-0.0559242,0.253505,-8.17023,1.25058,-0.284018,0.511925,-0.0516234,0.298533,-8.3238,1.34567,-0.306041,0.564818,-0.038827,0.201979,-8.72735,1.65426,-0.50461,0.502176,0.0458859,0.224054,-8.7008,1.63399,-0.479109,0.511129,0.0522216,0.242213,-8.66315,1.61731,-0.47676,0.503686,0.0615366,0.209418,-8.64707,1.61016,-0.484321,0.508381,0.063297,0.215221,-8.64094,1.6072,-0.464937,0.504259,0.0618741
white_water_bottle_full_4,0.194544,-8.37192,1.38951,-0.386542,0.4252,-0.0684449,0.189,-8.36339,1.37778,-0.374443,0.423499,-0.0915209,0.180133,-8.25849,1.3347,-0.36752,0.439018,-0.0699687,0.228986,-8.31707,1.33512,-0.341805,0.490541,-0.0643562,0.447532,-8.58099,1.42967,-0.41214,0.556212,-0.0288304,0.444001,-8.84163,1.72902,-0.604764,0.462923,0.0565534,0.419331,-8.8224,1.70116,-0.587256,0.474141,0.0576995,0.457804,-8.83463,1.71321,-0.606761,0.456851,0.0521102,0.443825,-8.82808,1.70413,-0.591431,0.45252,0.0560841,0.446915,-8.80652,1.69952,-0.593307,0.460814,0.0557004
white_water_bottle_full_5,0.182263,-8.30067,1.35771,-0.367571,0.428794,-0.0846906,0.191083,-8.38316,1.34625,-0.372678,0.439734,-0.0802834,0.177965,-8.2094,1.31329,-0.355616,0.43695,-0.0729476,0.242342,-8.51405,1.39424,-0.383709,0.444366,-0.0750392,0.110631,-8.16359,1.17347,-0.217734,0.547939,-0.0669226,0.256533,-8.22967,1.26918,-0.303856,0.534496,-0.0574574,0.00529186,-8.53422,1.5042,-0.362966,0.526807,0.0144254,0.00343464,-8.55529,1.48364,-0.369464,0.55068,0.0307164,0.0236863,-8.53153,1.47803,-0.34475,0.542497,0.0131328,0.0371824,-8.53297,1.45801,-0.365111,0.556147,0.0172317
plastic_jar_with_beans_1,0.222896,-8.44831,1.42429,-0.358628,0.427585,-0.0800519,0.227347,-8.39691,1.40496,-0.361106,0.431954,-0.0712277,0.414831,-8.59783,1.4885,-0.446171,0.395152,-0.0568773,0.498721,-7.9007,1.26222,-0.450093,0.184306,-0.0849988,0.50949,-7.24914,1.01487,-0.342385,0.0364625,-0.0136852,0.268488,-6.9129,1.05804,-0.326537,-0.0906233,0.172359,0.266682,-6.85935,0.963854,-0.282257,-0.0605079,0.175263,0.252927,-6.83998,0.978699,-0.282057,-0.0731245,0.165716,0.293231,-6.85885,0.937925,-0.28173,-0.0746304,0.170635,0.273603,-6.86144,0.958579,-0.27982,-0.0729141,0.176164
plastic_jar_with_beans_2,0.183234,-8.31023,1.39683,-0.376548,0.419977,-0.089959,0.180155,-8.34506,1.40714,-0.373941,0.425204,-0.0901084,0.174486,-8.19542,1.36158,-0.366487,0.425934,-0.0735693,0.368509,-8.32335,1.44992,-0.444841,0.37492,-0.0809429,0.381649,-7.68399,1.13461,-0.390334,0.209093,-0.110517,0.328467,-7.3552,1.09006,-0.327648,0.121099,0.0300818,0.169158,-6.61286,0.92851,-0.275364,-0.117328,0.162317,0.199259,-6.64949,0.905442,-0.252857,-0.110103,0.1712,0.183753,-6.60443,0.890975,-0.249849,-0.096829,0.16573,0.20866,-6.62866,0.892291,-0.239546,-0.095266,0.16667
plastic_jar_with_beans_3,0.254433,-8.4288,1.43091,-0.396227,0.440584,-0.0674876,0.272832,-8.60171,1.49317,-0.403417,0.445502,-0.0527072,0.226931,-8.12663,1.31328,-0.328767,0.413265,-0.0767499,0.363002,-7.4609,1.06614,-0.376419,0.0895936,-0.0958144,0.182793,-6.745,0.827851,-0.231659,-0.0969652,-0.0267797,0.194343,-6.68887,0.802475,-0.201364,-0.0694357,-0.00314337,0.205304,-6.70592,0.79591,-0.213077,-0.0824942,-0.00461062,0.200323,-6.69375,0.793334,-0.223419,-0.0876167,-0.00755397,0.223394,-6.68947,0.79278,-0.214825,-0.084317,-0.00211548,0.211203,-6.70978,0.807963,-0.223621,-0.0842669,0.00520806
plastic_jar_with_beans_4,0.157081,-8.3929,1.36358,-0.380672,0.435895,-0.0950843,0.166698,-8.40274,1.38298,-0.375641,0.424484,-0.0824368,0.142381,-8.14235,1.32048,-0.339624,0.431559,-0.0792162,0.200594,-8.10676,1.26861,-0.344468,0.417061,-0.0932393,0.345588,-7.69065,1.11417,-0.417596,0.107442,-0.134311,0.496598,-6.87552,0.835355,-0.409613,-0.206203,-0.165615,0.532966,-6.90436,0.874555,-0.430934,-0.202856,-0.128334,0.522926,-6.85533,0.840903,-0.422471,-0.228888,-0.124356,0.535775,-6.83256,0.878311,-0.436041,-0.240548,-0.111065,0.532649,-6.86394,0.854728,-0.441591,-0.241648,-0.118194
plastic_jar_with_beans_5,0.212246,-8.38106,1.36612,-0.390577,0.429631,-0.0757094,0.193525,-8.37938,1.36985,-0.37958,0.437612,-0.0750792,0.106493,-8.14821,1.28727,-0.322963,0.456399,-0.0748695,0.167066,-8.06526,1.23361,-0.333406,0.402241,-0.0963845,0.282171,-7.66316,1.09144,-0.371715,0.178855,-0.129139,0.520858,-6.90542,0.851158,-0.435252,-0.22293,-0.152401,0.512655,-6.90924,0.863656,-0.429028,-0.197695,-0.118636,0.531064,-6.86925,0.868839,-0.428085,-0.218092,-0.109922,0.534793,-6.86392,0.868212,-0.426869,-0.234529,-0.106935,0.526691,-6.83854,0.844516,-0.427276,-0.231657,-0.103094
yellow_ketchup_bottle_full_1,0.200096,-8.40246,1.3804,-0.372962,0.43514,-0.0840497,0.220798,-8.3926,1.36949,-0.367759,0.443686,-0.0776707,0.212843,-8.38571,1.36416,-0.352357,0.447192,-0.0758919,0.198278,-8.03347,1.22684,-0.286214,0.43747,-0.0614328,0.314546,-8.4793,1.38816,-0.355469,0.449619,-0.0576998,0.39168,-8.27177,1.37574,-0.411821,0.40848,-0.0643792,0.0730506,-8.17093,1.23645,-0.220768,0.493671,-0.0185019,0.481672,-8.32893,1.4329,-0.517841,0.369562,-0.00035819,0.277268,-8.38186,1.40113,-0.370072,0.479259,-0.0233387,0.329236,-8.40469,1.4085,-0.377091,0.469415,-0.0154738
yellow_ketchup_bottle_full_2,0.117731,-8.26209,1.30142,-0.365574,0.428199,-0.0803302,0.142368,-8.23713,1.3071,-0.373642,0.429978,-0.0829566,0.166422,-8.23494,1.3363,-0.383721,0.436629,-0.0797596,0.00638635,-8.09779,1.2537,-0.324053,0.47544,-0.0792347,0.189711,-8.13331,1.25201,-0.285026,0.504605,-0.0385887,0.303669,-8.37212,1.40937,-0.438467,0.485243,-0.0395109,0.30304,-8.38602,1.41663,-0.446722,0.478517,-0.0311107,0.299918,-8.37431,1.4024,-0.428325,0.48482,-0.0314321,0.3057,-8.36565,1.38818,-0.435988,0.489818,-0.0310951,0.314675,-8.37671,1.40554,-0.428734,0.4823,-0.0301171
yellow_ketchup_bottle_full_3,0.211709,-8.40446,1.38624,-0.374698,0.447533,-0.0713471,0.231886,-8.36551,1.3772,-0.376287,0.430579,-0.0812521,0.220271,-8.40724,1.40636,-0.375642,0.448218,-0.0768733,0.218928,-8.0003,1.22237,-0.305535,0.439152,-0.0678776,0.245644,-8.37928,1.3756,-0.371692,0.44633,-0.0590465,-0.198474,-8.06555,1.22907,-0.192345,0.512914,-0.0629333,0.0875076,-7.99192,1.19292,-0.218182,0.516122,-0.0223556,0.408388,-8.27961,1.34224,-0.357117,0.477179,-0.0193979,0.398282,-8.44446,1.41762,-0.408812,0.490842,-0.0131121,0.432371,-8.42789,1.43713,-0.422474,0.493974,-0.0148898
yellow_ketchup_bottle_full_4,0.204108,-8.44048,1.43108,-0.396662,0.450669,-0.0697152,0.221801,-8.46416,1.41108,-0.395052,0.426095,-0.0763762,0.249502,-8.4381,1.41814,-0.404349,0.433575,-0.085141,0.215249,-8.53636,1.41878,-0.384481,0.451984,-0.0741443,0.275278,-8.588,1.45582,-0.394064,0.459045,-0.0820378,-0.275217,-8.01642,1.23656,-0.183241,0.519495,-0.0744617,0.424564,-8.2409,1.30834,-0.345951,0.455749,-0.0374842,0.35338,-8.37788,1.40049,-0.375224,0.483195,-0.0390616,0.30598,-8.38991,1.36829,-0.356395,0.499928,-0.0285087,0.289814,-8.38143,1.39387,-0.377605,0.491116,-0.0412877
yellow_ketchup_bottle_full_5,0.191114,-8.36591,1.3527,-0.385048,0.437808,-0.08319,0.292938,-8.23235,1.28762,-0.325141,0.481179,-0.0337868,0.317179,-8.33018,1.35176,-0.36939,0.501208,-0.0144485,0.313105,-8.31637,1.35094,-0.358022,0.494896,-0.014522,0.258979,-9.23892,1.62953,-0.489251,0.649194,-0.0571105,0.214716,-11.0182,2.22277,-1.40498,0.00395771,-0.134804,0.140517,-11.0147,2.87262,-1.75391,-0.480128,-0.108566,0.152968,-11.2063,2.94709,-1.79788,-0.485068,-0.0879241,0.158001,-11.1966,2.95225,-1.80272,-0.482789,-0.0702979,0.171711,-11.215,2.95368,-1.80318,-0.485989,-0.0722259
lime_green_purple_water_bottle_1,0.241858,-8.48888,1.41498,-0.370955,0.439934,-0.0705806,0.229526,-8.4314,1.41774,-0.375606,0.448031,-0.0695491,0.237046,-8.06357,1.29024,-0.306896,0.433051,-0.0618163,0.48179,-8.33486,1.36594,-0.387735,0.460997,-0.0457641,0.372591,-8.42198,1.41637,-0.361019,0.506814,-0.00569022,0.339067,-8.37676,1.46866,-0.399147,0.450041,0.0583854,0.353185,-8.37003,1.46158,-0.397541,0.449026,0.0502349,0.344741,-8.39123,1.46209,-0.393108,0.452436,0.0494579,0.356817,-8.36144,1.46122,-0.393369,0.455107,0.0556113,0.359272,-8.38325,1.46594,-0.389613,0.449383,0.0487968
lime_green_purple_water_bottle_2,0.212859,-8.37604,1.40877,-0.399002,0.430276,-0.0824828,0.182189,-8.36985,1.41896,-0.391396,0.425904,-0.0749151,0.19712,-8.19967,1.35659,-0.361988,0.424705,-0.0724299,0.220441,-8.28726,1.33801,-0.343579,0.465445,-0.0662619,0.402418,-8.31197,1.38554,-0.36743,0.49463,-0.0119069,0.42008,-8.32986,1.50745,-0.485515,0.35801,0.0487066,0.452701,-8.31526,1.48885,-0.472158,0.38203,0.0558428,0.413422,-8.3386,1.50024,-0.477089,0.37007,0.0472059,0.416716,-8.34516,1.4873,-0.473227,0.380462,0.0450622,0.411163,-8.34278,1.49774,-0.467718,0.384287,0.0495939
lime_green_purple_water_bottle_3,0.220692,-8.27803,1.3585,-0.3599,0.439893,-0.0755225,0.233765,-8.29034,1.35669,-0.356017,0.435461,-0.0711926,0.301083,-8.61666,1.44749,-0.403728,0.448805,-0.0544146,0.111971,-8.16102,1.27291,-0.245952,0.517487,-0.0295753,0.294619,-8.19082,1.30801,-0.347827,0.474964,0.020217,0.293396,-8.09623,1.34345,-0.371237,0.375459,0.067158,0.341349,-8.10815,1.34912,-0.389175,0.386192,0.0594858,0.344733,-8.13621,1.3552,-0.373616,0.376392,0.0572639,0.357889,-8.12217,1.35944,-0.375566,0.391491,0.0551246,0.364474,-8.13619,1.34316,-0.386031,0.397697,0.0660101
lime_green_purple_water_bottle_4,0.194883,-8.35734,1.35791,-0.382723,0.427121,-0.0763647,0.235166,-8.1561,1.31066,-0.340488,0.430207,0.00450219,0.324699,-8.01245,1.31794,-0.377873,0.329653,0.0574097,0.327391,-8.03431,1.31818,-0.38152,0.337877,0.0514703,0.32223,-8.05403,1.31538,-0.380395,0.33671,0.0534383,0.192105,-10.5242,1.9951,-0.849222,0.610608,-0.0625172,0.122581,-11.039,2.54004,-1.76533,-0.361786,-0.14308,0.127603,-11.3799,2.97233,-1.93523,-0.535774,-0.0878101,0.139443,-11.4015,2.99347,-1.94243,-0.525277,-0.0790119,0.132788,-11.3853,2.99945,-1.94368,-0.529558,-0.078055
lime_green_purple_water_bottle_5,0.225364,-8.41101,1.38272,-0.390246,0.432289,-0.0751679,0.21115,-8.38755,1.37566,-0.376999,0.432372,-0.076749,0.214013,-8.49183,1.40186,-0.388189,0.443388,-0.074209,0.127729,-8.31147,1.30864,-0.275395,0.506879,-0.0527528,0.305431,-8.45768,1.4491,-0.412237,0.519645,-0.00657526,0.354873,-8.39445,1.47165,-0.454586,0.406015,0.0424664,0.388444,-8.38747,1.44714,-0.44501,0.430553,0.0531525,0.370648,-8.36463,1.42725,-0.432794,0.435857,0.0451404,0.365575,-8.37296,1.44747,-0.444178,0.440914,0.0535126,0.374526,-8.39812,1.44539,-0.431399,0.446954,0.0439655
tones_pepper_plastic_container_1,0.237593,-8.39918,1.37991,-0.365485,0.442958,-0.0756004,0.214456,-8.41462,1.36465,-0.367934,0.441299,-0.0670579,0.213485,-8.11403,1.27,-0.318861,0.442569,-0.0653222,0.261953,-8.27632,1.29932,-0.341313,0.44629,-0.0601994,0.312977,-8.34069,1.33514,-0.366984,0.428916,-0.0614201,0.273851,-8.11162,1.29287,-0.352522,0.34959,-0.0465243,0.267382,-8.12027,1.26953,-0.349425,0.350706,-0.0473076,0.272806,-8.11288,1.26825,-0.356098,0.355911,-0.0482044,0.274131,-8.11604,1.29664,-0.347945,0.350806,-0.0434733,0.27803,-8.09365,1.278,-0.358066,0.35739,-0.0475808
tones_pepper_plastic_container_2,0.196589,-8.39782,1.39414,-0.381045,0.445097,-0.082456,0.229279,-8.15618,1.31589,-0.369252,0.415594,-0.0731965,0.234713,-7.99958,1.26256,-0.364127,0.346752,-0.0553747,0.223472,-8.0095,1.26428,-0.359947,0.343937,-0.0610915,0.21649,-8.00136,1.26419,-0.352676,0.34395,-0.062695,0.326736,-8.17652,1.32822,-0.385479,0.355923,-0.057103,0.0523911,-9.83119,1.79799,-0.782531,0.204103,-0.0930462,0.115121,-9.84399,2.50622,-1.23169,-0.322703,-0.100319,0.131105,-9.99798,2.63695,-1.25057,-0.365803,-0.0993168,0.136281,-10.0017,2.653,-1.25138,-0.361297,-0.102039
tones_pepper_plastic_container_3,0.219211,-8.40198,1.35757,-0.373395,0.44204,-0.0773611,0.232201,-8.36263,1.36439,-0.360366,0.454069,-0.0624119,0.280345,-8.52238,1.4062,-0.378647,0.470247,-0.0581708,0.25618,-8.20918,1.30959,-0.349052,0.453151,-0.0614489,0.272963,-8.25491,1.31863,-0.352057,0.431143,-0.0535355,0.252327,-8.02351,1.23362,-0.339567,0.359853,-0.0440462,0.279995,-8.03203,1.2326,-0.334553,0.373121,-0.0427471,0.244645,-8.02064,1.2415,-0.331695,0.356001,-0.0513601,0.264604,-8.01957,1.23509,-0.336395,0.364667,-0.0520901,0.27951,-8.0024,1.23302,-0.329711,0.370135,-0.0426855
tones_pepper_plastic_container_4,0.198695,-8.36422,1.3499,-0.373804,0.436953,-0.0795558,0.174312,-8.36561,1.36742,-0.36983,0.435275,-0.0782114,0.189262,-8.35061,1.33734,-0.375834,0.441949,-0.06966,0.262839,-8.20248,1.30955,-0.365219,0.431952,-0.0706649,0.226684,-8.20543,1.30393,-0.349106,0.42258,-0.0808422,0.239395,-8.04621,1.25369,-0.356424,0.360958,-0.0532304,0.184585,-8.08046,1.26023,-0.348367,0.369114,-0.056227,0.188217,-8.04709,1.24418,-0.349062,0.357105,-0.0589999,0.20357,-8.05305,1.26215,-0.347232,0.359216,-0.0514367,0.190717,-8.05684,1.25927,-0.338055,0.367556,-0.0560138
tones_pepper_plastic_container_5,0.278068,-8.4872,1.38544,-0.391238,0.435752,-0.0667637,0.239739,-8.44847,1.38444,-0.393016,0.428373,-0.0792441,0.235327,-8.4088,1.36904,-0.380261,0.426734,-0.0655487,0.231216,-8.32717,1.36079,-0.362485,0.444544,-0.0617517,0.243681,-8.34608,1.35987,-0.363979,0.438965,-0.0746322,0.216733,-8.24505,1.34549,-0.374451,0.414722,-0.0775811,0.250394,-8.14541,1.28414,-0.381321,0.342584,-0.0517615,0.267864,-8.09668,1.27588,-0.381359,0.34506,-0.0466366,0.285244,-8.10671,1.30442,-0.36765,0.356073,-0.0463533,0.271766,-8.11161,1.30762,-0.354976,0.352227,-0.0478586
small_heb_cola_can_1,0.228927,-8.49278,1.41969,-0.388354,0.439784,-0.0659324,0.25308,-8.48104,1.43972,-0.379547,0.43674,-0.0630892,0.289158,-8.41085,1.3674,-0.360163,0.442163,-0.0683116,0.27312,-8.35812,1.36642,-0.352562,0.452042,-0.0702997,0.347467,-8.02336,1.23925,-0.342477,0.28314,-0.0432281,0.365811,-7.50606,1.06324,-0.32684,0.129441,-0.0101661,0.265897,-7.38477,0.98634,-0.247581,0.138907,-0.0293811,0.246061,-7.45158,1.00599,-0.25996,0.153356,-0.0230481,0.238305,-7.45105,1.02638,-0.255445,0.15614,-0.0298288,0.239975,-7.44921,1.0177,-0.253987,0.156446,-0.0290816
small_heb_cola_can_2,0.166295,-8.37662,1.34632,-0.387203,0.439099,-0.0934901,0.142878,-8.33843,1.33964,-0.381876,0.428963,-0.0923017,0.185158,-8.27661,1.27865,-0.359836,0.451329,-0.086213,0.180875,-8.2659,1.31949,-0.355179,0.442488,-0.0804358,0.192835,-8.05034,1.23529,-0.346284,0.372543,-0.0723529,0.153963,-7.71057,1.08837,-0.290695,0.278557,-0.0550816,0.182834,-7.74685,1.09902,-0.308008,0.273005,-0.0503869,0.161613,-7.78036,1.12914,-0.305483,0.271055,-0.0530248,0.180043,-7.76788,1.12531,-0.306959,0.269532,-0.0550975,0.177064,-7.79542,1.1032,-0.302988,0.267495,-0.0517419
small_heb_cola_can_3,0.190031,-8.35306,1.36212,-0.373326,0.44922,-0.0674057,0.207773,-8.29576,1.35436,-0.367235,0.450008,-0.0783716,0.277364,-8.35854,1.38982,-0.374739,0.450815,-0.0615101,0.246755,-8.22072,1.31411,-0.341425,0.451156,-0.058546,0.258902,-7.75742,1.15323,-0.324603,0.266285,-0.0387061,0.340747,-7.31377,1.00069,-0.315564,0.0833824,-0.00440435,0.308766,-7.23361,0.935074,-0.286632,0.086543,-0.00267916,0.285177,-7.2714,0.965977,-0.287521,0.0923417,-0.0087854,0.305926,-7.31527,0.972552,-0.297764,0.0932733,-0.01262,0.32023,-7.30941,0.971853,-0.292833,0.0903478,-0.00956001
small_heb_cola_can_4,0.204885,-8.44863,1.39527,-0.382007,0.435812,-0.0829869,0.203992,-8.41232,1.38506,-0.388763,0.44389,-0.0756439,0.246938,-8.46594,1.40565,-0.380938,0.449701,-0.0661788,0.253914,-8.20409,1.30317,-0.346402,0.448629,-0.0737605,0.296793,-8.07223,1.2721,-0.371515,0.27611,-0.0510743,0.336394,-7.48734,1.0731,-0.330299,0.113617,-0.0305927,0.315399,-7.53859,1.06389,-0.324502,0.124769,-0.0297716,0.294099,-7.5271,1.05727,-0.324547,0.127236,-0.0314038,0.30395,-7.51653,1.06575,-0.332572,0.132587,-0.0207793,0.288717,-7.5399,1.08129,-0.327395,0.135137,-0.0243649
small_heb_cola_can_5,0.212518,-8.4181,1.3541,-0.381976,0.442491,-0.0743593,0.213284,-8.39366,1.33666,-0.382926,0.430285,-0.0744193,0.185927,-7.92338,1.21508,-0.307475,0.431058,-0.067146,0.253068,-8.31203,1.29213,-0.360366,0.457281,-0.0687932,0.297524,-7.94232,1.18597,-0.35909,0.298715,-0.0518824,0.309355,-7.39674,1.01008,-0.337404,0.0983284,-0.0165454,0.293852,-7.39722,0.991685,-0.317026,0.104641,-0.0133424,0.299642,-7.38321,0.989183,-0.318485,0.103425,-0.0136679,0.290775,-7.38111,1.00258,-0.317611,0.102851,-0.0195081,0.310945,-7.40379,1.01433,-0.328498,0.0996001,-0.016955
orange_plastic_ball_1,-0.416594,-2.70699,0.43586,-0.0141615,-0.0087782,-0.0669221,-0.420127,-2.66377,0.431866,-0.0110039,-0.00375639,-0.0694741,-0.560516,-1.36954,-0.0758138,0.195527,-0.0843117,-0.0597398,-0.534583,-1.19846,-0.0985489,0.184338,-0.0897193,-0.0662678,-0.494859,-1.23739,-0.043657,0.177165,-0.0729406,-0.0684566,-0.506281,-1.26103,-0.0337083,0.17304,-0.0622485,-0.0660403,-0.503841,-1.25157,-0.0355859,0.179228,-0.0632907,-0.0644694,-0.497539,-1.29355,-0.0265091,0.16869,-0.0644309,-0.0707867,-0.482579,-1.28322,-0.00978013,0.163269,-0.0606865,-0.0741275,-0.492053,-1.2745,-0.00743683,0.168889,-0.070406,-0.062638
orange_plastic_ball_2,0.168264,-8.37263,1.36768,-0.371821,0.436535,-0.0801212,0.178063,-8.41451,1.3882,-0.382839,0.426121,-0.0867495,0.26933,-8.63871,1.45028,-0.401688,0.450381,-0.0741859,0.21557,-8.2978,1.35288,-0.359968,0.456644,-0.0868736,0.189609,-8.41505,1.35837,-0.363166,0.485591,-0.0844746,0.185811,-8.42047,1.36689,-0.364977,0.48515,-0.0798962,0.199137,-8.43299,1.37457,-0.365629,0.480887,-0.0730066,0.189196,-8.43664,1.37057,-0.372331,0.481537,-0.08168,0.212964,-8.42066,1.35132,-0.3751,0.479738,-0.0791216,0.206988,-8.46406,1.37361,-0.376531,0.483329,-0.0799851
orange_plastic_ball_3,0.258535,-8.45174,1.39878,-0.380084,0.44819,-0.0687134,0.233121,-8.4478,1.4032,-0.381473,0.443508,-0.0680119,0.255577,-8.53789,1.43313,-0.368942,0.45814,-0.0550523,0.288145,-8.30835,1.34511,-0.354891,0.451329,-0.05987,0.24227,-8.3777,1.39876,-0.368765,0.488608,-0.0618188,0.251656,-8.4463,1.3943,-0.382402,0.492473,-0.0559958,0.272637,-8.43572,1.40793,-0.379257,0.484243,-0.0638969,0.249204,-8.43215,1.39902,-0.375602,0.494982,-0.0574324,0.275066,-8.46953,1.41402,-0.37783,0.493791,-0.0589844,0.268725,-8.45577,1.42816,-0.375771,0.486951,-0.0558568
orange_plastic_ball_4,0.222678,-8.3327,1.35165,-0.371881,0.434237,-0.0725578,0.174607,-8.40135,1.34719,-0.379757,0.443221,-0.0803674,0.224173,-8.15138,1.30621,-0.361125,0.444412,-0.0700099,0.160339,-8.27184,1.31317,-0.352551,0.463964,-0.0750783,0.177924,-8.39443,1.37658,-0.372251,0.487573,-0.0808577,0.212181,-8.34739,1.35419,-0.364927,0.48315,-0.0703442,0.200584,-8.34929,1.36677,-0.362999,0.483823,-0.0659631,0.22149,-8.35898,1.36191,-0.370369,0.48285,-0.0774434,0.197679,-8.35033,1.37106,-0.370653,0.471701,-0.070385,0.217054,-8.37587,1.34656,-0.37292,0.468346,-0.0629426
orange_plastic_ball_5,0.221852,-8.37971,1.35885,-0.367328,0.430374,-0.069431,0.23743,-8.32639,1.34552,-0.371069,0.431922,-0.07266,0.233651,-8.42814,1.37277,-0.372874,0.443545,-0.0658997,0.245425,-8.2958,1.31753,-0.362361,0.43883,-0.0636675,0.232658,-8.3469,1.35718,-0.357966,0.484733,-0.0791156,0.235922,-8.39758,1.37423,-0.362841,0.489526,-0.0736855,0.228212,-8.40178,1.36583,-0.359055,0.486053,-0.0660242,0.231797,-8.38545,1.35029,-0.362022,0.484771,-0.0723128,0.22977,-8.40836,1.35391,-0.367575,0.487475,-0.0689865,0.240158,-8.39818,1.34047,-0.369979,0.479684,-0.0672965
white_styrofoam_square_block_1,0.305754,-8.47357,1.41464,-0.374876,0.438201,-0.0619503,0.260651,-8.50101,1.42964,-0.382636,0.434635,-0.0549856,0.242385,-8.1557,1.32532,-0.340075,0.421269,-0.0541834,0.30548,-8.31347,1.36602,-0.34823,0.449779,-0.0658127,0.323759,-8.33771,1.38915,-0.371267,0.423876,-0.0522176,0.367251,-8.21653,1.32872,-0.367755,0.376025,-0.0480507,0.321619,-8.26335,1.34627,-0.355145,0.393073,-0.0502456,0.317392,-8.20932,1.3416,-0.346477,0.38945,-0.0492441,0.317572,-8.17644,1.34513,-0.345773,0.398133,-0.0507824,0.310113,-8.18289,1.33972,-0.349566,0.397064,-0.05333
white_styrofoam_square_block_2,0.205057,-8.4212,1.39834,-0.381764,0.444009,-0.0724047,0.105181,-7.90159,1.19334,-0.293538,0.358671,-0.0601357,0.101152,-7.52546,1.03403,-0.207698,0.282832,-0.0470685,0.110671,-7.53184,1.0207,-0.214424,0.283504,-0.0484154,0.0879292,-7.53765,1.03766,-0.217226,0.28391,-0.0483532,0.131523,-8.15092,1.21463,-0.326028,0.354815,-0.051817,0.163936,-9.84609,1.95733,-0.959877,-0.0237699,-0.101263,0.149253,-9.74213,2.57529,-1.1556,-0.333596,-0.100083,0.144427,-9.89009,2.62022,-1.17629,-0.342773,-0.0971699,0.145442,-9.89301,2.62435,-1.18187,-0.353126,-0.0962526
white_styrofoam_square_block_3,0.230606,-8.29989,1.31395,-0.365541,0.451591,-0.0604178,0.213841,-8.3299,1.34714,-0.35449,0.446857,-0.0631453,0.232011,-8.14657,1.2792,-0.320861,0.454452,-0.0586839,0.225187,-8.29106,1.31157,-0.349098,0.459222,-0.05962,0.173079,-7.98806,1.21184,-0.284692,0.405836,-0.0597586,0.00945366,-7.4865,1.00171,-0.155766,0.287952,-0.0301596,0.117082,-7.57503,1.02476,-0.200639,0.301588,-0.0287767,0.102571,-7.59525,1.01066,-0.186676,0.297447,-0.0365372,0.0880669,-7.60538,1.04732,-0.200085,0.300105,-0.0339573,0.0761761,-7.61885,1.02367,-0.197921,0.296496,-0.0318724
white_styrofoam_square_block_4,0.228992,-8.50206,1.38671,-0.395004,0.42935,-0.0741469,0.242495,-8.47498,1.42362,-0.391252,0.429095,-0.0693697,0.229225,-8.54155,1.43942,-0.389286,0.434884,-0.0726383,0.262561,-8.59218,1.44686,-0.40053,0.447174,-0.0679932,0.234571,-8.41955,1.36653,-0.372717,0.451446,-0.0629601,0.267509,-8.27299,1.31099,-0.371499,0.394268,-0.0706827,0.383455,-8.01003,1.25346,-0.397062,0.251466,-0.0260526,0.338265,-8.04529,1.25622,-0.374978,0.303086,-0.0387851,0.323566,-8.02045,1.25664,-0.356099,0.300155,-0.0260848,0.308083,-8.03326,1.25573,-0.367202,0.315457,-0.0353157
white_styrofoam_square_block_5,0.252083,-8.49341,1.4053,-0.385668,0.436047,-0.0741166,0.220744,-8.54055,1.44563,-0.404178,0.435269,-0.0776336,0.267714,-8.65264,1.47237,-0.421802,0.454843,-0.0714013,0.2841,-8.36191,1.34095,-0.377306,0.43886,-0.0670735,0.23557,-8.30214,1.36754,-0.358146,0.443212,-0.0709872,0.329311,-8.08789,1.2951,-0.376282,0.347769,-0.0494366,0.447723,-7.86478,1.22825,-0.402112,0.239724,-0.0196575,0.36361,-7.90772,1.23067,-0.377288,0.269406,-0.0324276,0.366563,-7.91118,1.25095,-0.370102,0.278281,-0.0215071,0.360667,-7.92027,1.23537,-0.370316,0.26364,-0.0320555
yogurt_container_with_beans_1,0.305081,-8.44995,1.40885,-0.386138,0.435804,-0.0579519,0.535712,-8.46568,1.57084,-0.522434,0.366879,0.106088,0.697808,-8.34849,1.57979,-0.585767,0.263923,0.181414,0.695525,-8.34938,1.57027,-0.580637,0.267846,0.182517,0.687299,-8.35083,1.56107,-0.57517,0.274775,0.181009,0.418423,-10.0772,1.94699,-0.752972,0.607574,0.0247099,0.245679,-11.2018,2.51226,-1.74678,-0.241699,-0.0784725,0.218347,-11.3482,2.95295,-1.95605,-0.531081,-0.0845277,0.218002,-11.367,2.94613,-1.96565,-0.529516,-0.072547,0.210044,-11.3433,2.95383,-1.96109,-0.528352,-0.0731645
yogurt_container_with_beans_2,0.0735206,-8.66666,1.52797,-0.424827,0.450665,-0.0901437,0.0892567,-8.6781,1.51584,-0.422483,0.440843,-0.0703471,0.14374,-8.39823,1.42172,-0.3968,0.43834,-0.0769274,0.428315,-8.45933,1.3901,-0.348673,0.514852,-0.0355303,0.305968,-8.48366,1.53184,-0.473615,0.399018,0.0843058,0.593936,-8.23259,1.5484,-0.578581,0.222612,0.182971,0.567809,-8.15148,1.44222,-0.484299,0.279986,0.176313,0.590561,-8.13444,1.44616,-0.478558,0.28624,0.163313,0.576419,-8.1413,1.45393,-0.488429,0.284917,0.158777,0.559864,-8.13497,1.43656,-0.486038,0.278979,0.162486
yogurt_container_with_beans_3,0.229765,-8.37413,1.35932,-0.372228,0.44809,-0.0646883,0.218931,-8.37583,1.36847,-0.370155,0.454587,-0.0645368,-0.127281,-8.27988,1.28529,-0.189748,0.516014,-0.0582645,0.169129,-8.05379,1.17618,-0.193933,0.534697,-0.0367118,0.307239,-8.39007,1.51579,-0.464375,0.395001,0.125645,0.522987,-7.94721,1.40278,-0.508983,0.185216,0.225973,0.518463,-7.77162,1.29506,-0.41794,0.201223,0.214824,0.520017,-7.78439,1.29966,-0.402495,0.20995,0.209527,0.508522,-7.80314,1.31588,-0.406055,0.214016,0.209709,0.517133,-7.79056,1.27785,-0.407681,0.21884,0.212819
yogurt_container_with_beans_4,-0.0496241,-8.36351,1.33193,-0.281043,0.492551,-0.0796333,-0.0697879,-8.3937,1.32011,-0.284392,0.497584,-0.0693579,-0.383819,-8.05338,1.16238,-0.114952,0.511682,-0.0714221,0.218005,-8.10334,1.17837,-0.231678,0.516029,-0.0531499,0.234175,-8.40141,1.54159,-0.487129,0.34966,0.110598,0.563791,-8.09694,1.58083,-0.66535,0.1072,0.21226,0.592554,-8.08729,1.52299,-0.623675,0.14685,0.210246,0.57009,-8.11377,1.53896,-0.611442,0.154692,0.204665,0.588309,-8.11992,1.52699,-0.623758,0.14616,0.206015,0.588899,-8.1066,1.53036,-0.608064,0.159243,0.201397
yogurt_container_with_beans_5,0.046291,-8.57593,1.45736,-0.392168,0.464904,-0.067504,0.0767977,-8.57334,1.44347,-0.379566,0.450582,-0.0754271,-0.0941326,-8.60876,1.43272,-0.29581,0.531952,-0.0582047,0.211535,-8.32863,1.29152,-0.271311,0.56111,-0.026081,0.154263,-8.38629,1.41724,-0.346743,0.474097,0.0787611,0.544365,-8.13567,1.47097,-0.53242,0.249837,0.187544,0.54027,-8.09514,1.42472,-0.469718,0.296703,0.182732,0.534068,-8.04978,1.39928,-0.440941,0.304229,0.187546,0.531333,-8.06708,1.40011,-0.442239,0.311326,0.172374,0.516954,-8.06419,1.40173,-0.440583,0.299951,0.181087
red_water_bottle_1,0.286223,-8.53161,1.41292,-0.372336,0.451339,-0.0624927,0.371262,-8.3347,1.34705,-0.316533,0.490996,-0.0147444,0.408182,-8.35373,1.36883,-0.325399,0.505124,0.0114825,0.411553,-8.35058,1.37012,-0.325887,0.501464,0.0115059,0.286583,-9.87565,1.84185,-0.525002,0.749457,-0.0419554,0.296081,-12.0341,2.38232,-1.75748,0.00511294,-0.186278,0.207322,-11.7944,3.0093,-2.20843,-0.613047,-0.136258,0.217312,-12.074,3.15013,-2.26046,-0.590446,-0.0513188,0.21576,-12.0589,3.1661,-2.26621,-0.594948,-0.0542462,0.231487,-12.0533,3.14602,-2.27338,-0.598793,-0.0584307
red_water_bottle_2,0.218,-8.34217,1.38321,-0.377186,0.432373,-0.0751097,0.295848,-8.42974,1.38387,-0.356728,0.511216,-0.0327485,0.334907,-8.53517,1.44462,-0.371072,0.54056,-0.0120286,0.326438,-8.51163,1.42603,-0.371497,0.527652,-0.00568572,0.260485,-9.82742,1.83792,-0.559784,0.785298,-0.049064,0.202049,-11.9979,2.42664,-1.77672,0.0561771,-0.17733,0.139222,-11.7638,2.99484,-2.22144,-0.62166,-0.150586,0.142423,-12.0155,3.12329,-2.27909,-0.610849,-0.0754375,0.145479,-12.033,3.12993,-2.28202,-0.61079,-0.093817,0.158502,-12.0321,3.12257,-2.28001,-0.611631,-0.0869827
red_water_bottle_3,0.258824,-8.32153,1.37076,-0.369349,0.444902,-0.0757019,0.212586,-8.41713,1.37614,-0.364212,0.44684,-0.0627821,0.246573,-8.39769,1.36752,-0.368462,0.439263,-0.0628616,0.235586,-8.11401,1.2632,-0.324206,0.448964,-0.0582389,0.197597,-8.22659,1.288,-0.336581,0.451922,-0.067404,-0.180258,-8.10395,1.18269,-0.100908,0.557273,-0.0374051,0.253716,-8.11467,1.20843,-0.228592,0.536936,0.0113011,0.491108,-8.43313,1.35247,-0.391045,0.493052,-0.0109479,0.439336,-8.48703,1.41968,-0.394415,0.494053,0.00214222,0.437659,-8.48719,1.39814,-0.382505,0.516549,0.00542151
red_water_bottle_4,0.223507,-8.47942,1.38443,-0.382966,0.440253,-0.0786443,0.200608,-8.23215,1.319,-0.307063,0.497758,-0.02666,0.43887,-8.54535,1.49524,-0.472982,0.461549,-0.00576267,0.428808,-8.53099,1.46994,-0.462501,0.45751,-0.00317147,0.241853,-10.1164,1.91464,-0.669404,0.753125,-0.0610581,0.183427,-11.9283,2.3443,-1.81005,-0.111311,-0.218275,0.140615,-11.8841,3.02533,-2.21027,-0.638113,-0.175796,0.161055,-12.1359,3.1756,-2.27454,-0.592432,-0.045518,0.15906,-12.1203,3.17679,-2.27258,-0.592023,-0.0478681,0.158754,-12.122,3.17458,-2.27803,-0.593731,-0.0516636
red_water_bottle_5,0.225803,-8.47598,1.4199,-0.385736,0.446989,-0.073227,0.252331,-8.51859,1.44429,-0.401166,0.428242,-0.0695258,0.261143,-8.4752,1.39056,-0.393166,0.442924,-0.068751,0.365298,-8.98518,1.58716,-0.440758,0.470025,-0.0621726,0.296571,-8.20408,1.29049,-0.333159,0.439465,-0.0701724,-0.123935,-8.11864,1.19732,-0.119342,0.561357,-0.0482198,0.401828,-8.28794,1.31885,-0.288717,0.523858,0.00306047,0.5096,-8.42339,1.39676,-0.365659,0.510863,-0.0148494,0.392093,-8.52506,1.42175,-0.38703,0.512659,0.00933525,0.395538,-8.49306,1.43443,-0.382344,0.517965,0.0069541
butter_container_with_coffee_1,0.195686,-8.52803,1.41781,-0.372219,0.447335,-0.0658239,0.226611,-8.50185,1.4382,-0.374628,0.452294,-0.0653385,0.169198,-8.45214,1.40702,-0.3207,0.485197,-0.0415482,0.340031,-8.36401,1.35474,-0.345271,0.479479,-0.0262269,0.361422,-8.30447,1.43051,-0.445069,0.338833,0.0587394,0.470393,-7.76557,1.19361,-0.397882,0.14824,0.0867217,0.463773,-7.73564,1.15078,-0.358954,0.152119,0.0835999,0.451926,-7.7139,1.14839,-0.358993,0.151641,0.0859936,0.441137,-7.74319,1.15796,-0.364127,0.1392,0.0923569,0.445225,-7.75614,1.16187,-0.363925,0.14548,0.0886938
butter_container_with_coffee_2,0.100502,-8.42365,1.40921,-0.33106,0.460679,-0.0660102,0.0797981,-8.41942,1.4315,-0.343282,0.458427,-0.0684683,0.0709305,-8.03339,1.31286,-0.253478,0.455041,-0.0591663,0.304345,-8.30369,1.36205,-0.316131,0.485568,-0.0379138,0.343293,-8.14183,1.39184,-0.43627,0.290461,0.0625507,0.451855,-7.53024,1.17043,-0.423711,0.0466307,0.109247,0.454669,-7.43096,1.09759,-0.377126,0.0363019,0.115581,0.466102,-7.45308,1.10349,-0.39054,0.0383607,0.0976566,0.456656,-7.43556,1.10649,-0.388229,0.0315551,0.100869,0.445701,-7.46012,1.11671,-0.384851,0.0352684,0.106388
butter_container_with_coffee_3,0.106802,-8.40473,1.3418,-0.326366,0.472154,-0.0631352,0.121657,-8.40198,1.35011,-0.320755,0.46728,-0.0551824,0.0347014,-8.43902,1.36011,-0.282596,0.503314,-0.046938,0.257077,-8.3658,1.32249,-0.308259,0.526063,-0.0147558,0.327108,-8.10702,1.35541,-0.424282,0.26219,0.0920542,0.509893,-7.46549,1.1567,-0.425789,0.0224222,0.166232,0.541398,-7.3648,1.06328,-0.376762,0.0292159,0.149218,0.52457,-7.39374,1.07392,-0.374357,0.0443329,0.15756,0.516166,-7.41208,1.10003,-0.384859,0.0439424,0.159788,0.51715,-7.43323,1.09577,-0.385017,0.0431432,0.166271
butter_container_with_coffee_4,0.096007,-8.40632,1.36801,-0.350972,0.465722,-0.0797227,0.0872999,-8.41639,1.35558,-0.34467,0.449447,-0.0718753,-0.00976057,-8.25301,1.29187,-0.286087,0.468649,-0.0535262,0.308801,-8.29786,1.29543,-0.332185,0.484141,-0.026857,0.2653,-8.19469,1.37982,-0.443007,0.309628,0.0727769,0.540015,-7.88409,1.25084,-0.489165,0.132458,0.0958596,0.494052,-7.8191,1.19129,-0.404723,0.190816,0.082636,0.491416,-7.83112,1.20318,-0.410176,0.180256,0.0893066,0.471472,-7.83051,1.21705,-0.415415,0.188129,0.0936789,0.449508,-7.83655,1.19188,-0.402408,0.184139,0.0939226
butter_container_with_coffee_5,0.261468,-8.3998,1.35288,-0.381971,0.433495,-0.068353,0.229378,-8.45763,1.38242,-0.378417,0.436133,-0.0703153,0.0637867,-8.37576,1.34834,-0.315242,0.489652,-0.0479602,0.258232,-8.47566,1.3547,-0.349105,0.545741,-0.0327374,0.295359,-8.15003,1.35923,-0.430293,0.295389,0.0757873,0.573266,-7.70345,1.2204,-0.460379,0.102892,0.127435,0.487762,-7.67233,1.15726,-0.393419,0.135541,0.120003,0.477909,-7.67905,1.15265,-0.386442,0.143737,0.11133,0.475707,-7.67391,1.15654,-0.385543,0.146451,0.126412,0.49963,-7.70488,1.15687,-0.381701,0.146499,0.113382
